university,name,category,address,phone,lat,lng,distance,walk_distance,walk_time,menu,price,manual
정문(복지관),하이레,"음식점 > 일식 > 돈까스,우동",서울 노원구 광운로12길 6,,37.62096077851908,127.05941713733176,203,304.5,4,돈까스|초밥|우동|라멘,9000|12000|7000|9000,False
정문(복지관),화로상회 광운대점,음식점 > 뷔페 > 고기뷔페,서울 노원구 광운로 37,02-941-2292,37.62077461782266,127.05873055905124,160,240.0,3,대표메뉴|세트메뉴,8000|10000,False
정문(복지관),마떡다이천 광운대본점,음식점 > 분식 > 떡볶이,서울 노원구 석계로 106,02-976-4841,37.6231064273819,127.060407743094,455,682.5,10,김밥|라면|떡볶이|튀김,3500|4000|5000|6000,False
정문(복지관),일심해장국 월계점,음식점 > 한식 > 해장국,서울 노원구 석계로15길 25,02-909-1640,37.621977651357454,127.06183634914686,427,640.5,9,비빔밥|제육볶음|된장찌개|불고기,8000|9000|7000|12000,False
정문(복지관),더원,음식점 > 중식,서울 노원구 광운로 61,02-909-5477,37.6230814538525,127.05990930937736,436,654.0,9,짜장면|짬뽕|탕수육|볶음밥,7000|8000|18000|8000,False
정문(복지관),윤스쿡,"음식점 > 일식 > 돈까스,우동",서울 노원구 광운로 29,,37.6203107561798,127.058434555295,104,156.0,2,돈까스|초밥|우동|라멘,9000|12000|7000|9000,False
정문(복지관),진미통닭,음식점 > 치킨,서울 노원구 광운로 45,02-918-3492,37.6214654962473,127.059089046317,243,364.5,5,대표메뉴|세트메뉴,8000|10000,False
정문(복지관),수해복마라탕 광운대점,음식점 > 중식 > 중국요리,서울 노원구 광운로 39,02-917-3303,37.6210745477174,127.058929022312,197,295.5,4,짜장면|짬뽕|탕수육|볶음밥,7000|8000|18000|8000,False
정문(복지관),도미노피자 월계점,음식점 > 양식 > 피자 > 도미노피자,서울 노원구 광운로 52,02-915-3082,37.6219391607872,127.059595756284,307,460.5,7,파스타|피자|스테이크,12000|15000|25000,False
정문(복지관),디델리 광운대점,음식점 > 분식,서울 노원구 광운로 31,02-3292-1194,37.6204440641234,127.058511684455,120,180.0,3,김밥|라면|떡볶이|튀김,3500|4000|5000|6000,False
정문(복지관),이층집,"음식점 > 한식 > 찌개,전골",서울 노원구 광운로 17-5,02-941-3588,37.6193669821635,127.057495939695,67,100.5,1,비빔밥|제육볶음|된장찌개|불고기,8000|9000|7000|12000,False
정문(복지관),삼대냉면,음식점 > 한식 > 냉면,서울 노원구 석계로9길 33,,37.61666051655156,127.0626066854087,488,732.0,10,비빔밥|제육볶음|된장찌개|불고기,8000|9000|7000|12000,False
정문(복지관),마포연탄불고기,"음식점 > 한식 > 육류,고기 > 불고기,두루치기",서울 노원구 석계로18길 4,02-915-2826,37.623230699702965,127.0605324472798,472,708.0,10,비빔밥|제육볶음|된장찌개|불고기,8000|9000|7000|12000,False
정문(복지관),김밥천국,음식점 > 분식,서울 노원구 광운로 33,02-942-7804,37.620528733322885,127.05855932501956,130,195.0,3,김밥|라면|떡볶이|튀김,3500|4000|5000|6000,False
정문(복지관),팔팔전어횟집,"음식점 > 한식 > 해물,생선 > 회",서울 노원구 광운로 25,02-914-8876,37.6200477642131,127.058239523003,74,111.0,2,광어회|우럭회|모둠회|참돔회|연어회|대방어회|매운탕|회덮밥|물회|해물라면,35000|40000|60000|70000|38000|80000|10000|12000|15000|8000,False
정문(복지관),꽃제비칼국수,음식점 > 한식 > 국수 > 칼국수,서울 노원구 광운로12길 13,02-911-8371,37.6213083069597,127.05991694832,259,388.5,6,비빔밥|제육볶음|된장찌개|불고기,8000|9000|7000|12000,False
정문(복지관),미식성,음식점 > 중식 > 중국요리,서울 노원구 광운로 9,02-915-6020,37.6187111624562,127.057291550168,113,169.5,2,짜장면|짬뽕|탕수육|볶음밥,7000|8000|18000|8000,False
정문(복지관),여우곱창,"음식점 > 한식 > 육류,고기 > 곱창,막창",서울 노원구 광운로 68,02-919-3339,37.6233155258228,127.060271980912,471,706.5,10,비빔밥|제육볶음|된장찌개|불고기,8000|9000|7000|12000,False
정문(복지관),영축산정육식당,"음식점 > 한식 > 육류,고기",서울 노원구 광운로 52,02-915-6221,37.6217895178956,127.059751954723,298,447.0,6,비빔밥|제육볶음|된장찌개|불고기,8000|9000|7000|12000,False
정문(복지관),푸른스시,"음식점 > 일식 > 초밥,롤",서울 노원구 광운로 33,0503-7150-4889,37.620592674732514,127.05861714390358,138,207.0,3,돈까스|초밥|우동|라멘,9000|12000|7000|9000,False
정문(복지관),맛불,음식점 > 한식,서울 노원구 광운로 39,010-3489-3056,37.6210709511218,127.058914294016,196,294.0,4,비빔밥|제육볶음|된장찌개|불고기,8000|9000|7000|12000,False
정문(복지관),브레댄코 광운대점,"음식점 > 간식 > 제과,베이커리 > 브레댄코",서울 노원구 광운로 20,02-941-6108,37.61945936520447,127.05834893621858,11,16.5,0,대표메뉴|세트메뉴,8000|10000,False
정문(복지관),와플대학 광운대캠퍼스,"음식점 > 간식 > 제과,베이커리 > 와플대학",서울 노원구 광운로 64,02-941-3890,37.62283985104657,127.06018097652368,419,628.5,9,대표메뉴|세트메뉴,8000|10000,False
정문(복지관),한라산감자탕,음식점 > 한식 > 감자탕,서울 노원구 석계로15길 17,010-6482-8321,37.6223654328671,127.061151358349,418,627.0,9,비빔밥|제육볶음|된장찌개|불고기,8000|9000|7000|12000,False
정문(복지관),동대문엽기떡볶이 월계점,음식점 > 분식 > 떡볶이 > 동대문엽기떡볶이,서울 노원구 광운로 39,02-911-8591,37.6210601206078,127.05895166547,196,294.0,4,김밥|라면|떡볶이|튀김,3500|4000|5000|6000,False
정문(복지관),양드림,"음식점 > 한식 > 육류,고기",서울 노원구 광운로2길 27,02-943-3408,37.617420329985926,127.05855009108576,218,327.0,5,비빔밥|제육볶음|된장찌개|불고기,8000|9000|7000|12000,False
정문(복지관),중화호반닭갈비 광운대점,"음식점 > 한식 > 육류,고기 > 닭요리",서울 노원구 광운로 53,02-942-0799,37.6224564534593,127.059345831815,355,532.5,8,비빔밥|제육볶음|된장찌개|불고기,8000|9000|7000|12000,False
정문(복지관),청년다방 광운대점,음식점 > 분식 > 떡볶이 > 청년다방,서울 노원구 광운로 44,02-6085-9124,37.62135716432966,127.05951373500557,246,369.0,5,김밥|라면|떡볶이|튀김,3500|4000|5000|6000,False
정문(복지관),신연마라탕,음식점 > 중식,서울 노원구 광운로 35,02-909-2838,37.6206962708118,127.058652339616,150,225.0,3,짜장면|짬뽕|탕수육|볶음밥,7000|8000|18000|8000,False
정문(복지관),써브웨이 광운대역점,음식점 > 패스트푸드 > 샌드위치 > 써브웨이,서울 노원구 광운로 57,02-942-7779,37.62266353825251,127.05962805159405,384,576.0,8,대표메뉴|세트메뉴,8000|10000,False
정문(복지관),카츠백 월계점,"음식점 > 일식 > 돈까스,우동 > 카츠백",서울 노원구 광운로 44,02-6953-2204,37.621340953417,127.059500129304,243,364.5,5,돈까스|초밥|우동|라멘,9000|12000|7000|9000,False
정문(복지관),목포홍탁,"음식점 > 한식 > 해물,생선",서울 노원구 광운로1길 10,02-914-3703,37.61867438098913,127.05696304151888,138,207.0,3,비빔밥|제육볶음|된장찌개|불고기,8000|9000|7000|12000,False
정문(복지관),이삭토스트 광운대점,음식점 > 간식 > 토스트 > 이삭토스트,서울 노원구 광운로 37-1,02-943-0799,37.620878192415546,127.0588087985225,173,259.5,4,대표메뉴|세트메뉴,8000|10000,False
정문(복지관),후문식당,음식점 > 분식,서울 노원구 석계로13길 25-1,02-916-8745,37.62016962097997,127.06135458099394,287,430.5,6,김밥|라면|떡볶이|튀김,3500|4000|5000|6000,False
정문(복지관),스시덤,"음식점 > 일식 > 초밥,롤",서울 노원구 광운로2길 6,02-2088-8070,37.6180921113138,127.057440589225,160,240.0,3,돈까스|초밥|우동|라멘,9000|12000|7000|9000,False
정문(복지관),맛닭꼬 광운대점,음식점 > 치킨 > 맛닭꼬,서울 노원구 광운로 61,02-942-3492,37.62309584950046,127.05994896746644,438,657.0,9,대표메뉴|세트메뉴,8000|10000,False
정문(복지관),밥은화 광운대본점,음식점 > 한식,서울 노원구 광운로12길 11,02-3292-7979,37.6212795351311,127.059799121243,250,375.0,5,비빔밥|제육볶음|된장찌개|불고기,8000|9000|7000|12000,False
정문(복지관),장수국수 광운대점,음식점 > 한식 > 국수,서울 노원구 광운로 27,070-8111-2595,37.6202243174404,127.058321216179,94,141.0,2,비빔밥|제육볶음|된장찌개|불고기,8000|9000|7000|12000,False
정문(복지관),또와집순대국,음식점 > 한식 > 순대,서울 노원구 광운로19길 13,02-943-2207,37.62326079906855,127.05981316864523,452,678.0,10,비빔밥|제육볶음|된장찌개|불고기,8000|9000|7000|12000,False
정문(복지관),경대컵밥 광운대점,음식점 > 도시락,서울 노원구 광운로 17-13,02-941-1047,37.619597802211,127.057151775086,100,150.0,2,대표메뉴|세트메뉴,8000|10000,False
정문(복지관),미미식당 월계점,"음식점 > 한식 > 육류,고기",서울 노원구 석계로18길 5,,37.6232722135876,127.06039881516,471,706.5,10,비빔밥|제육볶음|된장찌개|불고기,8000|9000|7000|12000,False
정문(복지관),국수천왕 광운대점,음식점 > 한식,서울 노원구 광운로 46,02-909-1236,37.621806873755745,127.0610489543484,365,547.5,8,비빔밥|제육볶음|된장찌개|불고기,8000|9000|7000|12000,False
정문(복지관),빈대떡신사,"음식점 > 술집 > 호프,요리주점",서울 노원구 광운로 70,02-774-9595,37.6234669008526,127.060253978908,486,729.0,10,대표메뉴|세트메뉴,8000|10000,False
정문(복지관),사계절김밥,음식점 > 분식,서울 노원구 광운로 72,02-941-7789,37.6235588107524,127.060235928848,495,742.5,11,김밥|라면|떡볶이|튀김,3500|4000|5000|6000,False
정문(복지관),맘스터치 광운대점,음식점 > 패스트푸드 > 맘스터치,서울 노원구 광운로 33,02-941-7674,37.6205710814027,127.058555960075,134,201.0,3,대표메뉴|세트메뉴,8000|10000,False
정문(복지관),1일1잔,음식점 > 카페 > 테마카페 > 디저트카페,서울 노원구 광운로2길 6,,37.6180767967353,127.057436046716,161,241.5,3,아메리카노|카페라떼|케이크,4000|5000|6000,False
정문(복지관),월계청춘카페,음식점 > 카페,서울 노원구 광운로 44,070-4174-7755,37.6213607728479,127.059504676027,246,369.0,5,아메리카노|카페라떼|케이크,4000|5000|6000,False
정문(복지관),컴포즈커피 광운대80주년기념관점,음식점 > 카페 > 커피전문점 > 컴포즈커피,서울 노원구 광운로 20,02-909-1617,37.62030155947812,127.0588106097436,113,169.5,2,아메리카노|카페라떼|케이크,4000|5000|6000,False
정문(복지관),빠말,음식점 > 카페 > 테마카페 > 디저트카페,서울 노원구 광운로 7,070-7677-8341,37.6185733102653,127.057293709771,123,184.5,3,아메리카노|카페라떼|케이크,4000|5000|6000,False
정문(복지관),스타벅스 광운대점,음식점 > 카페 > 커피전문점 > 스타벅스,서울 노원구 석계로 104,1522-3232,37.6231891063632,127.060820134493,479,718.5,10,아메리카노|카페라떼|케이크,4000|5000|6000,False
정문(복지관),카페니니,음식점 > 카페,서울 노원구 광운로 59,02-2138-1884,37.6227500329914,127.05962812068,393,589.5,8,아메리카노|카페라떼|케이크,4000|5000|6000,False
정문(복지관),설빙 광운대점,음식점 > 카페 > 테마카페 > 디저트카페 > 설빙,서울 노원구 광운로 25,02-6953-9749,37.6200694057919,127.058203293092,76,114.0,2,아메리카노|카페라떼|케이크,4000|5000|6000,False
정문(복지관),메가MGC커피 광운대점,음식점 > 카페 > 커피전문점 > 메가MGC커피,서울 노원구 광운로 35,02-942-1005,37.62068904770362,127.05868291742624,150,225.0,3,아메리카노|카페라떼|케이크,4000|5000|6000,False
정문(복지관),광운커피,음식점 > 카페,서울 노원구 광운로 25,010-4190-3569,37.6200685020056,127.058208955948,76,114.0,2,아메리카노|카페라떼|케이크,4000|5000|6000,False
정문(복지관),카페베르데,음식점 > 카페,서울 노원구 광운로 17-3,,37.6192876400272,127.057609148638,58,87.0,1,아메리카노|카페라떼|케이크,4000|5000|6000,False
정문(복지관),공차 광운대점,음식점 > 카페 > 공차,서울 노원구 광운로 20,02-943-8523,37.62001145287181,127.05878772699673,84,126.0,2,아메리카노|카페라떼|케이크,4000|5000|6000,False
정문(복지관),매머드익스프레스 광운대정문점,음식점 > 카페 > 커피전문점 > 매머드익스프레스,서울 노원구 광운로 27,,37.6202171095369,127.058321210548,93,139.5,2,아메리카노|카페라떼|케이크,4000|5000|6000,False
정문(복지관),요거프레소 광운대점,음식점 > 카페 > 테마카페 > 디저트카페 > 요거프레소,서울 노원구 광운로 17-9,,37.6194139216729,127.057314743468,83,124.5,2,아메리카노|카페라떼|케이크,4000|5000|6000,False
정문(복지관),빽다방 광운대점,음식점 > 카페 > 커피전문점 > 빽다방,서울 노원구 광운로 43,070-7752-5322,37.62131326117863,127.05902549288253,225,337.5,5,아메리카노|카페라떼|케이크,4000|5000|6000,False
정문(복지관),우우즈,음식점 > 카페,서울 노원구 광운로12길 32,,37.6212465148617,127.060942019495,314,471.0,7,아메리카노|카페라떼|케이크,4000|5000|6000,False
정문(복지관),메가MGC커피 광운대역점,음식점 > 카페 > 커피전문점 > 메가MGC커피,서울 노원구 석계로 103,02-942-9917,37.6229242932203,127.06067039501,447,670.5,10,아메리카노|카페라떼|케이크,4000|5000|6000,False
정문(복지관),요거트아이스크림의정석 광운대점,음식점 > 카페 > 테마카페 > 디저트카페 > 요거트아이스크림의정석,서울 노원구 광운로 60,010-5949-2407,37.62265074300844,127.05998599082864,394,591.0,8,아메리카노|카페라떼|케이크,4000|5000|6000,False
정문(복지관),서울수플레,음식점 > 카페,서울 노원구 광운로17길 13,0504-823-0663,37.6224215775715,127.058821341782,341,511.5,7,아메리카노|카페라떼|케이크,4000|5000|6000,False
정문(복지관),카페빈둥,음식점 > 카페 > 커피전문점,서울 노원구 석계로15길 17,,37.6223816535661,127.061145707899,419,628.5,9,아메리카노|카페라떼|케이크,4000|5000|6000,False
정문(복지관),메타킹커피 광운대점,음식점 > 카페,서울 노원구 광운로12길 5,,37.6212247477794,127.059456992958,230,345.0,5,아메리카노|카페라떼|케이크,4000|5000|6000,False
정문(복지관),이디야커피 광운대점,음식점 > 카페 > 커피전문점 > 이디야커피,서울 노원구 광운로 29,02-942-0937,37.6203251764627,127.058425504853,106,159.0,2,아메리카노|카페라떼|케이크,4000|5000|6000,False
정문(복지관),오쎄,음식점 > 카페,서울 노원구 광운로 62,02-918-5508,37.6227245870602,127.060058546328,403,604.5,9,아메리카노|카페라떼|케이크,4000|5000|6000,False
정문(복지관),매머드익스프레스 광운대후문점,음식점 > 카페 > 커피전문점 > 매머드익스프레스,서울 노원구 석계로13길 23,,37.6202136590307,127.061566434787,306,459.0,7,아메리카노|카페라떼|케이크,4000|5000|6000,False
정문(복지관),성북시니어 클럽 장위지점,음식점 > 카페 > 커피전문점,서울 성북구 한천로 708,,37.6200887443682,127.053513878053,426,639.0,9,아메리카노|카페라떼|케이크,4000|5000|6000,False
정문(복지관),모모,음식점 > 카페,서울 노원구 석계로9길 33,070-7612-1132,37.61669744983151,127.06262030830824,486,729.0,10,아메리카노|카페라떼|케이크,4000|5000|6000,False
정문(복지관),CORD Jr.,음식점 > 카페 > 커피전문점,서울 노원구 석계로13길 40,,37.6209499341225,127.061243082418,315,472.5,7,아메리카노|카페라떼|케이크,4000|5000|6000,False
정문(복지관),데이롱카페 광운대점,음식점 > 카페 > 테마카페 > 무인카페 > 데이롱카페,서울 노원구 광운로12길 38,,37.621302220658,127.061242238675,339,508.5,7,아메리카노|카페라떼|케이크,4000|5000|6000,False
정문(복지관),카페프리헷 월계현대점,음식점 > 카페 > 테마카페 > 무인카페 > 카페프리헷,서울 노원구 석계로 49,0507-1418-4353,37.6170128081547,127.062596786796,463,694.5,10,아메리카노|카페라떼|케이크,4000|5000|6000,False
정문(복지관),롯오브젝트,음식점 > 카페,서울 노원구 광운로3길 7,,37.619014830962605,127.05721815792296,100,150.0,2,아메리카노|카페라떼|케이크,4000|5000|6000,False
정문(복지관),커피정원,음식점 > 카페,서울 성북구 한천로 708,,37.6200888054192,127.053379085298,438,657.0,9,아메리카노|카페라떼|케이크,4000|5000|6000,False
정문(복지관),카페이공일,음식점 > 카페,서울 노원구 광운로2가길 14-16,,37.6172241794109,127.059818526685,275,412.5,6,아메리카노|카페라떼|케이크,4000|5000|6000,False
정문(복지관),CU 광운대원룸점,"가정,생활 > 편의점 > CU",서울 노원구 광운로15길 23,,37.62153814533509,127.05793937823356,241,361.5,5,대표메뉴|세트메뉴,8000|10000,False
정문(복지관),CU 광운대점,"가정,생활 > 편의점 > CU",서울 노원구 광운로1길 60,02-909-8384,37.62039350156694,127.05498776159637,310,465.0,7,대표메뉴|세트메뉴,8000|10000,False
정문(복지관),GS25 광운월계점,"가정,생활 > 편의점 > GS25",서울 노원구 광운로2나길 45,,37.6177870939132,127.060217680188,246,369.0,5,대표메뉴|세트메뉴,8000|10000,False
정문(복지관),세븐일레븐 광운스퀘어점,"가정,생활 > 편의점 > 세븐일레븐",서울 노원구 광운로 20,,37.61999081299385,127.05862120221462,74,111.0,2,대표메뉴|세트메뉴,8000|10000,False
정문(복지관),GS25 월계꿈의숲점,"가정,생활 > 편의점 > GS25",서울 노원구 월계로42길 97,,37.621412232406634,127.05365188736572,465,697.5,10,대표메뉴|세트메뉴,8000|10000,False
정문(복지관),세븐일레븐 광운대원룸점,"가정,생활 > 편의점 > 세븐일레븐",서울 노원구 광운로2가길 23,,37.61810018357334,127.05933557310284,170,255.0,4,대표메뉴|세트메뉴,8000|10000,False
정문(복지관),GS25 월계성북역점,"가정,생활 > 편의점 > GS25",서울 노원구 석계로 103,080-999-5425,37.62294498095257,127.06073837717676,452,678.0,10,대표메뉴|세트메뉴,8000|10000,False
정문(복지관),GS25 광운사랑점,"가정,생활 > 편의점 > GS25",서울 노원구 광운로 17-11,,37.6195112503095,127.05726951003,88,132.0,2,대표메뉴|세트메뉴,8000|10000,False
정문(복지관),GS25 광운로드점,"가정,생활 > 편의점 > GS25",서울 노원구 석계로 65,,37.6205572138281,127.0627481447,417,625.5,9,대표메뉴|세트메뉴,8000|10000,False
정문(복지관),GS25 현대대로점,"가정,생활 > 편의점 > GS25",서울 노원구 석계로 49,,37.61700197646387,127.06263415568448,467,700.5,10,대표메뉴|세트메뉴,8000|10000,False
정문(복지관),이마트24 광운대역점,"가정,생활 > 편의점 > 이마트24",서울 노원구 석계로 98-1,02-6010-1032,37.623221352147,127.061187175034,498,747.0,11,대표메뉴|세트메뉴,8000|10000,False
정문(복지관),GS25 광운행운점,"가정,생활 > 편의점 > GS25",서울 노원구 광운로 5,080-999-5425,37.6184661312172,127.05721433937,137,205.5,3,대표메뉴|세트메뉴,8000|10000,False
정문(복지관),GS25 광운문화관점,"가정,생활 > 편의점 > GS25",서울 노원구 광운로 21,02-942-2533,37.61982824130036,127.05759144242984,77,115.5,2,대표메뉴|세트메뉴,8000|10000,False
정문(복지관),세븐일레븐 광운대후문점,"가정,생활 > 편의점 > 세븐일레븐",서울 노원구 석계로13길 48,,37.6212428318449,127.061094935049,324,486.0,7,대표메뉴|세트메뉴,8000|10000,False
정문(복지관),CU 광운대기숙사점,"가정,생활 > 편의점 > CU",서울 노원구 광운로 21,053-857-9427,37.62148487572864,127.05630820027189,290,435.0,6,대표메뉴|세트메뉴,8000|10000,False
정문(복지관),제로스토어 광운대점,"가정,생활 > 편의점",서울 노원구 광운로 15,0507-1416-3208,37.6190155528723,127.05758628477297,71,106.5,2,대표메뉴|세트메뉴,8000|10000,False
정문(복지관),서초우동 광운대역점,"음식점 > 일식 > 돈까스,우동",서울 노원구 석계로18길 23,02-941-0096,37.62388375193732,127.06085015246404,234,351.0,5,돈까스|초밥|우동|라멘,9000|12000|7000|9000,False
정문(복지관),친친,음식점 > 중식 > 중국요리,서울 노원구 석계로18길 10-9,02-6229-4143,37.6236251301821,127.060924704224,249,373.5,5,짜장면|짬뽕|탕수육|볶음밥,7000|8000|18000|8000,False
정문(복지관),여자만아구찜,"음식점 > 한식 > 해물,생선 > 아구",서울 노원구 석계로18길 10-8,02-941-1989,37.6235062163082,127.060892889771,251,376.5,5,비빔밥|제육볶음|된장찌개|불고기,8000|9000|7000|12000,False
정문(복지관),야타이,음식점 > 일식 > 일식집,서울 노원구 석계로18길 10-6,0502-5552-5931,37.6235008757847,127.060766015809,241,361.5,5,돈까스|초밥|우동|라멘,9000|12000|7000|9000,False
정문(복지관),본죽&비빔밥cafe 광운대역점,음식점 > 퓨전요리 > 퓨전한식 > 본죽&비빔밥cafe,서울 노원구 석계로 98-1,02-914-6285,37.6233006583535,127.0611498589125,281,421.5,6,비빔밥|제육볶음|된장찌개|불고기,8000|9000|7000|12000,False
정문(복지관),전주밥상쌈밥,음식점 > 한식 > 쌈밥,서울 노원구 광운로 61,02-3292-0118,37.62296447243826,127.05961922991156,197,295.5,4,비빔밥|제육볶음|된장찌개|불고기,8000|9000|7000|12000,False
정문(복지관),배스킨라빈스 광운대역점,음식점 > 간식 > 아이스크림 > 배스킨라빈스,서울 노원구 광운로 65,02-909-1441,37.6231642939857,127.06000905867,204,306.0,4,대표메뉴|세트메뉴,8000|10000,False
정문(복지관),호시아카리,"음식점 > 일식 > 초밥,롤",서울 노원구 석계로 98-1,070-8747-1697,37.62331598687177,127.06112721623848,278,417.0,6,돈까스|초밥|우동|라멘,9000|12000|7000|9000,False
정문(복지관),최환기쌈밥칼국수,음식점 > 한식 > 쌈밥,서울 노원구 광운로19가길 2,02-911-5402,37.62378064715679,127.05985549760452,155,232.5,3,비빔밥|제육볶음|된장찌개|불고기,8000|9000|7000|12000,False
정문(복지관),착한족발 월계점,"음식점 > 한식 > 육류,고기 > 족발,보쌈",서울 노원구 석계로 95,010-4655-5669,37.62295564668777,127.06102157486964,290,435.0,6,비빔밥|제육볶음|된장찌개|불고기,8000|9000|7000|12000,False
정문(복지관),명랑핫도그 광운대점,음식점 > 패스트푸드 > 명랑핫도그,서울 노원구 석계로 106,02-919-6488,37.62310822645583,127.06041340834152,236,354.0,5,대표메뉴|세트메뉴,8000|10000,False
정문(복지관),돈장군 광운대본점,"음식점 > 한식 > 육류,고기",서울 노원구 광운로 69,02-941-8276,37.6234201402204,127.0600760973566,192,288.0,4,비빔밥|제육볶음|된장찌개|불고기,8000|9000|7000|12000,False
정문(복지관),큰맘할매순대국 광운대점,음식점 > 한식 > 순대 > 큰맘할매순대국,서울 노원구 광운로 67,02-942-1479,37.6232723708939,127.06009070433,202,303.0,4,비빔밥|제육볶음|된장찌개|불고기,8000|9000|7000|12000,False
정문(복지관),명태이야기,"음식점 > 한식 > 해물,생선",서울 노원구 석계로18길 13,02-943-1121,37.62366145724105,127.06036514708568,201,301.5,4,비빔밥|제육볶음|된장찌개|불고기,8000|9000|7000|12000,False
정문(복지관),커피는기억의끌림,음식점 > 카페 > 커피전문점,서울 노원구 석계로 98-1,02-911-7735,37.6234196267418,127.06107632676282,270,405.0,6,아메리카노|카페라떼|케이크,4000|5000|6000,False
정문(복지관),GS25 광운타운점,"가정,생활 > 편의점 > GS25",서울 노원구 광운로 79,,37.624350024722,127.059946576322,148,222.0,3,대표메뉴|세트메뉴,8000|10000,False
정문(복지관),CU 노원월계점,"가정,생활 > 편의점 > CU",서울 노원구 월계로44가길 19,02-910-8605,37.623524318881,127.053271663575,450,675.0,10,대표메뉴|세트메뉴,8000|10000,False
정문(복지관),세븐일레븐 성북역점,"가정,생활 > 편의점 > 세븐일레븐",서울 노원구 광운로 71,,37.623700361506536,127.06004800368336,174,261.0,4,대표메뉴|세트메뉴,8000|10000,False
정문(복지관),퀸스테이크,"음식점 > 양식 > 스테이크,립",서울 노원구 석계로1길 22,02-909-3206,37.6155176041706,127.063466536001,476,714.0,10,파스타|피자|스테이크,12000|15000|25000,False
정문(복지관),남송통닭,음식점 > 치킨,서울 노원구 석계로3길 30,02-916-5127,37.6162646228489,127.063281415581,490,735.0,10,대표메뉴|세트메뉴,8000|10000,False
정문(복지관),황금오리,"음식점 > 한식 > 육류,고기 > 오리",서울 노원구 석계로1길 22,02-909-7005,37.61550320601962,127.06343367711622,473,709.5,10,비빔밥|제육볶음|된장찌개|불고기,8000|9000|7000|12000,False
정문(복지관),청계천8가삼성곱창,"음식점 > 한식 > 육류,고기 > 곱창,막창",서울 노원구 석계로3길 32,02-909-6660,37.6163548077667,127.063120654871,481,721.5,10,비빔밥|제육볶음|된장찌개|불고기,8000|9000|7000|12000,False
정문(복지관),제주본가,"음식점 > 한식 > 육류,고기",서울 노원구 석계로1길 18,02-919-0505,37.61549675267001,127.0637055059272,496,744.0,11,비빔밥|제육볶음|된장찌개|불고기,8000|9000|7000|12000,False
정문(복지관),소문난곱창,"음식점 > 한식 > 육류,고기 > 곱창,막창",서울 노원구 석계로7길 12-8,02-941-5507,37.61638715840151,127.06327925411355,495,742.5,11,비빔밥|제육볶음|된장찌개|불고기,8000|9000|7000|12000,False
정문(복지관),후아나 석계점,음식점 > 카페 > 테마카페 > 디저트카페,서울 노원구 석계로1길 18,02-918-2885,37.6155399884749,127.063727063041,499,748.5,11,아메리카노|카페라떼|케이크,4000|5000|6000,False
정문(복지관),데이롱카페 석계역점,음식점 > 카페 > 테마카페 > 무인카페 > 데이롱카페,서울 노원구 석계로3길 30,,37.61626912110593,127.0632938785934,491,736.5,11,아메리카노|카페라떼|케이크,4000|5000|6000,False
정문(복지관),무명칼국수,음식점 > 한식 > 국수 > 칼국수,서울 노원구 석계로7길 4,02-941-7776,37.6167291943623,127.063909303813,299,448.5,6,비빔밥|제육볶음|된장찌개|불고기,8000|9000|7000|12000,False
정문(복지관),연어시장 석계본점,"음식점 > 한식 > 해물,생선 > 회",서울 노원구 석계로 13,02-910-9540,37.6160406157153,127.064320999484,382,573.0,8,광어회|우럭회|모둠회|참돔회|연어회|대방어회|매운탕|회덮밥|물회|해물라면,35000|40000|60000|70000|38000|80000|10000|12000|15000|8000,False
정문(복지관),기와집,"음식점 > 한식 > 육류,고기 > 갈비",서울 노원구 석계로 35,02-917-2111,37.617917679130045,127.06375854199334,167,250.5,4,비빔밥|제육볶음|된장찌개|불고기,8000|9000|7000|12000,False
정문(복지관),라무야끼,"음식점 > 한식 > 육류,고기",서울 노원구 석계로3길 15-1,02-909-3337,37.6157237900017,127.063727219901,407,610.5,9,비빔밥|제육볶음|된장찌개|불고기,8000|9000|7000|12000,False
정문(복지관),최대포소금구이,"음식점 > 한식 > 육류,고기",서울 노원구 석계로7길 14,,37.6163473444505,127.063596363995,337,505.5,7,비빔밥|제육볶음|된장찌개|불고기,8000|9000|7000|12000,False
정문(복지관),미가양꼬치,음식점 > 중식 > 양꼬치,서울 노원구 석계로 31,02-942-3432,37.6175401053181,127.063869221622,210,315.0,4,짜장면|짬뽕|탕수육|볶음밥,7000|8000|18000|8000,False
정문(복지관),석계3층집,"음식점 > 한식 > 육류,고기 > 오리",서울 노원구 석계로 21,02-942-3752,37.6166569801302,127.064158427311,312,468.0,7,비빔밥|제육볶음|된장찌개|불고기,8000|9000|7000|12000,False
정문(복지관),인생꼬치479,"음식점 > 술집 > 호프,요리주점",서울 노원구 석계로 15,0507-1383-4790,37.61614513955888,127.06430409972944,370,555.0,8,대표메뉴|세트메뉴,8000|10000,False
정문(복지관),교촌치킨 석계역점,음식점 > 치킨 > 교촌치킨,서울 노원구 석계로 31,02-909-9229,37.61751126329202,127.0638884523992,214,321.0,5,대표메뉴|세트메뉴,8000|10000,False
정문(복지관),하남돼지집 석계점,"음식점 > 한식 > 육류,고기 > 삼겹살 > 하남돼지집",서울 노원구 석계로9길 17,02-941-9753,37.6171764503485,127.063230085601,244,366.0,5,비빔밥|제육볶음|된장찌개|불고기,8000|9000|7000|12000,False
정문(복지관),KFC 석계역점,음식점 > 패스트푸드 > KFC,서울 노원구 석계로1길 14,02-2039-5859,37.61552365612336,127.06393885339828,431,646.5,9,대표메뉴|세트메뉴,8000|10000,False
정문(복지관),저팔계족발,"음식점 > 한식 > 육류,고기 > 족발,보쌈",서울 노원구 석계로7길 5,02-942-8877,37.6165777547375,127.064045093311,318,477.0,7,비빔밥|제육볶음|된장찌개|불고기,8000|9000|7000|12000,False
정문(복지관),인정각,음식점 > 중식 > 중국요리,서울 노원구 석계로3길 18,02-942-0511,37.615994052084,127.06379087897491,378,567.0,8,짜장면|짬뽕|탕수육|볶음밥,7000|8000|18000|8000,False
정문(복지관),향원,음식점 > 중식 > 중국요리,서울 노원구 석계로 27,02-941-3344,37.6172697795988,127.063923358541,241,361.5,5,짜장면|짬뽕|탕수육|볶음밥,7000|8000|18000|8000,False
정문(복지관),하마벌떡 정성담은 양평가,음식점 > 한식 > 해장국,서울 노원구 석계로1길 14,02-943-3374,37.61550024577697,127.06391051727964,434,651.0,9,비빔밥|제육볶음|된장찌개|불고기,8000|9000|7000|12000,False
정문(복지관),이상봉 이참치,음식점 > 일식,서울 노원구 석계로 21,02-943-1477,37.6166569850563,127.064149366032,312,468.0,7,돈까스|초밥|우동|라멘,9000|12000|7000|9000,False
정문(복지관),백채김치찌개 석계점,"음식점 > 한식 > 찌개,전골 > 백채김치찌개",서울 노원구 석계로3길 17,02-6397-8255,37.6158896279931,127.063623157738,388,582.0,8,비빔밥|제육볶음|된장찌개|불고기,8000|9000|7000|12000,False
정문(복지관),우리집,"음식점 > 한식 > 육류,고기",서울 노원구 석계로 19,02-909-1516,37.6165056252754,127.064137909416,328,492.0,7,비빔밥|제육볶음|된장찌개|불고기,8000|9000|7000|12000,False
정문(복지관),마작카페 소소마장,"가정,생활 > 여가시설 > 보드카페",서울 노원구 석계로7길 18,010-5397-0066,37.61621765405028,127.06349997796345,351,526.5,8,아메리카노|카페라떼|케이크,4000|5000|6000,False
정문(복지관),투썸플레이스 석계역점,음식점 > 카페 > 커피전문점 > 투썸플레이스,서울 노원구 석계로1길 10,02-915-7955,37.61560644067768,127.06413487178988,425,637.5,9,아메리카노|카페라떼|케이크,4000|5000|6000,False
정문(복지관),슬슬커피,음식점 > 카페 > 커피전문점,서울 노원구 석계로11길 35,02-6404-5714,37.6168269761962,127.063025910313,283,424.5,6,아메리카노|카페라떼|케이크,4000|5000|6000,False
정문(복지관),읍천리382 석계역점,음식점 > 카페 > 커피전문점 > 읍천리382,서울 노원구 석계로5길 11,010-7774-3820,37.616181439168926,127.06382501865563,358,537.0,8,아메리카노|카페라떼|케이크,4000|5000|6000,False
정문(복지관),빽다방 석계역문화공원점,음식점 > 카페 > 커피전문점 > 빽다방,서울 노원구 석계로3길 3,02-943-7686,37.61555048944035,127.06430018971456,434,651.0,9,아메리카노|카페라떼|케이크,4000|5000|6000,False
정문(복지관),세븐일레븐 석계점,"가정,생활 > 편의점 > 세븐일레븐",서울 노원구 석계로 9,02-917-0777,37.61566481725314,127.06447924614,425,637.5,9,대표메뉴|세트메뉴,8000|10000,False
정문(복지관),CU 월계코스모스점,"가정,생활 > 편의점 > CU",서울 노원구 석계로7길 18,,37.61624917826,127.063519259895,347,520.5,7,대표메뉴|세트메뉴,8000|10000,False
정문(복지관),정담초밥 장위점,"음식점 > 일식 > 초밥,롤",서울 성북구 장월로 144,02-942-7773,37.61771216934038,127.05095685641248,275,412.5,6,돈까스|초밥|우동|라멘,9000|12000|7000|9000,False
정문(복지관),60계치킨 서울장위뉴타운점,음식점 > 치킨 > 60계치킨,서울 성북구 돌곶이로40길 46,02-909-6043,37.62012113251409,127.04949390247536,342,513.0,7,대표메뉴|세트메뉴,8000|10000,False
정문(복지관),파리바게뜨 장위뉴타운점,"음식점 > 간식 > 제과,베이커리 > 파리바게뜨",서울 성북구 한천로 713,02-942-5627,37.61959537145436,127.05063758612393,233,349.5,5,대표메뉴|세트메뉴,8000|10000,False
정문(복지관),화포식당 장위뉴타운점,"음식점 > 한식 > 육류,고기",서울 성북구 돌곶이로40길 46,02-909-1284,37.6201229254656,127.049515425214,340,510.0,7,비빔밥|제육볶음|된장찌개|불고기,8000|9000|7000|12000,False
정문(복지관),배스킨라빈스 장위래미안점,음식점 > 간식 > 아이스크림 > 배스킨라빈스,서울 성북구 한천로99길 45,02-909-7024,37.62035075180222,127.04980894990815,323,484.5,7,대표메뉴|세트메뉴,8000|10000,False
정문(복지관),짬뽕관 장위뉴타운점,음식점 > 중식 > 중국요리 > 짬뽕관,서울 성북구 월계로36길 27,02-909-4132,37.61985770085404,127.0481458039948,455,682.5,10,짜장면|짬뽕|탕수육|볶음밥,7000|8000|18000|8000,False
정문(복지관),육회바른연어 장위뉴타운점,"음식점 > 한식 > 해물,생선 > 회 > 육회바른연어",서울 성북구 한천로 713,02-942-8886,37.62001721364491,127.05021650354269,278,417.0,6,광어회|우럭회|모둠회|참돔회|연어회|대방어회|매운탕|회덮밥|물회|해물라면,35000|40000|60000|70000|38000|80000|10000|12000|15000|8000,False
정문(복지관),오블랑쉬,"음식점 > 간식 > 제과,베이커리",서울 성북구 돌곶이로40길 46,070-7809-8403,37.61770333749168,127.0483936036266,468,702.0,10,대표메뉴|세트메뉴,8000|10000,False
정문(복지관),써브웨이 장위뉴타운점,음식점 > 패스트푸드 > 샌드위치 > 써브웨이,서울 성북구 돌곶이로40길 46,02-941-0678,37.61767992573921,127.04835960817046,472,708.0,10,대표메뉴|세트메뉴,8000|10000,False
정문(복지관),피자헛 월계2호점,음식점 > 양식 > 피자 > 피자헛,서울 성북구 한천로 735,02-902-2777,37.6219025617684,127.05160481197088,316,474.0,7,파스타|피자|스테이크,12000|15000|25000,False
정문(복지관),맘스터치 장위뉴타운점,음식점 > 패스트푸드 > 맘스터치,서울 성북구 돌곶이로40길 46,02-909-3917,37.619014275288656,127.05054204552454,243,364.5,5,대표메뉴|세트메뉴,8000|10000,False
정문(복지관),김가네 장위뉴타운점,음식점 > 분식 > 김가네,서울 성북구 돌곶이로40길 46,02-909-5237,37.61985705035302,127.04971460568626,317,475.5,7,김밥|라면|떡볶이|튀김,3500|4000|5000|6000,False
정문(복지관),양평칼국수 장위점,음식점 > 한식 > 국수 > 칼국수,서울 성북구 한천로99길 64,02-941-9504,37.6202214322432,127.048797349467,405,607.5,9,비빔밥|제육볶음|된장찌개|불고기,8000|9000|7000|12000,False
정문(복지관),자담치킨 월계광운대점,음식점 > 치킨 > 자담치킨,서울 노원구 월계로42길 97,02-943-0722,37.62141854962032,127.0536292372504,228,342.0,5,대표메뉴|세트메뉴,8000|10000,False
정문(복지관),그녀의떡볶이,음식점 > 분식 > 떡볶이,서울 성북구 장월로41길 61,02-909-8797,37.6213702663885,127.050755461359,312,468.0,7,김밥|라면|떡볶이|튀김,3500|4000|5000|6000,False
정문(복지관),큰손손만두찐빵 장위점,음식점 > 분식,서울 성북구 장월로 134,02-941-2865,37.6171403947877,127.050133016654,371,556.5,8,김밥|라면|떡볶이|튀김,3500|4000|5000|6000,False
정문(복지관),은하닭강정,음식점 > 간식 > 닭강정,서울 성북구 한천로 713,02-2135-5366,37.6200730772745,127.050210877555,280,420.0,6,대표메뉴|세트메뉴,8000|10000,False
정문(복지관),샐러디 장위뉴타운점,음식점 > 샐러드 > 샐러디,서울 성북구 장월로 134,02-943-1610,37.617154800972784,127.05015567968935,369,553.5,8,대표메뉴|세트메뉴,8000|10000,False
정문(복지관),두찜 노원월계점,"음식점 > 한식 > 육류,고기 > 닭요리 > 두찜",서울 노원구 광운로3길 7,02-941-7779,37.6190148309572,127.057218157923,351,526.5,8,비빔밥|제육볶음|된장찌개|불고기,8000|9000|7000|12000,False
정문(복지관),메가MGC커피 장위뉴타운점,음식점 > 카페 > 커피전문점 > 메가MGC커피,서울 성북구 돌곶이로40길 46,02-942-7388,37.618829544198,127.050608749392,242,363.0,5,아메리카노|카페라떼|케이크,4000|5000|6000,False
정문(복지관),컴포즈커피 꿈의숲아이파크점,음식점 > 카페 > 커피전문점 > 컴포즈커피,서울 성북구 돌곶이로40길 46,02-6498-8468,37.61741392059956,127.0488781996837,444,666.0,10,아메리카노|카페라떼|케이크,4000|5000|6000,False
정문(복지관),우지커피 장위뉴타운점,음식점 > 카페 > 커피전문점 > 우지커피,서울 성북구 한천로 713,,37.61921679325695,127.05101678365784,199,298.5,4,아메리카노|카페라떼|케이크,4000|5000|6000,False
정문(복지관),카페인24 꿈의숲 SK뷰점,음식점 > 카페 > 테마카페 > 무인카페 > 카페인24,서울 노원구 월계로44길 68-6,0506-429-0611,37.622302010715,127.052532240842,330,495.0,7,아메리카노|카페라떼|케이크,4000|5000|6000,False
정문(복지관),밀버터,음식점 > 카페,서울 성북구 한천로99길 52,,37.6205690062166,127.0492959734,374,561.0,8,아메리카노|카페라떼|케이크,4000|5000|6000,False
정문(복지관),CU 장위퍼스트하이점,"가정,생활 > 편의점 > CU",서울 성북구 한천로 713,,37.619261862218,127.050971506451,202,303.0,4,대표메뉴|세트메뉴,8000|10000,False
정문(복지관),GS25 성북꿈의숲점,"가정,생활 > 편의점 > GS25",서울 성북구 월계로36길 27,080-999-5425,37.619727191235256,127.0478172347646,482,723.0,10,대표메뉴|세트메뉴,8000|10000,False
정문(복지관),세븐일레븐 성북본점,"가정,생활 > 편의점 > 세븐일레븐",서울 성북구 한천로99길 45,,37.62041111030449,127.04982711365624,324,486.0,7,대표메뉴|세트메뉴,8000|10000,False
후문,무명칼국수,음식점 > 한식 > 국수 > 칼국수,서울 노원구 석계로7길 4,02-941-7776,37.6167291943623,127.063909303813,472,708.0,10,비빔밥|제육볶음|된장찌개|불고기,8000|9000|7000|12000,False
후문,하이레,"음식점 > 일식 > 돈까스,우동",서울 노원구 광운로12길 6,,37.62096077851908,127.05941713733176,167,250.5,4,돈까스|초밥|우동|라멘,9000|12000|7000|9000,False
후문,일심해장국 월계점,음식점 > 한식 > 해장국,서울 노원구 석계로15길 25,02-909-1640,37.621977651357454,127.06183634914686,184,276.0,4,비빔밥|제육볶음|된장찌개|불고기,8000|9000|7000|12000,False
후문,마떡다이천 광운대본점,음식점 > 분식 > 떡볶이,서울 노원구 석계로 106,02-976-4841,37.6231064273819,127.060407743094,308,462.0,7,김밥|라면|떡볶이|튀김,3500|4000|5000|6000,False
후문,화로상회 광운대점,음식점 > 뷔페 > 고기뷔페,서울 노원구 광운로 37,02-941-2292,37.62077461782266,127.05873055905124,220,330.0,5,대표메뉴|세트메뉴,8000|10000,False
후문,더원,음식점 > 중식,서울 노원구 광운로 61,02-909-5477,37.6230814538525,127.05990930937736,318,477.0,7,짜장면|짬뽕|탕수육|볶음밥,7000|8000|18000|8000,False
후문,서초우동 광운대역점,"음식점 > 일식 > 돈까스,우동",서울 노원구 석계로18길 23,02-941-0096,37.62388375193732,127.06085015246404,388,582.0,8,돈까스|초밥|우동|라멘,9000|12000|7000|9000,False
후문,남송통닭,음식점 > 치킨,서울 노원구 석계로3길 30,02-916-5127,37.6162646228489,127.063281415581,494,741.0,11,대표메뉴|세트메뉴,8000|10000,False
후문,기와집,"음식점 > 한식 > 육류,고기 > 갈비",서울 노원구 석계로 35,02-917-2111,37.617917679130045,127.06375854199334,357,535.5,8,비빔밥|제육볶음|된장찌개|불고기,8000|9000|7000|12000,False
후문,진미통닭,음식점 > 치킨,서울 노원구 광운로 45,02-918-3492,37.6214654962473,127.059089046317,219,328.5,5,대표메뉴|세트메뉴,8000|10000,False
후문,친친,음식점 > 중식 > 중국요리,서울 노원구 석계로18길 10-9,02-6229-4143,37.6236251301821,127.060924704224,359,538.5,8,짜장면|짬뽕|탕수육|볶음밥,7000|8000|18000|8000,False
후문,마포연탄불고기,"음식점 > 한식 > 육류,고기 > 불고기,두루치기",서울 노원구 석계로18길 4,02-915-2826,37.623230699702965,127.0605324472798,319,478.5,7,비빔밥|제육볶음|된장찌개|불고기,8000|9000|7000|12000,False
후문,윤스쿡,"음식점 > 일식 > 돈까스,우동",서울 노원구 광운로 29,,37.6203107561798,127.058434555295,242,363.0,5,돈까스|초밥|우동|라멘,9000|12000|7000|9000,False
후문,도미노피자 월계점,음식점 > 양식 > 피자 > 도미노피자,서울 노원구 광운로 52,02-915-3082,37.6219391607872,127.059595756284,221,331.5,5,파스타|피자|스테이크,12000|15000|25000,False
후문,수해복마라탕 광운대점,음식점 > 중식 > 중국요리,서울 노원구 광운로 39,02-917-3303,37.6210745477174,127.058929022312,212,318.0,5,짜장면|짬뽕|탕수육|볶음밥,7000|8000|18000|8000,False
후문,삼대냉면,음식점 > 한식 > 냉면,서울 노원구 석계로9길 33,,37.61666051655156,127.0626066854087,433,649.5,9,비빔밥|제육볶음|된장찌개|불고기,8000|9000|7000|12000,False
후문,여우곱창,"음식점 > 한식 > 육류,고기 > 곱창,막창",서울 노원구 광운로 68,02-919-3339,37.6233155258228,127.060271980912,333,499.5,7,비빔밥|제육볶음|된장찌개|불고기,8000|9000|7000|12000,False
후문,청계천8가삼성곱창,"음식점 > 한식 > 육류,고기 > 곱창,막창",서울 노원구 석계로3길 32,02-909-6660,37.6163548077667,127.063120654871,480,720.0,10,비빔밥|제육볶음|된장찌개|불고기,8000|9000|7000|12000,False
후문,꽃제비칼국수,음식점 > 한식 > 국수 > 칼국수,서울 노원구 광운로12길 13,02-911-8371,37.6213083069597,127.05991694832,150,225.0,3,비빔밥|제육볶음|된장찌개|불고기,8000|9000|7000|12000,False
후문,여자만아구찜,"음식점 > 한식 > 해물,생선 > 아구",서울 노원구 석계로18길 10-8,02-941-1989,37.6235062163082,127.060892889771,346,519.0,7,비빔밥|제육볶음|된장찌개|불고기,8000|9000|7000|12000,False
후문,최대포소금구이,"음식점 > 한식 > 육류,고기",서울 노원구 석계로7길 14,,37.6163473444505,127.063596363995,497,745.5,11,비빔밥|제육볶음|된장찌개|불고기,8000|9000|7000|12000,False
후문,디델리 광운대점,음식점 > 분식,서울 노원구 광운로 31,02-3292-1194,37.6204440641234,127.058511684455,235,352.5,5,김밥|라면|떡볶이|튀김,3500|4000|5000|6000,False
후문,미가양꼬치,음식점 > 중식 > 양꼬치,서울 노원구 석계로 31,02-942-3432,37.6175401053181,127.063869221622,396,594.0,8,짜장면|짬뽕|탕수육|볶음밥,7000|8000|18000|8000,False
후문,영축산정육식당,"음식점 > 한식 > 육류,고기",서울 노원구 광운로 52,02-915-6221,37.6217895178956,127.059751954723,199,298.5,4,비빔밥|제육볶음|된장찌개|불고기,8000|9000|7000|12000,False
후문,한라산감자탕,음식점 > 한식 > 감자탕,서울 노원구 석계로15길 17,010-6482-8321,37.6223654328671,127.061151358349,218,327.0,5,비빔밥|제육볶음|된장찌개|불고기,8000|9000|7000|12000,False
후문,김밥천국,음식점 > 분식,서울 노원구 광운로 33,02-942-7804,37.620528733322885,127.05855932501956,231,346.5,5,김밥|라면|떡볶이|튀김,3500|4000|5000|6000,False
후문,와플대학 광운대캠퍼스,"음식점 > 간식 > 제과,베이커리 > 와플대학",서울 노원구 광운로 64,02-941-3890,37.62283985104657,127.06018097652368,285,427.5,6,대표메뉴|세트메뉴,8000|10000,False
후문,하남돼지집 석계점,"음식점 > 한식 > 육류,고기 > 삼겹살 > 하남돼지집",서울 노원구 석계로9길 17,02-941-9753,37.6171764503485,127.063230085601,400,600.0,9,비빔밥|제육볶음|된장찌개|불고기,8000|9000|7000|12000,False
후문,석계3층집,"음식점 > 한식 > 육류,고기 > 오리",서울 노원구 석계로 21,02-942-3752,37.6166569801302,127.064158427311,491,736.5,11,비빔밥|제육볶음|된장찌개|불고기,8000|9000|7000|12000,False
후문,교촌치킨 석계역점,음식점 > 치킨 > 교촌치킨,서울 노원구 석계로 31,02-909-9229,37.61751126329202,127.0638884523992,399,598.5,9,대표메뉴|세트메뉴,8000|10000,False
후문,후문식당,음식점 > 분식,서울 노원구 석계로13길 25-1,02-916-8745,37.62016962097997,127.06135458099394,29,43.5,1,김밥|라면|떡볶이|튀김,3500|4000|5000|6000,False
후문,이층집,"음식점 > 한식 > 찌개,전골",서울 노원구 광운로 17-5,02-941-3588,37.6193669821635,127.057495939695,344,516.0,7,비빔밥|제육볶음|된장찌개|불고기,8000|9000|7000|12000,False
후문,팔팔전어횟집,"음식점 > 한식 > 해물,생선 > 회",서울 노원구 광운로 25,02-914-8876,37.6200477642131,127.058239523003,262,393.0,6,광어회|우럭회|모둠회|참돔회|연어회|대방어회|매운탕|회덮밥|물회|해물라면,35000|40000|60000|70000|38000|80000|10000|12000|15000|8000,False
후문,중화호반닭갈비 광운대점,"음식점 > 한식 > 육류,고기 > 닭요리",서울 노원구 광운로 53,02-942-0799,37.6224564534593,127.059345831815,280,420.0,6,비빔밥|제육볶음|된장찌개|불고기,8000|9000|7000|12000,False
후문,맛불,음식점 > 한식,서울 노원구 광운로 39,010-3489-3056,37.6210709511218,127.058914294016,213,319.5,5,비빔밥|제육볶음|된장찌개|불고기,8000|9000|7000|12000,False
후문,맛닭꼬 광운대점,음식점 > 치킨 > 맛닭꼬,서울 노원구 광운로 61,02-942-3492,37.62309584950046,127.05994896746644,318,477.0,7,대표메뉴|세트메뉴,8000|10000,False
후문,미미식당 월계점,"음식점 > 한식 > 육류,고기",서울 노원구 석계로18길 5,,37.6232722135876,127.06039881516,326,489.0,7,비빔밥|제육볶음|된장찌개|불고기,8000|9000|7000|12000,False
후문,청년다방 광운대점,음식점 > 분식 > 떡볶이 > 청년다방,서울 노원구 광운로 44,02-6085-9124,37.62135716432966,127.05951373500557,181,271.5,4,김밥|라면|떡볶이|튀김,3500|4000|5000|6000,False
후문,빈대떡신사,"음식점 > 술집 > 호프,요리주점",서울 노원구 광운로 70,02-774-9595,37.6234669008526,127.060253978908,350,525.0,8,대표메뉴|세트메뉴,8000|10000,False
후문,써브웨이 광운대역점,음식점 > 패스트푸드 > 샌드위치 > 써브웨이,서울 노원구 광운로 57,02-942-7779,37.62266353825251,127.05962805159405,286,429.0,6,대표메뉴|세트메뉴,8000|10000,False
후문,또와집순대국,음식점 > 한식 > 순대,서울 노원구 광운로19길 13,02-943-2207,37.62326079906855,127.05981316864523,340,510.0,7,비빔밥|제육볶음|된장찌개|불고기,8000|9000|7000|12000,False
후문,사계절김밥,음식점 > 분식,서울 노원구 광운로 72,02-941-7789,37.6235588107524,127.060235928848,361,541.5,8,김밥|라면|떡볶이|튀김,3500|4000|5000|6000,False
후문,푸른스시,"음식점 > 일식 > 초밥,롤",서울 노원구 광운로 33,0503-7150-4889,37.620592674732514,127.05861714390358,227,340.5,5,돈까스|초밥|우동|라멘,9000|12000|7000|9000,False
후문,국수천왕 광운대점,음식점 > 한식,서울 노원구 광운로 46,02-909-1236,37.621806873755745,127.0610489543484,157,235.5,3,비빔밥|제육볶음|된장찌개|불고기,8000|9000|7000|12000,False
후문,저팔계족발,"음식점 > 한식 > 육류,고기 > 족발,보쌈",서울 노원구 석계로7길 5,02-942-8877,37.6165777547375,127.064045093311,493,739.5,11,비빔밥|제육볶음|된장찌개|불고기,8000|9000|7000|12000,False
후문,스타벅스 광운대점,음식점 > 카페 > 커피전문점 > 스타벅스,서울 노원구 석계로 104,1522-3232,37.6231891063632,127.060820134493,311,466.5,7,아메리카노|카페라떼|케이크,4000|5000|6000,False
후문,1일1잔,음식점 > 카페 > 테마카페 > 디저트카페,서울 노원구 광운로2길 6,,37.6180767967353,127.057436046716,418,627.0,9,아메리카노|카페라떼|케이크,4000|5000|6000,False
후문,월계청춘카페,음식점 > 카페,서울 노원구 광운로 44,070-4174-7755,37.6213607728479,127.059504676027,182,273.0,4,아메리카노|카페라떼|케이크,4000|5000|6000,False
후문,카페니니,음식점 > 카페,서울 노원구 광운로 59,02-2138-1884,37.6227500329914,127.05962812068,295,442.5,6,아메리카노|카페라떼|케이크,4000|5000|6000,False
후문,컴포즈커피 광운대80주년기념관점,음식점 > 카페 > 커피전문점 > 컴포즈커피,서울 노원구 광운로 20,02-909-1617,37.62030155947812,127.0588106097436,209,313.5,4,아메리카노|카페라떼|케이크,4000|5000|6000,False
후문,슬슬커피,음식점 > 카페 > 커피전문점,서울 노원구 석계로11길 35,02-6404-5714,37.6168269761962,127.063025910313,428,642.0,9,아메리카노|카페라떼|케이크,4000|5000|6000,False
후문,빠말,음식점 > 카페 > 테마카페 > 디저트카페,서울 노원구 광운로 7,070-7677-8341,37.6185733102653,127.057293709771,398,597.0,9,아메리카노|카페라떼|케이크,4000|5000|6000,False
후문,메가MGC커피 광운대점,음식점 > 카페 > 커피전문점 > 메가MGC커피,서울 노원구 광운로 35,02-942-1005,37.62068904770362,127.05868291742624,222,333.0,5,아메리카노|카페라떼|케이크,4000|5000|6000,False
후문,설빙 광운대점,음식점 > 카페 > 테마카페 > 디저트카페 > 설빙,서울 노원구 광운로 25,02-6953-9749,37.6200694057919,127.058203293092,265,397.5,6,아메리카노|카페라떼|케이크,4000|5000|6000,False
후문,우우즈,음식점 > 카페,서울 노원구 광운로12길 32,,37.6212465148617,127.060942019495,96,144.0,2,아메리카노|카페라떼|케이크,4000|5000|6000,False
후문,메가MGC커피 광운대역점,음식점 > 카페 > 커피전문점 > 메가MGC커피,서울 노원구 석계로 103,02-942-9917,37.6229242932203,127.06067039501,284,426.0,6,아메리카노|카페라떼|케이크,4000|5000|6000,False
후문,광운커피,음식점 > 카페,서울 노원구 광운로 25,010-4190-3569,37.6200685020056,127.058208955948,264,396.0,6,아메리카노|카페라떼|케이크,4000|5000|6000,False
후문,공차 광운대점,음식점 > 카페 > 공차,서울 노원구 광운로 20,02-943-8523,37.62001145287181,127.05878772699673,215,322.5,5,아메리카노|카페라떼|케이크,4000|5000|6000,False
후문,커피는기억의끌림,음식점 > 카페 > 커피전문점,서울 노원구 석계로 98-1,02-911-7735,37.6234196267418,127.06107632676282,335,502.5,7,아메리카노|카페라떼|케이크,4000|5000|6000,False
후문,카페베르데,음식점 > 카페,서울 노원구 광운로 17-3,,37.6192876400272,127.057609148638,338,507.0,7,아메리카노|카페라떼|케이크,4000|5000|6000,False
후문,요거트아이스크림의정석 광운대점,음식점 > 카페 > 테마카페 > 디저트카페 > 요거트아이스크림의정석,서울 노원구 광운로 60,010-5949-2407,37.62265074300844,127.05998599082864,271,406.5,6,아메리카노|카페라떼|케이크,4000|5000|6000,False
후문,매머드익스프레스 광운대정문점,음식점 > 카페 > 커피전문점 > 매머드익스프레스,서울 노원구 광운로 27,,37.6202171095369,127.058321210548,253,379.5,5,아메리카노|카페라떼|케이크,4000|5000|6000,False
후문,빽다방 광운대점,음식점 > 카페 > 커피전문점 > 빽다방,서울 노원구 광운로 43,070-7752-5322,37.62131326117863,127.05902549288253,215,322.5,5,아메리카노|카페라떼|케이크,4000|5000|6000,False
후문,카페빈둥,음식점 > 카페 > 커피전문점,서울 노원구 석계로15길 17,,37.6223816535661,127.061145707899,220,330.0,5,아메리카노|카페라떼|케이크,4000|5000|6000,False
후문,서울수플레,음식점 > 카페,서울 노원구 광운로17길 13,0504-823-0663,37.6224215775715,127.058821341782,306,459.0,7,아메리카노|카페라떼|케이크,4000|5000|6000,False
후문,요거프레소 광운대점,음식점 > 카페 > 테마카페 > 디저트카페 > 요거프레소,서울 노원구 광운로 17-9,,37.6194139216729,127.057314743468,358,537.0,8,아메리카노|카페라떼|케이크,4000|5000|6000,False
후문,매머드익스프레스 광운대후문점,음식점 > 카페 > 커피전문점 > 매머드익스프레스,서울 노원구 석계로13길 23,,37.6202136590307,127.061566434787,39,58.5,1,아메리카노|카페라떼|케이크,4000|5000|6000,False
후문,메타킹커피 광운대점,음식점 > 카페,서울 노원구 광운로12길 5,,37.6212247477794,127.059456992958,177,265.5,4,아메리카노|카페라떼|케이크,4000|5000|6000,False
후문,오쎄,음식점 > 카페,서울 노원구 광운로 62,02-918-5508,37.6227245870602,127.060058546328,276,414.0,6,아메리카노|카페라떼|케이크,4000|5000|6000,False
후문,모모,음식점 > 카페,서울 노원구 석계로9길 33,070-7612-1132,37.61669744983151,127.06262030830824,429,643.5,9,아메리카노|카페라떼|케이크,4000|5000|6000,False
후문,CORD Jr.,음식점 > 카페 > 커피전문점,서울 노원구 석계로13길 40,,37.6209499341225,127.061243082418,61,91.5,1,아메리카노|카페라떼|케이크,4000|5000|6000,False
후문,데이롱카페 광운대점,음식점 > 카페 > 테마카페 > 무인카페 > 데이롱카페,서울 노원구 광운로12길 38,,37.621302220658,127.061242238675,100,150.0,2,아메리카노|카페라떼|케이크,4000|5000|6000,False
후문,이디야커피 광운대점,음식점 > 카페 > 커피전문점 > 이디야커피,서울 노원구 광운로 29,02-942-0937,37.6203251764627,127.058425504853,243,364.5,5,아메리카노|카페라떼|케이크,4000|5000|6000,False
후문,카페프리헷 월계현대점,음식점 > 카페 > 테마카페 > 무인카페 > 카페프리헷,서울 노원구 석계로 49,0507-1418-4353,37.6170128081547,127.062596786796,395,592.5,8,아메리카노|카페라떼|케이크,4000|5000|6000,False
후문,데이롱카페 석계역점,음식점 > 카페 > 테마카페 > 무인카페 > 데이롱카페,서울 노원구 석계로3길 30,,37.61626912110593,127.0632938785934,494,741.0,11,아메리카노|카페라떼|케이크,4000|5000|6000,False
후문,롯오브젝트,음식점 > 카페,서울 노원구 광운로3길 7,,37.619014830962605,127.05721815792296,381,571.5,8,아메리카노|카페라떼|케이크,4000|5000|6000,False
후문,카페이공일,음식점 > 카페,서울 노원구 광운로2가길 14-16,,37.6172241794109,127.059818526685,371,556.5,8,아메리카노|카페라떼|케이크,4000|5000|6000,False
후문,GS25 광운로드점,"가정,생활 > 편의점 > GS25",서울 노원구 석계로 65,,37.6205572138281,127.0627481447,139,208.5,3,대표메뉴|세트메뉴,8000|10000,False
후문,GS25 월계성북역점,"가정,생활 > 편의점 > GS25",서울 노원구 석계로 103,080-999-5425,37.62294498095257,127.06073837717676,285,427.5,6,대표메뉴|세트메뉴,8000|10000,False
후문,이마트24 광운대역점,"가정,생활 > 편의점 > 이마트24",서울 노원구 석계로 98-1,02-6010-1032,37.623221352147,127.061187175034,313,469.5,7,대표메뉴|세트메뉴,8000|10000,False
후문,CU 광운대원룸점,"가정,생활 > 편의점 > CU",서울 노원구 광운로15길 23,,37.62153814533509,127.05793937823356,312,468.0,7,대표메뉴|세트메뉴,8000|10000,False
후문,GS25 광운월계점,"가정,생활 > 편의점 > GS25",서울 노원구 광운로2나길 45,,37.6177870939132,127.060217680188,301,451.5,6,대표메뉴|세트메뉴,8000|10000,False
후문,GS25 현대대로점,"가정,생활 > 편의점 > GS25",서울 노원구 석계로 49,,37.61700197646387,127.06263415568448,397,595.5,9,대표메뉴|세트메뉴,8000|10000,False
후문,세븐일레븐 광운스퀘어점,"가정,생활 > 편의점 > 세븐일레븐",서울 노원구 광운로 20,,37.61999081299385,127.05862120221462,230,345.0,5,대표메뉴|세트메뉴,8000|10000,False
후문,GS25 광운타운점,"가정,생활 > 편의점 > GS25",서울 노원구 광운로 79,,37.624350024722,127.059946576322,452,678.0,10,대표메뉴|세트메뉴,8000|10000,False
후문,세븐일레븐 광운대원룸점,"가정,생활 > 편의점 > 세븐일레븐",서울 노원구 광운로2가길 23,,37.61810018357334,127.05933557310284,302,453.0,6,대표메뉴|세트메뉴,8000|10000,False
후문,세븐일레븐 광운대후문점,"가정,생활 > 편의점 > 세븐일레븐",서울 노원구 석계로13길 48,,37.6212428318449,127.061094935049,94,141.0,2,대표메뉴|세트메뉴,8000|10000,False
후문,GS25 광운사랑점,"가정,생활 > 편의점 > GS25",서울 노원구 광운로 17-11,,37.6195112503095,127.05726951003,358,537.0,8,대표메뉴|세트메뉴,8000|10000,False
후문,GS25 광운행운점,"가정,생활 > 편의점 > GS25",서울 노원구 광운로 5,080-999-5425,37.6184661312172,127.05721433937,410,615.0,9,대표메뉴|세트메뉴,8000|10000,False
후문,세븐일레븐 성북역점,"가정,생활 > 편의점 > 세븐일레븐",서울 노원구 광운로 71,,37.623700361506536,127.06004800368336,380,570.0,8,대표메뉴|세트메뉴,8000|10000,False
후문,GS25 광운문화관점,"가정,생활 > 편의점 > GS25",서울 노원구 광운로 21,02-942-2533,37.61982824130036,127.05759144242984,323,484.5,7,대표메뉴|세트메뉴,8000|10000,False
후문,CU 광운대기숙사점,"가정,생활 > 편의점 > CU",서울 노원구 광운로 21,053-857-9427,37.62148487572864,127.05630820027189,446,669.0,10,대표메뉴|세트메뉴,8000|10000,False
후문,제로스토어 광운대점,"가정,생활 > 편의점",서울 노원구 광운로 15,0507-1416-3208,37.6190155528723,127.05758628477297,352,528.0,8,대표메뉴|세트메뉴,8000|10000,False
후문,야타이,음식점 > 일식 > 일식집,서울 노원구 석계로18길 10-6,0502-5552-5931,37.6235008757847,127.060766015809,213,319.5,5,돈까스|초밥|우동|라멘,9000|12000|7000|9000,False
후문,본죽&비빔밥cafe 광운대역점,음식점 > 퓨전요리 > 퓨전한식 > 본죽&비빔밥cafe,서울 노원구 석계로 98-1,02-914-6285,37.6233006583535,127.0611498589125,232,348.0,5,비빔밥|제육볶음|된장찌개|불고기,8000|9000|7000|12000,False
후문,호시아카리,"음식점 > 일식 > 초밥,롤",서울 노원구 석계로 98-1,070-8747-1697,37.62331598687177,127.06112721623848,231,346.5,5,돈까스|초밥|우동|라멘,9000|12000|7000|9000,False
후문,착한족발 월계점,"음식점 > 한식 > 육류,고기 > 족발,보쌈",서울 노원구 석계로 95,010-4655-5669,37.62295564668777,127.06102157486964,271,406.5,6,비빔밥|제육볶음|된장찌개|불고기,8000|9000|7000|12000,False
후문,배스킨라빈스 광운대역점,음식점 > 간식 > 아이스크림 > 배스킨라빈스,서울 노원구 광운로 65,02-909-1441,37.6231642939857,127.06000905867,268,402.0,6,대표메뉴|세트메뉴,8000|10000,False
후문,명랑핫도그 광운대점,음식점 > 패스트푸드 > 명랑핫도그,서울 노원구 석계로 106,02-919-6488,37.62310822645583,127.06041340834152,262,393.0,6,대표메뉴|세트메뉴,8000|10000,False
후문,최환기쌈밥칼국수,음식점 > 한식 > 쌈밥,서울 노원구 광운로19가길 2,02-911-5402,37.62378064715679,127.05985549760452,214,321.0,5,비빔밥|제육볶음|된장찌개|불고기,8000|9000|7000|12000,False
후문,전주밥상쌈밥,음식점 > 한식 > 쌈밥,서울 노원구 광운로 61,02-3292-0118,37.62296447243826,127.05961922991156,303,454.5,6,비빔밥|제육볶음|된장찌개|불고기,8000|9000|7000|12000,False
후문,한솥도시락 광운대역점,음식점 > 도시락 > 한솥도시락,서울 노원구 석계로 95,02-6713-1113,37.62301864068847,127.06116661925894,264,396.0,6,대표메뉴|세트메뉴,8000|10000,False
후문,명태이야기,"음식점 > 한식 > 해물,생선",서울 노원구 석계로18길 13,02-943-1121,37.62366145724105,127.06036514708568,205,307.5,4,비빔밥|제육볶음|된장찌개|불고기,8000|9000|7000|12000,False
후문,돈장군 광운대본점,"음식점 > 한식 > 육류,고기",서울 노원구 광운로 69,02-941-8276,37.6234201402204,127.0600760973566,240,360.0,5,비빔밥|제육볶음|된장찌개|불고기,8000|9000|7000|12000,False
후문,큰맘할매순대국 광운대점,음식점 > 한식 > 순대 > 큰맘할매순대국,서울 노원구 광운로 67,02-942-1479,37.6232723708939,127.06009070433,254,381.0,5,비빔밥|제육볶음|된장찌개|불고기,8000|9000|7000|12000,False
후문,가마솥뼈다귀감자탕,음식점 > 한식 > 감자탕,서울 노원구 석계로18길 14,,37.62367307140256,127.06055772685896,199,298.5,4,비빔밥|제육볶음|된장찌개|불고기,8000|9000|7000|12000,False
후문,꽃님맥주,"음식점 > 술집 > 호프,요리주점",서울 노원구 석계로 98-1,,37.6233727402331,127.061144254146,224,336.0,5,대표메뉴|세트메뉴,8000|10000,False
후문,명동찌개마을 광운대역점,"음식점 > 한식 > 찌개,전골",서울 노원구 석계로18길 9,02-912-1181,37.6234560206821,127.060387636237,226,339.0,5,비빔밥|제육볶음|된장찌개|불고기,8000|9000|7000|12000,False
후문,파스토보이 월계점,음식점 > 양식 > 파스토보이,서울 노원구 광운로19길 11,070-4142-0308,37.62337066485688,127.05992086909748,250,375.0,5,파스타|피자|스테이크,12000|15000|25000,False
후문,서선생김치찜,"음식점 > 한식 > 찌개,전골",서울 노원구 석계로15길 14,02-909-3337,37.6223935484119,127.060793433159,335,502.5,7,비빔밥|제육볶음|된장찌개|불고기,8000|9000|7000|12000,False
후문,파리바게뜨 광운대역점,"음식점 > 간식 > 제과,베이커리 > 파리바게뜨",서울 노원구 석계로 95,02-913-4696,37.622954718743344,127.06107368088922,271,406.5,6,대표메뉴|세트메뉴,8000|10000,False
후문,연어시장 석계본점,"음식점 > 한식 > 해물,생선 > 회",서울 노원구 석계로 13,02-910-9540,37.6160406157153,127.064320999484,286,429.0,6,광어회|우럭회|모둠회|참돔회|연어회|대방어회|매운탕|회덮밥|물회|해물라면,35000|40000|60000|70000|38000|80000|10000|12000|15000|8000,False
후문,퀸스테이크,"음식점 > 양식 > 스테이크,립",서울 노원구 석계로1길 22,02-909-3206,37.6155176041706,127.063466536001,202,303.0,4,파스타|피자|스테이크,12000|15000|25000,False
후문,라무야끼,"음식점 > 한식 > 육류,고기",서울 노원구 석계로3길 15-1,02-909-3337,37.6157237900017,127.063727219901,227,340.5,5,비빔밥|제육볶음|된장찌개|불고기,8000|9000|7000|12000,False
후문,황금오리,"음식점 > 한식 > 육류,고기 > 오리",서울 노원구 석계로1길 22,02-909-7005,37.61550320601962,127.06343367711622,199,298.5,4,비빔밥|제육볶음|된장찌개|불고기,8000|9000|7000|12000,False
후문,KFC 석계역점,음식점 > 패스트푸드 > KFC,서울 노원구 석계로1길 14,02-2039-5859,37.61552365612336,127.06393885339828,244,366.0,5,대표메뉴|세트메뉴,8000|10000,False
후문,인생꼬치479,"음식점 > 술집 > 호프,요리주점",서울 노원구 석계로 15,0507-1383-4790,37.61614513955888,127.06430409972944,287,430.5,6,대표메뉴|세트메뉴,8000|10000,False
후문,제주본가,"음식점 > 한식 > 육류,고기",서울 노원구 석계로1길 18,02-919-0505,37.61549675267001,127.0637055059272,223,334.5,5,비빔밥|제육볶음|된장찌개|불고기,8000|9000|7000|12000,False
후문,투썸플레이스 석계역점,음식점 > 카페 > 커피전문점 > 투썸플레이스,서울 노원구 석계로1길 10,02-915-7955,37.61560644067768,127.06413487178988,261,391.5,6,아메리카노|카페라떼|케이크,4000|5000|6000,False
후문,마작카페 소소마장,"가정,생활 > 여가시설 > 보드카페",서울 노원구 석계로7길 18,010-5397-0066,37.61621765405028,127.06349997796345,224,336.0,5,아메리카노|카페라떼|케이크,4000|5000|6000,False
후문,후아나 석계점,음식점 > 카페 > 테마카페 > 디저트카페,서울 노원구 석계로1길 18,02-918-2885,37.6155399884749,127.063727063041,225,337.5,5,아메리카노|카페라떼|케이크,4000|5000|6000,False
후문,읍천리382 석계역점,음식점 > 카페 > 커피전문점 > 읍천리382,서울 노원구 석계로5길 11,010-7774-3820,37.616181439168926,127.06382501865563,249,373.5,5,아메리카노|카페라떼|케이크,4000|5000|6000,False
후문,빽다방 석계역문화공원점,음식점 > 카페 > 커피전문점 > 빽다방,서울 노원구 석계로3길 3,02-943-7686,37.61555048944035,127.06430018971456,276,414.0,6,아메리카노|카페라떼|케이크,4000|5000|6000,False
후문,세븐일레븐 석계점,"가정,생활 > 편의점 > 세븐일레븐",서울 노원구 석계로 9,02-917-0777,37.61566481725314,127.06447924614,292,438.0,6,대표메뉴|세트메뉴,8000|10000,False
후문,CU 월계코스모스점,"가정,생활 > 편의점 > CU",서울 노원구 석계로7길 18,,37.61624917826,127.063519259895,227,340.5,5,대표메뉴|세트메뉴,8000|10000,False
후문,향원,음식점 > 중식 > 중국요리,서울 노원구 석계로 27,02-941-3344,37.6172697795988,127.063923358541,400,600.0,9,짜장면|짬뽕|탕수육|볶음밥,7000|8000|18000|8000,False
후문,이상봉 이참치,음식점 > 일식,서울 노원구 석계로 21,02-943-1477,37.6166569850563,127.064149366032,452,678.0,10,돈까스|초밥|우동|라멘,9000|12000|7000|9000,False
후문,굴다리소머리국밥,음식점 > 한식 > 국밥,서울 노원구 석계로7길 2,02-941-0319,37.6167940151396,127.064002237623,443,664.5,9,비빔밥|제육볶음|된장찌개|불고기,8000|9000|7000|12000,False
후문,우리집,"음식점 > 한식 > 육류,고기",서울 노원구 석계로 19,02-909-1516,37.6165056252754,127.064137909416,468,702.0,10,비빔밥|제육볶음|된장찌개|불고기,8000|9000|7000|12000,False
후문,지원이네전집,음식점 > 한식,서울 노원구 석계로7길 11,,37.6164048565638,127.063876179173,487,730.5,10,비빔밥|제육볶음|된장찌개|불고기,8000|9000|7000|12000,False
후문,천년초우리밀칼국수,음식점 > 한식 > 국수 > 칼국수,서울 노원구 석계로 65,070-4036-1645,37.62047341117989,127.06276846319872,301,451.5,6,비빔밥|제육볶음|된장찌개|불고기,8000|9000|7000|12000,False
후문,토리아에즈 석계점,음식점 > 술집 > 일본식주점,서울 노원구 석계로7길 11,02-909-6037,37.6164003485594,127.063881838599,487,730.5,10,대표메뉴|세트메뉴,8000|10000,False
후문,치킨플러스 월계점,음식점 > 치킨 > 치킨플러스,서울 노원구 석계로13길 35,02-3292-5567,37.62068057833001,127.06116696912017,443,664.5,9,대표메뉴|세트메뉴,8000|10000,False
후문,반올림피자 서울월계점,음식점 > 양식 > 피자 > 반올림피자,서울 노원구 석계로13길 23-5,02-941-0201,37.6200586862731,127.06157197055356,408,612.0,9,파스타|피자|스테이크,12000|15000|25000,False
후문,월계돈,"음식점 > 한식 > 육류,고기",서울 노원구 석계로 63,02-941-3326,37.620290466163745,127.06285213034684,294,441.0,6,비빔밥|제육볶음|된장찌개|불고기,8000|9000|7000|12000,False
후문,비스트로리베르따,음식점 > 양식 > 이탈리안,서울 노원구 석계로7길 11,0507-1366-2538,37.61639494262744,127.06388183397408,488,732.0,10,파스타|피자|스테이크,12000|15000|25000,False
후문,한그릇,음식점 > 한식 > 국수,서울 노원구 광운로12길 38,02-941-7193,37.6213328671485,127.061217343723,450,675.0,10,비빔밥|제육볶음|된장찌개|불고기,8000|9000|7000|12000,False
후문,소문난순대국밥,음식점 > 한식 > 국밥,서울 노원구 석계로7길 7,02-918-2206,37.6165345638348,127.063940851672,472,708.0,10,비빔밥|제육볶음|된장찌개|불고기,8000|9000|7000|12000,False
후문,아따통닭 석계역점,음식점 > 치킨,서울 노원구 석계로 33,02-943-5777,37.6176779668314,127.063850084055,365,547.5,8,대표메뉴|세트메뉴,8000|10000,False
후문,100 한우곰탕,음식점 > 한식,서울 노원구 석계로 39-1,02-943-0773,37.6184195786971,127.063667222912,312,468.0,7,비빔밥|제육볶음|된장찌개|불고기,8000|9000|7000|12000,False
후문,포 레오 본점,음식점 > 아시아음식 > 동남아음식,서울 노원구 광운로 46,070-8153-5900,37.6217159250085,127.060950331835,484,726.0,10,대표메뉴|세트메뉴,8000|10000,False
후문,하담,"음식점 > 간식 > 떡,한과",서울 노원구 광운로 46,0507-1395-2048,37.6217159250085,127.060950331835,484,726.0,10,대표메뉴|세트메뉴,8000|10000,False
후문,갤러리eat,음식점 > 한식,서울 노원구 석계로13길 25-1,,37.620169620391,127.061355713707,426,639.0,9,비빔밥|제육볶음|된장찌개|불고기,8000|9000|7000|12000,False
후문,연선네아구찜아구탕,"음식점 > 한식 > 해물,생선 > 아구",서울 노원구 석계로7길 10,02-916-4032,37.6165058400736,127.063741479233,482,723.0,10,비빔밥|제육볶음|된장찌개|불고기,8000|9000|7000|12000,False
후문,미식성,음식점 > 중식 > 중국요리,서울 노원구 광운로 9,02-915-6020,37.6187111624562,127.057291550168,210,315.0,4,짜장면|짬뽕|탕수육|볶음밥,7000|8000|18000|8000,False
후문,동대문엽기떡볶이 월계점,음식점 > 분식 > 떡볶이 > 동대문엽기떡볶이,서울 노원구 광운로 39,02-911-8591,37.6210601206078,127.05895166547,255,382.5,5,김밥|라면|떡볶이|튀김,3500|4000|5000|6000,False
후문,신연마라탕,음식점 > 중식,서울 노원구 광운로 35,02-909-2838,37.6206962708118,127.058652339616,220,330.0,5,짜장면|짬뽕|탕수육|볶음밥,7000|8000|18000|8000,False
후문,카츠백 월계점,"음식점 > 일식 > 돈까스,우동 > 카츠백",서울 노원구 광운로 44,02-6953-2204,37.621340953417,127.059500129304,311,466.5,7,돈까스|초밥|우동|라멘,9000|12000|7000|9000,False
후문,목포홍탁,"음식점 > 한식 > 해물,생선",서울 노원구 광운로1길 10,02-914-3703,37.61867438098913,127.05696304151888,202,303.0,4,비빔밥|제육볶음|된장찌개|불고기,8000|9000|7000|12000,False
후문,이삭토스트 광운대점,음식점 > 간식 > 토스트 > 이삭토스트,서울 노원구 광운로 37-1,02-943-0799,37.620878192415546,127.0588087985225,238,357.0,5,대표메뉴|세트메뉴,8000|10000,False
후문,브레댄코 광운대점,"음식점 > 간식 > 제과,베이커리 > 브레댄코",서울 노원구 광운로 20,02-941-6108,37.61945936520447,127.05834893621858,217,325.5,5,대표메뉴|세트메뉴,8000|10000,False
후문,양드림,"음식점 > 한식 > 육류,고기",서울 노원구 광운로2길 27,02-943-3408,37.617420329985926,127.05855009108576,390,585.0,8,비빔밥|제육볶음|된장찌개|불고기,8000|9000|7000|12000,False
후문,경대컵밥 광운대점,음식점 > 도시락,서울 노원구 광운로 17-13,02-941-1047,37.619597802211,127.057151775086,123,184.5,3,대표메뉴|세트메뉴,8000|10000,False
후문,밥은화 광운대본점,음식점 > 한식,서울 노원구 광운로12길 11,02-3292-7979,37.6212795351311,127.059799121243,334,501.0,7,비빔밥|제육볶음|된장찌개|불고기,8000|9000|7000|12000,False
후문,스시덤,"음식점 > 일식 > 초밥,롤",서울 노원구 광운로2길 6,02-2088-8070,37.6180921113138,127.057440589225,278,417.0,6,돈까스|초밥|우동|라멘,9000|12000|7000|9000,False
후문,장수국수 광운대점,음식점 > 한식 > 국수,서울 노원구 광운로 27,070-8111-2595,37.6202243174404,127.058321216179,189,283.5,4,비빔밥|제육볶음|된장찌개|불고기,8000|9000|7000|12000,False
후문,파리바게뜨 장위뉴타운점,"음식점 > 간식 > 제과,베이커리 > 파리바게뜨",서울 성북구 한천로 713,02-942-5627,37.61959537145436,127.05063758612393,497,745.5,11,대표메뉴|세트메뉴,8000|10000,False
후문,맘스터치 광운대점,음식점 > 패스트푸드 > 맘스터치,서울 노원구 광운로 33,02-941-7674,37.6205710814027,127.058555960075,210,315.0,4,대표메뉴|세트메뉴,8000|10000,False
후문,피자헛 월계2호점,음식점 > 양식 > 피자 > 피자헛,서울 성북구 한천로 735,02-902-2777,37.6219025617684,127.05160481197088,437,655.5,9,파스타|피자|스테이크,12000|15000|25000,False
후문,성북시니어 클럽 장위지점,음식점 > 카페 > 커피전문점,서울 성북구 한천로 708,,37.6200887443682,127.053513878053,238,357.0,5,아메리카노|카페라떼|케이크,4000|5000|6000,False
후문,카페인24 꿈의숲 SK뷰점,음식점 > 카페 > 테마카페 > 무인카페 > 카페인24,서울 노원구 월계로44길 68-6,0506-429-0611,37.622302010715,127.052532240842,385,577.5,8,아메리카노|카페라떼|케이크,4000|5000|6000,False
후문,우지커피 장위뉴타운점,음식점 > 카페 > 커피전문점 > 우지커피,서울 성북구 한천로 713,,37.61921679325695,127.05101678365784,474,711.0,10,아메리카노|카페라떼|케이크,4000|5000|6000,False
후문,커피정원,음식점 > 카페,서울 성북구 한천로 708,,37.6200888054192,127.053379085298,249,373.5,5,아메리카노|카페라떼|케이크,4000|5000|6000,False
후문,CU 광운대점,"가정,생활 > 편의점 > CU",서울 노원구 광운로1길 60,02-909-8384,37.62039350156694,127.05498776159637,105,157.5,2,대표메뉴|세트메뉴,8000|10000,False
후문,GS25 월계꿈의숲점,"가정,생활 > 편의점 > GS25",서울 노원구 월계로42길 97,,37.621412232406634,127.05365188736572,250,375.0,5,대표메뉴|세트메뉴,8000|10000,False
후문,CU 장위퍼스트하이점,"가정,생활 > 편의점 > CU",서울 성북구 한천로 713,,37.619261862218,127.050971506451,476,714.0,10,대표메뉴|세트메뉴,8000|10000,False
후문,CU 노원월계점,"가정,생활 > 편의점 > CU",서울 노원구 월계로44가길 19,02-910-8605,37.623524318881,127.053271663575,432,648.0,9,대표메뉴|세트메뉴,8000|10000,False
한울관,하이레,"음식점 > 일식 > 돈까스,우동",서울 노원구 광운로12길 6,,37.62096077851908,127.05941713733176,182,273.0,4,돈까스|초밥|우동|라멘,9000|12000|7000|9000,False
한울관,화로상회 광운대점,음식점 > 뷔페 > 고기뷔페,서울 노원구 광운로 37,02-941-2292,37.62077461782266,127.05873055905124,118,177.0,3,대표메뉴|세트메뉴,8000|10000,False
한울관,마떡다이천 광운대본점,음식점 > 분식 > 떡볶이,서울 노원구 석계로 106,02-976-4841,37.6231064273819,127.060407743094,391,586.5,8,김밥|라면|떡볶이|튀김,3500|4000|5000|6000,False
한울관,더원,음식점 > 중식,서울 노원구 광운로 61,02-909-5477,37.6230814538525,127.05990930937736,360,540.0,8,짜장면|짬뽕|탕수육|볶음밥,7000|8000|18000|8000,False
한울관,일심해장국 월계점,음식점 > 한식 > 해장국,서울 노원구 석계로15길 25,02-909-1640,37.621977651357454,127.06183634914686,421,631.5,9,비빔밥|제육볶음|된장찌개|불고기,8000|9000|7000|12000,False
한울관,진미통닭,음식점 > 치킨,서울 노원구 광운로 45,02-918-3492,37.6214654962473,127.059089046317,181,271.5,4,대표메뉴|세트메뉴,8000|10000,False
한울관,윤스쿡,"음식점 > 일식 > 돈까스,우동",서울 노원구 광운로 29,,37.6203107561798,127.058434555295,89,133.5,2,돈까스|초밥|우동|라멘,9000|12000|7000|9000,False
한울관,서초우동 광운대역점,"음식점 > 일식 > 돈까스,우동",서울 노원구 석계로18길 23,02-941-0096,37.62388375193732,127.06085015246404,482,723.0,10,돈까스|초밥|우동|라멘,9000|12000|7000|9000,False
한울관,수해복마라탕 광운대점,음식점 > 중식 > 중국요리,서울 노원구 광운로 39,02-917-3303,37.6210745477174,127.058929022312,146,219.0,3,짜장면|짬뽕|탕수육|볶음밥,7000|8000|18000|8000,False
한울관,도미노피자 월계점,음식점 > 양식 > 피자 > 도미노피자,서울 노원구 광운로 52,02-915-3082,37.6219391607872,127.059595756284,249,373.5,5,파스타|피자|스테이크,12000|15000|25000,False
한울관,친친,음식점 > 중식 > 중국요리,서울 노원구 석계로18길 10-9,02-6229-4143,37.6236251301821,127.060924704224,464,696.0,10,짜장면|짬뽕|탕수육|볶음밥,7000|8000|18000|8000,False
한울관,마포연탄불고기,"음식점 > 한식 > 육류,고기 > 불고기,두루치기",서울 노원구 석계로18길 4,02-915-2826,37.623230699702965,127.0605324472798,409,613.5,9,비빔밥|제육볶음|된장찌개|불고기,8000|9000|7000|12000,False
한울관,디델리 광운대점,음식점 > 분식,서울 노원구 광운로 31,02-3292-1194,37.6204440641234,127.058511684455,94,141.0,2,김밥|라면|떡볶이|튀김,3500|4000|5000|6000,False
한울관,여우곱창,"음식점 > 한식 > 육류,고기 > 곱창,막창",서울 노원구 광운로 68,02-919-3339,37.6233155258228,127.060271980912,401,601.5,9,비빔밥|제육볶음|된장찌개|불고기,8000|9000|7000|12000,False
한울관,김밥천국,음식점 > 분식,서울 노원구 광운로 33,02-942-7804,37.620528733322885,127.05855932501956,98,147.0,2,김밥|라면|떡볶이|튀김,3500|4000|5000|6000,False
한울관,이층집,"음식점 > 한식 > 찌개,전골",서울 노원구 광운로 17-5,02-941-3588,37.6193669821635,127.057495939695,124,186.0,3,비빔밥|제육볶음|된장찌개|불고기,8000|9000|7000|12000,False
한울관,꽃제비칼국수,음식점 > 한식 > 국수 > 칼국수,서울 노원구 광운로12길 13,02-911-8371,37.6213083069597,127.05991694832,236,354.0,5,비빔밥|제육볶음|된장찌개|불고기,8000|9000|7000|12000,False
한울관,팔팔전어횟집,"음식점 > 한식 > 해물,생선 > 회",서울 노원구 광운로 25,02-914-8876,37.6200477642131,127.058239523003,85,127.5,2,광어회|우럭회|모둠회|참돔회|연어회|대방어회|매운탕|회덮밥|물회|해물라면,35000|40000|60000|70000|38000|80000|10000|12000|15000|8000,False
한울관,영축산정육식당,"음식점 > 한식 > 육류,고기",서울 노원구 광운로 52,02-915-6221,37.6217895178956,127.059751954723,250,375.0,5,비빔밥|제육볶음|된장찌개|불고기,8000|9000|7000|12000,False
한울관,여자만아구찜,"음식점 > 한식 > 해물,생선 > 아구",서울 노원구 석계로18길 10-8,02-941-1989,37.6235062163082,127.060892889771,452,678.0,10,비빔밥|제육볶음|된장찌개|불고기,8000|9000|7000|12000,False
한울관,미식성,음식점 > 중식 > 중국요리,서울 노원구 광운로 9,02-915-6020,37.6187111624562,127.057291550168,197,295.5,4,짜장면|짬뽕|탕수육|볶음밥,7000|8000|18000|8000,False
한울관,와플대학 광운대캠퍼스,"음식점 > 간식 > 제과,베이커리 > 와플대학",서울 노원구 광운로 64,02-941-3890,37.62283985104657,127.06018097652368,355,532.5,8,대표메뉴|세트메뉴,8000|10000,False
한울관,푸른스시,"음식점 > 일식 > 초밥,롤",서울 노원구 광운로 33,0503-7150-4889,37.620592674732514,127.05861714390358,104,156.0,2,돈까스|초밥|우동|라멘,9000|12000|7000|9000,False
한울관,맛불,음식점 > 한식,서울 노원구 광운로 39,010-3489-3056,37.6210709511218,127.058914294016,145,217.5,3,비빔밥|제육볶음|된장찌개|불고기,8000|9000|7000|12000,False
한울관,중화호반닭갈비 광운대점,"음식점 > 한식 > 육류,고기 > 닭요리",서울 노원구 광운로 53,02-942-0799,37.6224564534593,127.059345831815,275,412.5,6,비빔밥|제육볶음|된장찌개|불고기,8000|9000|7000|12000,False
한울관,한라산감자탕,음식점 > 한식 > 감자탕,서울 노원구 석계로15길 17,010-6482-8321,37.6223654328671,127.061151358349,388,582.0,8,비빔밥|제육볶음|된장찌개|불고기,8000|9000|7000|12000,False
한울관,동대문엽기떡볶이 월계점,음식점 > 분식 > 떡볶이 > 동대문엽기떡볶이,서울 노원구 광운로 39,02-911-8591,37.6210601206078,127.05895166547,147,220.5,3,김밥|라면|떡볶이|튀김,3500|4000|5000|6000,False
한울관,청년다방 광운대점,음식점 > 분식 > 떡볶이 > 청년다방,서울 노원구 광운로 44,02-6085-9124,37.62135716432966,127.05951373500557,206,309.0,4,김밥|라면|떡볶이|튀김,3500|4000|5000|6000,False
한울관,써브웨이 광운대역점,음식점 > 패스트푸드 > 샌드위치 > 써브웨이,서울 노원구 광운로 57,02-942-7779,37.62266353825251,127.05962805159405,309,463.5,7,대표메뉴|세트메뉴,8000|10000,False
한울관,맛닭꼬 광운대점,음식점 > 치킨 > 맛닭꼬,서울 노원구 광운로 61,02-942-3492,37.62309584950046,127.05994896746644,364,546.0,8,대표메뉴|세트메뉴,8000|10000,False
한울관,또와집순대국,음식점 > 한식 > 순대,서울 노원구 광운로19길 13,02-943-2207,37.62326079906855,127.05981316864523,372,558.0,8,비빔밥|제육볶음|된장찌개|불고기,8000|9000|7000|12000,False
한울관,신연마라탕,음식점 > 중식,서울 노원구 광운로 35,02-909-2838,37.6206962708118,127.058652339616,109,163.5,2,짜장면|짬뽕|탕수육|볶음밥,7000|8000|18000|8000,False
한울관,카츠백 월계점,"음식점 > 일식 > 돈까스,우동 > 카츠백",서울 노원구 광운로 44,02-6953-2204,37.621340953417,127.059500129304,204,306.0,4,돈까스|초밥|우동|라멘,9000|12000|7000|9000,False
한울관,이삭토스트 광운대점,음식점 > 간식 > 토스트 > 이삭토스트,서울 노원구 광운로 37-1,02-943-0799,37.620878192415546,127.0588087985225,128,192.0,3,대표메뉴|세트메뉴,8000|10000,False
한울관,미미식당 월계점,"음식점 > 한식 > 육류,고기",서울 노원구 석계로18길 5,,37.6232722135876,127.06039881516,404,606.0,9,비빔밥|제육볶음|된장찌개|불고기,8000|9000|7000|12000,False
한울관,빈대떡신사,"음식점 > 술집 > 호프,요리주점",서울 노원구 광운로 70,02-774-9595,37.6234669008526,127.060253978908,413,619.5,9,대표메뉴|세트메뉴,8000|10000,False
한울관,사계절김밥,음식점 > 분식,서울 노원구 광운로 72,02-941-7789,37.6235588107524,127.060235928848,420,630.0,9,김밥|라면|떡볶이|튀김,3500|4000|5000|6000,False
한울관,브레댄코 광운대점,"음식점 > 간식 > 제과,베이커리 > 브레댄코",서울 노원구 광운로 20,02-941-6108,37.61945936520447,127.05834893621858,139,208.5,3,대표메뉴|세트메뉴,8000|10000,False
한울관,양드림,"음식점 > 한식 > 육류,고기",서울 노원구 광운로2길 27,02-943-3408,37.617420329985926,127.05855009108576,354,531.0,8,비빔밥|제육볶음|된장찌개|불고기,8000|9000|7000|12000,False
한울관,밥은화 광운대본점,음식점 > 한식,서울 노원구 광운로12길 11,02-3292-7979,37.6212795351311,127.059799121243,225,337.5,5,비빔밥|제육볶음|된장찌개|불고기,8000|9000|7000|12000,False
한울관,전주밥상쌈밥,음식점 > 한식 > 쌈밥,서울 노원구 광운로 61,02-3292-0118,37.62296447243826,127.05961922991156,335,502.5,7,비빔밥|제육볶음|된장찌개|불고기,8000|9000|7000|12000,False
한울관,장수국수 광운대점,음식점 > 한식 > 국수,서울 노원구 광운로 27,070-8111-2595,37.6202243174404,127.058321216179,82,123.0,2,비빔밥|제육볶음|된장찌개|불고기,8000|9000|7000|12000,False
한울관,목포홍탁,"음식점 > 한식 > 해물,생선",서울 노원구 광운로1길 10,02-914-3703,37.61867438098913,127.05696304151888,205,307.5,4,비빔밥|제육볶음|된장찌개|불고기,8000|9000|7000|12000,False
한울관,후문식당,음식점 > 분식,서울 노원구 석계로13길 25-1,02-916-8745,37.62016962097997,127.06135458099394,347,520.5,7,김밥|라면|떡볶이|튀김,3500|4000|5000|6000,False
한울관,경대컵밥 광운대점,음식점 > 도시락,서울 노원구 광운로 17-13,02-941-1047,37.619597802211,127.057151775086,102,153.0,2,대표메뉴|세트메뉴,8000|10000,False
한울관,1일1잔,음식점 > 카페 > 테마카페 > 디저트카페,서울 노원구 광운로2길 6,,37.6180767967353,127.057436046716,267,400.5,6,아메리카노|카페라떼|케이크,4000|5000|6000,False
한울관,스타벅스 광운대점,음식점 > 카페 > 커피전문점 > 스타벅스,서울 노원구 석계로 104,1522-3232,37.6231891063632,127.060820134493,422,633.0,9,아메리카노|카페라떼|케이크,4000|5000|6000,False
한울관,월계청춘카페,음식점 > 카페,서울 노원구 광운로 44,070-4174-7755,37.6213607728479,127.059504676027,206,309.0,4,아메리카노|카페라떼|케이크,4000|5000|6000,False
한울관,컴포즈커피 광운대80주년기념관점,음식점 > 카페 > 커피전문점 > 컴포즈커피,서울 노원구 광운로 20,02-909-1617,37.62030155947812,127.0588106097436,122,183.0,3,아메리카노|카페라떼|케이크,4000|5000|6000,False
한울관,카페니니,음식점 > 카페,서울 노원구 광운로 59,02-2138-1884,37.6227500329914,127.05962812068,316,474.0,7,아메리카노|카페라떼|케이크,4000|5000|6000,False
한울관,빠말,음식점 > 카페 > 테마카페 > 디저트카페,서울 노원구 광운로 7,070-7677-8341,37.6185733102653,127.057293709771,212,318.0,5,아메리카노|카페라떼|케이크,4000|5000|6000,False
한울관,메가MGC커피 광운대점,음식점 > 카페 > 커피전문점 > 메가MGC커피,서울 노원구 광운로 35,02-942-1005,37.62068904770362,127.05868291742624,111,166.5,2,아메리카노|카페라떼|케이크,4000|5000|6000,False
한울관,설빙 광운대점,음식점 > 카페 > 테마카페 > 디저트카페 > 설빙,서울 노원구 광운로 25,02-6953-9749,37.6200694057919,127.058203293092,81,121.5,2,아메리카노|카페라떼|케이크,4000|5000|6000,False
한울관,광운커피,음식점 > 카페,서울 노원구 광운로 25,010-4190-3569,37.6200685020056,127.058208955948,81,121.5,2,아메리카노|카페라떼|케이크,4000|5000|6000,False
한울관,카페베르데,음식점 > 카페,서울 노원구 광운로 17-3,,37.6192876400272,127.057609148638,134,201.0,3,아메리카노|카페라떼|케이크,4000|5000|6000,False
한울관,공차 광운대점,음식점 > 카페 > 공차,서울 노원구 광운로 20,02-943-8523,37.62001145287181,127.05878772699673,130,195.0,3,아메리카노|카페라떼|케이크,4000|5000|6000,False
한울관,매머드익스프레스 광운대정문점,음식점 > 카페 > 커피전문점 > 매머드익스프레스,서울 노원구 광운로 27,,37.6202171095369,127.058321210548,83,124.5,2,아메리카노|카페라떼|케이크,4000|5000|6000,False
한울관,빽다방 광운대점,음식점 > 카페 > 커피전문점 > 빽다방,서울 노원구 광운로 43,070-7752-5322,37.62131326117863,127.05902549288253,166,249.0,4,아메리카노|카페라떼|케이크,4000|5000|6000,False
한울관,메가MGC커피 광운대역점,음식점 > 카페 > 커피전문점 > 메가MGC커피,서울 노원구 석계로 103,02-942-9917,37.6229242932203,127.06067039501,392,588.0,8,아메리카노|카페라떼|케이크,4000|5000|6000,False
한울관,요거프레소 광운대점,음식점 > 카페 > 테마카페 > 디저트카페 > 요거프레소,서울 노원구 광운로 17-9,,37.6194139216729,127.057314743468,119,178.5,3,아메리카노|카페라떼|케이크,4000|5000|6000,False
한울관,요거트아이스크림의정석 광운대점,음식점 > 카페 > 테마카페 > 디저트카페 > 요거트아이스크림의정석,서울 노원구 광운로 60,010-5949-2407,37.62265074300844,127.05998599082864,328,492.0,7,아메리카노|카페라떼|케이크,4000|5000|6000,False
한울관,우우즈,음식점 > 카페,서울 노원구 광운로12길 32,,37.6212465148617,127.060942019495,320,480.0,7,아메리카노|카페라떼|케이크,4000|5000|6000,False
한울관,서울수플레,음식점 > 카페,서울 노원구 광운로17길 13,0504-823-0663,37.6224215775715,127.058821341782,246,369.0,5,아메리카노|카페라떼|케이크,4000|5000|6000,False
한울관,커피는기억의끌림,음식점 > 카페 > 커피전문점,서울 노원구 석계로 98-1,02-911-7735,37.6234196267418,127.06107632676282,457,685.5,10,아메리카노|카페라떼|케이크,4000|5000|6000,False
한울관,카페빈둥,음식점 > 카페 > 커피전문점,서울 노원구 석계로15길 17,,37.6223816535661,127.061145707899,388,582.0,8,아메리카노|카페라떼|케이크,4000|5000|6000,False
한울관,메타킹커피 광운대점,음식점 > 카페,서울 노원구 광운로12길 5,,37.6212247477794,127.059456992958,195,292.5,4,아메리카노|카페라떼|케이크,4000|5000|6000,False
한울관,오쎄,음식점 > 카페,서울 노원구 광운로 62,02-918-5508,37.6227245870602,127.060058546328,339,508.5,7,아메리카노|카페라떼|케이크,4000|5000|6000,False
한울관,성북시니어 클럽 장위지점,음식점 > 카페 > 커피전문점,서울 성북구 한천로 708,,37.6200887443682,127.053513878053,349,523.5,7,아메리카노|카페라떼|케이크,4000|5000|6000,False
한울관,이디야커피 광운대점,음식점 > 카페 > 커피전문점 > 이디야커피,서울 노원구 광운로 29,02-942-0937,37.6203251764627,127.058425504853,88,132.0,2,아메리카노|카페라떼|케이크,4000|5000|6000,False
한울관,매머드익스프레스 광운대후문점,음식점 > 카페 > 커피전문점 > 매머드익스프레스,서울 노원구 석계로13길 23,,37.6202136590307,127.061566434787,365,547.5,8,아메리카노|카페라떼|케이크,4000|5000|6000,False
한울관,CORD Jr.,음식점 > 카페 > 커피전문점,서울 노원구 석계로13길 40,,37.6209499341225,127.061243082418,339,508.5,7,아메리카노|카페라떼|케이크,4000|5000|6000,False
한울관,데이롱카페 광운대점,음식점 > 카페 > 테마카페 > 무인카페 > 데이롱카페,서울 노원구 광운로12길 38,,37.621302220658,127.061242238675,347,520.5,7,아메리카노|카페라떼|케이크,4000|5000|6000,False
한울관,카페인24 꿈의숲 SK뷰점,음식점 > 카페 > 테마카페 > 무인카페 > 카페인24,서울 노원구 월계로44길 68-6,0506-429-0611,37.622302010715,127.052532240842,478,717.0,10,아메리카노|카페라떼|케이크,4000|5000|6000,False
한울관,커피정원,음식점 > 카페,서울 성북구 한천로 708,,37.6200888054192,127.053379085298,361,541.5,8,아메리카노|카페라떼|케이크,4000|5000|6000,False
한울관,롯오브젝트,음식점 > 카페,서울 노원구 광운로3길 7,,37.619014830962605,127.05721815792296,164,246.0,4,아메리카노|카페라떼|케이크,4000|5000|6000,False
한울관,카페이공일,음식점 > 카페,서울 노원구 광운로2가길 14-16,,37.6172241794109,127.059818526685,418,627.0,9,아메리카노|카페라떼|케이크,4000|5000|6000,False
한울관,CU 광운대원룸점,"가정,생활 > 편의점 > CU",서울 노원구 광운로15길 23,,37.62153814533509,127.05793937823356,124,186.0,3,대표메뉴|세트메뉴,8000|10000,False
한울관,CU 광운대점,"가정,생활 > 편의점 > CU",서울 노원구 광운로1길 60,02-909-8384,37.62039350156694,127.05498776159637,217,325.5,5,대표메뉴|세트메뉴,8000|10000,False
한울관,GS25 월계꿈의숲점,"가정,생활 > 편의점 > GS25",서울 노원구 월계로42길 97,,37.621412232406634,127.05365188736572,350,525.0,8,대표메뉴|세트메뉴,8000|10000,False
한울관,GS25 월계성북역점,"가정,생활 > 편의점 > GS25",서울 노원구 석계로 103,080-999-5425,37.62294498095257,127.06073837717676,398,597.0,9,대표메뉴|세트메뉴,8000|10000,False
한울관,세븐일레븐 광운스퀘어점,"가정,생활 > 편의점 > 세븐일레븐",서울 노원구 광운로 20,,37.61999081299385,127.05862120221462,117,175.5,3,대표메뉴|세트메뉴,8000|10000,False
한울관,GS25 광운월계점,"가정,생활 > 편의점 > GS25",서울 노원구 광운로2나길 45,,37.6177870939132,127.060217680188,387,580.5,8,대표메뉴|세트메뉴,8000|10000,False
한울관,이마트24 광운대역점,"가정,생활 > 편의점 > 이마트24",서울 노원구 석계로 98-1,02-6010-1032,37.623221352147,127.061187175034,448,672.0,10,대표메뉴|세트메뉴,8000|10000,False
한울관,GS25 광운사랑점,"가정,생활 > 편의점 > GS25",서울 노원구 광운로 17-11,,37.6195112503095,127.05726951003,109,163.5,2,대표메뉴|세트메뉴,8000|10000,False
한울관,세븐일레븐 광운대원룸점,"가정,생활 > 편의점 > 세븐일레븐",서울 노원구 광운로2가길 23,,37.61810018357334,127.05933557310284,313,469.5,7,대표메뉴|세트메뉴,8000|10000,False
한울관,GS25 광운타운점,"가정,생활 > 편의점 > GS25",서울 노원구 광운로 79,,37.624350024722,127.059946576322,482,723.0,10,대표메뉴|세트메뉴,8000|10000,False
한울관,GS25 광운로드점,"가정,생활 > 편의점 > GS25",서울 노원구 석계로 65,,37.6205572138281,127.0627481447,468,702.0,10,대표메뉴|세트메뉴,8000|10000,False
한울관,GS25 광운행운점,"가정,생활 > 편의점 > GS25",서울 노원구 광운로 5,080-999-5425,37.6184661312172,127.05721433937,225,337.5,5,대표메뉴|세트메뉴,8000|10000,False
한울관,GS25 광운문화관점,"가정,생활 > 편의점 > GS25",서울 노원구 광운로 21,02-942-2533,37.61982824130036,127.05759144242984,74,111.0,2,대표메뉴|세트메뉴,8000|10000,False
한울관,CU 광운대기숙사점,"가정,생활 > 편의점 > CU",서울 노원구 광운로 21,053-857-9427,37.62148487572864,127.05630820027189,149,223.5,3,대표메뉴|세트메뉴,8000|10000,False
한울관,CU 노원월계점,"가정,생활 > 편의점 > CU",서울 노원구 월계로44가길 19,02-910-8605,37.623524318881,127.053271663575,499,748.5,11,대표메뉴|세트메뉴,8000|10000,False
한울관,세븐일레븐 광운대후문점,"가정,생활 > 편의점 > 세븐일레븐",서울 노원구 석계로13길 48,,37.6212428318449,127.061094935049,333,499.5,7,대표메뉴|세트메뉴,8000|10000,False
한울관,세븐일레븐 성북역점,"가정,생활 > 편의점 > 세븐일레븐",서울 노원구 광운로 71,,37.623700361506536,127.06004800368336,424,636.0,9,대표메뉴|세트메뉴,8000|10000,False
한울관,제로스토어 광운대점,"가정,생활 > 편의점",서울 노원구 광운로 15,0507-1416-3208,37.6190155528723,127.05758628477297,163,244.5,3,대표메뉴|세트메뉴,8000|10000,False
한울관,야타이,음식점 > 일식 > 일식집,서울 노원구 석계로18길 10-6,0502-5552-5931,37.6235008757847,127.060766015809,367,550.5,8,돈까스|초밥|우동|라멘,9000|12000|7000|9000,False
한울관,본죽&비빔밥cafe 광운대역점,음식점 > 퓨전요리 > 퓨전한식 > 본죽&비빔밥cafe,서울 노원구 석계로 98-1,02-914-6285,37.6233006583535,127.0611498589125,407,610.5,9,비빔밥|제육볶음|된장찌개|불고기,8000|9000|7000|12000,False
한울관,배스킨라빈스 광운대역점,음식점 > 간식 > 아이스크림 > 배스킨라빈스,서울 노원구 광운로 65,02-909-1441,37.6231642939857,127.06000905867,343,514.5,7,대표메뉴|세트메뉴,8000|10000,False
한울관,최환기쌈밥칼국수,음식점 > 한식 > 쌈밥,서울 노원구 광운로19가길 2,02-911-5402,37.62378064715679,127.05985549760452,285,427.5,6,비빔밥|제육볶음|된장찌개|불고기,8000|9000|7000|12000,False
한울관,호시아카리,"음식점 > 일식 > 초밥,롤",서울 노원구 석계로 98-1,070-8747-1697,37.62331598687177,127.06112721623848,405,607.5,9,돈까스|초밥|우동|라멘,9000|12000|7000|9000,False
한울관,명랑핫도그 광운대점,음식점 > 패스트푸드 > 명랑핫도그,서울 노원구 석계로 106,02-919-6488,37.62310822645583,127.06041340834152,372,558.0,8,대표메뉴|세트메뉴,8000|10000,False
한울관,착한족발 월계점,"음식점 > 한식 > 육류,고기 > 족발,보쌈",서울 노원구 석계로 95,010-4655-5669,37.62295564668777,127.06102157486964,423,634.5,9,비빔밥|제육볶음|된장찌개|불고기,8000|9000|7000|12000,False
한울관,돈장군 광운대본점,"음식점 > 한식 > 육류,고기",서울 노원구 광운로 69,02-941-8276,37.6234201402204,127.0600760973566,326,489.0,7,비빔밥|제육볶음|된장찌개|불고기,8000|9000|7000|12000,False
한울관,큰맘할매순대국 광운대점,음식점 > 한식 > 순대 > 큰맘할매순대국,서울 노원구 광운로 67,02-942-1479,37.6232723708939,127.06009070433,339,508.5,7,비빔밥|제육볶음|된장찌개|불고기,8000|9000|7000|12000,False
한울관,명태이야기,"음식점 > 한식 > 해물,생선",서울 노원구 석계로18길 13,02-943-1121,37.62366145724105,127.06036514708568,328,492.0,7,비빔밥|제육볶음|된장찌개|불고기,8000|9000|7000|12000,False
한울관,가마솥뼈다귀감자탕,음식점 > 한식 > 감자탕,서울 노원구 석계로18길 14,,37.62367307140256,127.06055772685896,341,511.5,7,비빔밥|제육볶음|된장찌개|불고기,8000|9000|7000|12000,False
한울관,파스토보이 월계점,음식점 > 양식 > 파스토보이,서울 노원구 광운로19길 11,070-4142-0308,37.62337066485688,127.05992086909748,321,481.5,7,파스타|피자|스테이크,12000|15000|25000,False
한울관,명동찌개마을 광운대역점,"음식점 > 한식 > 찌개,전골",서울 노원구 석계로18길 9,02-912-1181,37.6234560206821,127.060387636237,344,516.0,7,비빔밥|제육볶음|된장찌개|불고기,8000|9000|7000|12000,False
한울관,한솥도시락 광운대역점,음식점 > 도시락 > 한솥도시락,서울 노원구 석계로 95,02-6713-1113,37.62301864068847,127.06116661925894,428,642.0,9,대표메뉴|세트메뉴,8000|10000,False
한울관,삼대냉면,음식점 > 한식 > 냉면,서울 노원구 석계로9길 33,,37.61666051655156,127.0626066854087,474,711.0,10,비빔밥|제육볶음|된장찌개|불고기,8000|9000|7000|12000,False
한울관,스시덤,"음식점 > 일식 > 초밥,롤",서울 노원구 광운로2길 6,02-2088-8070,37.6180921113138,127.057440589225,288,432.0,6,돈까스|초밥|우동|라멘,9000|12000|7000|9000,False
한울관,두찜 노원월계점,"음식점 > 한식 > 육류,고기 > 닭요리 > 두찜",서울 노원구 광운로3길 7,02-941-7779,37.6190148309572,127.057218157923,391,586.5,8,비빔밥|제육볶음|된장찌개|불고기,8000|9000|7000|12000,False
한울관,뚝배기,음식점 > 분식,서울 노원구 광운로3길 6,,37.6191111105627,127.057477619491,402,603.0,9,김밥|라면|떡볶이|튀김,3500|4000|5000|6000,False
한울관,파파존스 광운대점,음식점 > 양식 > 피자 > 파파존스,서울 노원구 광운로 15,02-941-8959,37.61897322138736,127.05755566934126,386,579.0,8,파스타|피자|스테이크,12000|15000|25000,False
한울관,소담밥상,음식점 > 한식,서울 노원구 광운로3길 6,,37.6190976023654,127.057464016721,400,600.0,9,비빔밥|제육볶음|된장찌개|불고기,8000|9000|7000|12000,False
한울관,김바삭군의 볼카츠마켙 광운대점,"음식점 > 일식 > 돈까스,우동",서울 노원구 광운로 17-1,02-941-6474,37.6192227412701,127.057665733535,414,621.0,9,돈까스|초밥|우동|라멘,9000|12000|7000|9000,False
한울관,쉐프밥버거 광운대점,음식점 > 한식 > 주먹밥,서울 노원구 광운로 15,,37.6190749870782,127.057649761657,398,597.0,9,비빔밥|제육볶음|된장찌개|불고기,8000|9000|7000|12000,False
한울관,팬더짜장마당,음식점 > 중식 > 중국요리,서울 노원구 석계로9길 33,,37.6166983508192,127.062620309064,476,714.0,10,짜장면|짬뽕|탕수육|볶음밥,7000|8000|18000|8000,False
한울관,모모,음식점 > 카페,서울 노원구 석계로9길 33,070-7612-1132,37.61669744983151,127.06262030830824,476,714.0,10,아메리카노|카페라떼|케이크,4000|5000|6000,False
한울관,카페프리헷 월계현대점,음식점 > 카페 > 테마카페 > 무인카페 > 카페프리헷,서울 노원구 석계로 49,0507-1418-4353,37.6170128081547,127.062596786796,485,727.5,10,아메리카노|카페라떼|케이크,4000|5000|6000,False
한울관,GS25 현대대로점,"가정,생활 > 편의점 > GS25",서울 노원구 석계로 49,,37.61700197646387,127.06263415568448,488,732.0,10,대표메뉴|세트메뉴,8000|10000,False
한울관,무명칼국수,음식점 > 한식 > 국수 > 칼국수,서울 노원구 석계로7길 4,02-941-7776,37.6167291943623,127.063909303813,436,654.0,9,비빔밥|제육볶음|된장찌개|불고기,8000|9000|7000|12000,False
한울관,기와집,"음식점 > 한식 > 육류,고기 > 갈비",서울 노원구 석계로 35,02-917-2111,37.617917679130045,127.06375854199334,308,462.0,7,비빔밥|제육볶음|된장찌개|불고기,8000|9000|7000|12000,False
한울관,남송통닭,음식점 > 치킨,서울 노원구 석계로3길 30,02-916-5127,37.6162646228489,127.063281415581,474,711.0,10,대표메뉴|세트메뉴,8000|10000,False
한울관,청계천8가삼성곱창,"음식점 > 한식 > 육류,고기 > 곱창,막창",서울 노원구 석계로3길 32,02-909-6660,37.6163548077667,127.063120654871,462,693.0,10,비빔밥|제육볶음|된장찌개|불고기,8000|9000|7000|12000,False
한울관,미가양꼬치,음식점 > 중식 > 양꼬치,서울 노원구 석계로 31,02-942-3432,37.6175401053181,127.063869221622,350,525.0,8,짜장면|짬뽕|탕수육|볶음밥,7000|8000|18000|8000,False
한울관,최대포소금구이,"음식점 > 한식 > 육류,고기",서울 노원구 석계로7길 14,,37.6163473444505,127.063596363995,470,705.0,10,비빔밥|제육볶음|된장찌개|불고기,8000|9000|7000|12000,False
한울관,교촌치킨 석계역점,음식점 > 치킨 > 교촌치킨,서울 노원구 석계로 31,02-909-9229,37.61751126329202,127.0638884523992,354,531.0,8,대표메뉴|세트메뉴,8000|10000,False
한울관,석계3층집,"음식점 > 한식 > 육류,고기 > 오리",서울 노원구 석계로 21,02-942-3752,37.6166569801302,127.064158427311,451,676.5,10,비빔밥|제육볶음|된장찌개|불고기,8000|9000|7000|12000,False
한울관,하남돼지집 석계점,"음식점 > 한식 > 육류,고기 > 삼겹살 > 하남돼지집",서울 노원구 석계로9길 17,02-941-9753,37.6171764503485,127.063230085601,374,561.0,8,비빔밥|제육볶음|된장찌개|불고기,8000|9000|7000|12000,False
한울관,저팔계족발,"음식점 > 한식 > 육류,고기 > 족발,보쌈",서울 노원구 석계로7길 5,02-942-8877,37.6165777547375,127.064045093311,456,684.0,10,비빔밥|제육볶음|된장찌개|불고기,8000|9000|7000|12000,False
한울관,향원,음식점 > 중식 > 중국요리,서울 노원구 석계로 27,02-941-3344,37.6172697795988,127.063923358541,380,570.0,8,짜장면|짬뽕|탕수육|볶음밥,7000|8000|18000|8000,False
한울관,국수천왕 광운대점,음식점 > 한식,서울 노원구 광운로 46,02-909-1236,37.621806873755745,127.0610489543484,191,286.5,4,비빔밥|제육볶음|된장찌개|불고기,8000|9000|7000|12000,False
한울관,마작카페 소소마장,"가정,생활 > 여가시설 > 보드카페",서울 노원구 석계로7길 18,010-5397-0066,37.61621765405028,127.06349997796345,483,724.5,10,아메리카노|카페라떼|케이크,4000|5000|6000,False
한울관,슬슬커피,음식점 > 카페 > 커피전문점,서울 노원구 석계로11길 35,02-6404-5714,37.6168269761962,127.063025910313,409,613.5,9,아메리카노|카페라떼|케이크,4000|5000|6000,False
한울관,읍천리382 석계역점,음식점 > 카페 > 커피전문점 > 읍천리382,서울 노원구 석계로5길 11,010-7774-3820,37.616181439168926,127.06382501865563,493,739.5,11,아메리카노|카페라떼|케이크,4000|5000|6000,False
한울관,데이롱카페 석계역점,음식점 > 카페 > 테마카페 > 무인카페 > 데이롱카페,서울 노원구 석계로3길 30,,37.61626912110593,127.0632938785934,474,711.0,10,아메리카노|카페라떼|케이크,4000|5000|6000,False
한울관,CU 월계코스모스점,"가정,생활 > 편의점 > CU",서울 노원구 석계로7길 18,,37.61624917826,127.063519259895,480,720.0,10,대표메뉴|세트메뉴,8000|10000,False
한울관,차이나칸,음식점 > 중식 > 중국요리,서울 성북구 월계로40길 7,02-909-2246,37.6228957394869,127.048368650512,447,670.5,10,짜장면|짬뽕|탕수육|볶음밥,7000|8000|18000|8000,False
한울관,60계치킨 서울장위뉴타운점,음식점 > 치킨 > 60계치킨,서울 성북구 돌곶이로40길 46,02-909-6043,37.62012113251409,127.04949390247536,263,394.5,6,대표메뉴|세트메뉴,8000|10000,False
한울관,화포식당 장위뉴타운점,"음식점 > 한식 > 육류,고기",서울 성북구 돌곶이로40길 46,02-909-1284,37.6201229254656,127.049515425214,261,391.5,6,비빔밥|제육볶음|된장찌개|불고기,8000|9000|7000|12000,False
한울관,짬뽕관 장위뉴타운점,음식점 > 중식 > 중국요리 > 짬뽕관,서울 성북구 월계로36길 27,02-909-4132,37.61985770085404,127.0481458039948,385,577.5,8,짜장면|짬뽕|탕수육|볶음밥,7000|8000|18000|8000,False
한울관,파리바게뜨 장위뉴타운점,"음식점 > 간식 > 제과,베이커리 > 파리바게뜨",서울 성북구 한천로 713,02-942-5627,37.61959537145436,127.05063758612393,187,280.5,4,대표메뉴|세트메뉴,8000|10000,False
한울관,배스킨라빈스 장위래미안점,음식점 > 간식 > 아이스크림 > 배스킨라빈스,서울 성북구 한천로99길 45,02-909-7024,37.62035075180222,127.04980894990815,232,348.0,5,대표메뉴|세트메뉴,8000|10000,False
한울관,정담초밥 장위점,"음식점 > 일식 > 초밥,롤",서울 성북구 장월로 144,02-942-7773,37.61771216934038,127.05095685641248,334,501.0,7,돈까스|초밥|우동|라멘,9000|12000|7000|9000,False
한울관,육회바른연어 장위뉴타운점,"음식점 > 한식 > 해물,생선 > 회 > 육회바른연어",서울 성북구 한천로 713,02-942-8886,37.62001721364491,127.05021650354269,203,304.5,4,광어회|우럭회|모둠회|참돔회|연어회|대방어회|매운탕|회덮밥|물회|해물라면,35000|40000|60000|70000|38000|80000|10000|12000|15000|8000,False
한울관,피자헛 월계2호점,음식점 > 양식 > 피자 > 피자헛,서울 성북구 한천로 735,02-902-2777,37.6219025617684,127.05160481197088,173,259.5,4,파스타|피자|스테이크,12000|15000|25000,False
한울관,오블랑쉬,"음식점 > 간식 > 제과,베이커리",서울 성북구 돌곶이로40길 46,070-7809-8403,37.61770333749168,127.0483936036266,472,708.0,10,대표메뉴|세트메뉴,8000|10000,False
한울관,써브웨이 장위뉴타운점,음식점 > 패스트푸드 > 샌드위치 > 써브웨이,서울 성북구 돌곶이로40길 46,02-941-0678,37.61767992573921,127.04835960817046,476,714.0,10,대표메뉴|세트메뉴,8000|10000,False
한울관,양평칼국수 장위점,음식점 > 한식 > 국수 > 칼국수,서울 성북구 한천로99길 64,02-941-9504,37.6202214322432,127.048797349467,322,483.0,7,비빔밥|제육볶음|된장찌개|불고기,8000|9000|7000|12000,False
한울관,맘스터치 장위뉴타운점,음식점 > 패스트푸드 > 맘스터치,서울 성북구 돌곶이로40길 46,02-909-3917,37.619014275288656,127.05054204552454,234,351.0,5,대표메뉴|세트메뉴,8000|10000,False
한울관,김가네 장위뉴타운점,음식점 > 분식 > 김가네,서울 성북구 돌곶이로40길 46,02-909-5237,37.61985705035302,127.04971460568626,250,375.0,5,김밥|라면|떡볶이|튀김,3500|4000|5000|6000,False
한울관,그녀의떡볶이,음식점 > 분식 > 떡볶이,서울 성북구 장월로41길 61,02-909-8797,37.6213702663885,127.050755461359,177,265.5,4,김밥|라면|떡볶이|튀김,3500|4000|5000|6000,False
한울관,자담치킨 월계광운대점,음식점 > 치킨 > 자담치킨,서울 노원구 월계로42길 97,02-943-0722,37.62141854962032,127.0536292372504,147,220.5,3,대표메뉴|세트메뉴,8000|10000,False
한울관,은하닭강정,음식점 > 간식 > 닭강정,서울 성북구 한천로 713,02-2135-5366,37.6200730772745,127.050210877555,202,303.0,4,대표메뉴|세트메뉴,8000|10000,False
한울관,한일각,음식점 > 중식 > 중국요리,서울 성북구 월계로38길 51,,37.6202288507577,127.04828536725,367,550.5,8,짜장면|짬뽕|탕수육|볶음밥,7000|8000|18000|8000,False
한울관,큰손손만두찐빵 장위점,음식점 > 분식,서울 성북구 장월로 134,02-941-2865,37.6171403947877,127.050133016654,424,636.0,9,김밥|라면|떡볶이|튀김,3500|4000|5000|6000,False
한울관,샐러디 장위뉴타운점,음식점 > 샐러드 > 샐러디,서울 성북구 장월로 134,02-943-1610,37.617154800972784,127.05015567968935,421,631.5,9,대표메뉴|세트메뉴,8000|10000,False
한울관,바르다김선생 장위뉴타운점,음식점 > 분식 > 바르다김선생,서울 성북구 돌곶이로40길 46,02-942-0678,37.61768443068362,127.04835961108849,476,714.0,10,김밥|라면|떡볶이|튀김,3500|4000|5000|6000,False
한울관,본죽&비빔밥cafe 장위뉴타운점,음식점 > 퓨전요리 > 퓨전한식 > 본죽&비빔밥cafe,서울 성북구 월계로40길 7,02-941-6277,37.62282366145491,127.04836633830378,443,664.5,9,비빔밥|제육볶음|된장찌개|불고기,8000|9000|7000|12000,False
한울관,가마로강정 장위점,음식점 > 간식 > 닭강정 > 가마로강정,서울 성북구 돌곶이로40길 46,02-943-7292,37.61982193473053,127.04966021229222,256,384.0,5,대표메뉴|세트메뉴,8000|10000,False
한울관,원할머니보쌈족발 장위점,"음식점 > 한식 > 육류,고기 > 족발,보쌈 > 원할머니보쌈족발",서울 성북구 월계로40길 7,02-942-5382,37.6228813236948,127.048368641172,446,669.0,10,비빔밥|제육볶음|된장찌개|불고기,8000|9000|7000|12000,False
한울관,BBQ 장위뉴타운점,음식점 > 치킨 > BBQ,서울 성북구 월계로40길 7,02-912-3357,37.62310118772226,127.04831214570928,465,697.5,10,대표메뉴|세트메뉴,8000|10000,False
한울관,메가MGC커피 장위뉴타운점,음식점 > 카페 > 커피전문점 > 메가MGC커피,서울 성북구 돌곶이로40길 46,02-942-7388,37.618829544198,127.050608749392,245,367.5,5,아메리카노|카페라떼|케이크,4000|5000|6000,False
한울관,메가MGC커피 번동중앙점,음식점 > 카페 > 커피전문점 > 메가MGC커피,서울 성북구 월계로40길 7,02-942-8887,37.62308051458416,127.04819092722263,472,708.0,10,아메리카노|카페라떼|케이크,4000|5000|6000,False
한울관,컴포즈커피 꿈의숲아이파크점,음식점 > 카페 > 커피전문점 > 컴포즈커피,서울 성북구 돌곶이로40길 46,02-6498-8468,37.61741392059956,127.0488781996837,464,696.0,10,아메리카노|카페라떼|케이크,4000|5000|6000,False
한울관,이디야커피 장위동점,음식점 > 카페 > 커피전문점 > 이디야커피,서울 성북구 월계로40길 7,02-943-9094,37.623173269920365,127.04830426304194,471,706.5,10,아메리카노|카페라떼|케이크,4000|5000|6000,False
한울관,우지커피 장위뉴타운점,음식점 > 카페 > 커피전문점 > 우지커피,서울 성북구 한천로 713,,37.61921679325695,127.05101678365784,188,282.0,4,아메리카노|카페라떼|케이크,4000|5000|6000,False
한울관,요거트월드 장위점,음식점 > 카페 > 테마카페 > 디저트카페 > 요거트월드,서울 성북구 월계로40길 7,,37.6229470841289,127.048397002679,449,673.5,10,아메리카노|카페라떼|케이크,4000|5000|6000,False
한울관,달빛아래핀카페,음식점 > 카페,서울 노원구 월계로42길 9,,37.6241498360884,127.050699579689,434,651.0,9,아메리카노|카페라떼|케이크,4000|5000|6000,False
한울관,알엔비스커피,음식점 > 카페 > 커피전문점,서울 성북구 월계로40길 7,,37.6228668948975,127.048400348957,443,664.5,9,아메리카노|카페라떼|케이크,4000|5000|6000,False
한울관,밀버터,음식점 > 카페,서울 성북구 한천로99길 52,,37.6205690062166,127.0492959734,277,415.5,6,아메리카노|카페라떼|케이크,4000|5000|6000,False
한울관,노리앤노리,"가정,생활 > 유아 > 놀이시설 > 키즈카페",서울 성북구 월계로40길 7,,37.6229461836119,127.048395869339,449,673.5,10,아메리카노|카페라떼|케이크,4000|5000|6000,False
한울관,CU 장위퍼스트하이점,"가정,생활 > 편의점 > CU",서울 성북구 한천로 713,,37.619261862218,127.050971506451,188,282.0,4,대표메뉴|세트메뉴,8000|10000,False
한울관,GS25 성북꿈의숲점,"가정,생활 > 편의점 > GS25",서울 성북구 월계로36길 27,080-999-5425,37.619727191235256,127.0478172347646,416,624.0,9,대표메뉴|세트메뉴,8000|10000,False
한울관,세븐일레븐 성북본점,"가정,생활 > 편의점 > 세븐일레븐",서울 성북구 한천로99길 45,,37.62041111030449,127.04982711365624,230,345.0,5,대표메뉴|세트메뉴,8000|10000,False
한울관,GS25 장위뉴타운점,"가정,생활 > 편의점 > GS25",서울 성북구 월계로40길 7,,37.62284529628322,127.04833916621386,446,669.0,10,대표메뉴|세트메뉴,8000|10000,False
한울관,이마트24 R꿈의숲아이파크점,"가정,생활 > 편의점 > 이마트24",서울 성북구 돌곶이로40길 46,02-941-7770,37.618108138045486,127.04776296179594,490,735.0,10,대표메뉴|세트메뉴,8000|10000,False
누리관,하이레,"음식점 > 일식 > 돈까스,우동",서울 노원구 광운로12길 6,,37.62096077851908,127.05941713733176,397,595.5,9,돈까스|초밥|우동|라멘,9000|12000|7000|9000,False
누리관,화로상회 광운대점,음식점 > 뷔페 > 고기뷔페,서울 노원구 광운로 37,02-941-2292,37.62077461782266,127.05873055905124,334,501.0,7,대표메뉴|세트메뉴,8000|10000,False
누리관,진미통닭,음식점 > 치킨,서울 노원구 광운로 45,02-918-3492,37.6214654962473,127.059089046317,382,573.0,8,대표메뉴|세트메뉴,8000|10000,False
누리관,윤스쿡,"음식점 > 일식 > 돈까스,우동",서울 노원구 광운로 29,,37.6203107561798,127.058434555295,305,457.5,7,돈까스|초밥|우동|라멘,9000|12000|7000|9000,False
누리관,수해복마라탕 광운대점,음식점 > 중식 > 중국요리,서울 노원구 광운로 39,02-917-3303,37.6210745477174,127.058929022312,357,535.5,8,짜장면|짬뽕|탕수육|볶음밥,7000|8000|18000|8000,False
누리관,도미노피자 월계점,음식점 > 양식 > 피자 > 도미노피자,서울 노원구 광운로 52,02-915-3082,37.6219391607872,127.059595756284,443,664.5,9,파스타|피자|스테이크,12000|15000|25000,False
누리관,디델리 광운대점,음식점 > 분식,서울 노원구 광운로 31,02-3292-1194,37.6204440641234,127.058511684455,312,468.0,7,김밥|라면|떡볶이|튀김,3500|4000|5000|6000,False
누리관,이층집,"음식점 > 한식 > 찌개,전골",서울 노원구 광운로 17-5,02-941-3588,37.6193669821635,127.057495939695,248,372.0,5,비빔밥|제육볶음|된장찌개|불고기,8000|9000|7000|12000,False
누리관,김밥천국,음식점 > 분식,서울 노원구 광운로 33,02-942-7804,37.620528733322885,127.05855932501956,316,474.0,7,김밥|라면|떡볶이|튀김,3500|4000|5000|6000,False
누리관,미식성,음식점 > 중식 > 중국요리,서울 노원구 광운로 9,02-915-6020,37.6187111624562,127.057291550168,275,412.5,6,짜장면|짬뽕|탕수육|볶음밥,7000|8000|18000|8000,False
누리관,팔팔전어횟집,"음식점 > 한식 > 해물,생선 > 회",서울 노원구 광운로 25,02-914-8876,37.6200477642131,127.058239523003,290,435.0,6,광어회|우럭회|모둠회|참돔회|연어회|대방어회|매운탕|회덮밥|물회|해물라면,35000|40000|60000|70000|38000|80000|10000|12000|15000|8000,False
누리관,꽃제비칼국수,음식점 > 한식 > 국수 > 칼국수,서울 노원구 광운로12길 13,02-911-8371,37.6213083069597,127.05991694832,448,672.0,10,비빔밥|제육볶음|된장찌개|불고기,8000|9000|7000|12000,False
누리관,영축산정육식당,"음식점 > 한식 > 육류,고기",서울 노원구 광운로 52,02-915-6221,37.6217895178956,127.059751954723,450,675.0,10,비빔밥|제육볶음|된장찌개|불고기,8000|9000|7000|12000,False
누리관,파리바게뜨 장위뉴타운점,"음식점 > 간식 > 제과,베이커리 > 파리바게뜨",서울 성북구 한천로 713,02-942-5627,37.61959537145436,127.05063758612393,392,588.0,8,대표메뉴|세트메뉴,8000|10000,False
누리관,맛불,음식점 > 한식,서울 노원구 광운로 39,010-3489-3056,37.6210709511218,127.058914294016,356,534.0,8,비빔밥|제육볶음|된장찌개|불고기,8000|9000|7000|12000,False
누리관,푸른스시,"음식점 > 일식 > 초밥,롤",서울 노원구 광운로 33,0503-7150-4889,37.620592674732514,127.05861714390358,322,483.0,7,돈까스|초밥|우동|라멘,9000|12000|7000|9000,False
누리관,60계치킨 서울장위뉴타운점,음식점 > 치킨 > 60계치킨,서울 성북구 돌곶이로40길 46,02-909-6043,37.62012113251409,127.04949390247536,484,726.0,10,대표메뉴|세트메뉴,8000|10000,False
누리관,정담초밥 장위점,"음식점 > 일식 > 초밥,롤",서울 성북구 장월로 144,02-942-7773,37.61771216934038,127.05095685641248,461,691.5,10,돈까스|초밥|우동|라멘,9000|12000|7000|9000,False
누리관,화포식당 장위뉴타운점,"음식점 > 한식 > 육류,고기",서울 성북구 돌곶이로40길 46,02-909-1284,37.6201229254656,127.049515425214,482,723.0,10,비빔밥|제육볶음|된장찌개|불고기,8000|9000|7000|12000,False
누리관,배스킨라빈스 장위래미안점,음식점 > 간식 > 아이스크림 > 배스킨라빈스,서울 성북구 한천로99길 45,02-909-7024,37.62035075180222,127.04980894990815,456,684.0,10,대표메뉴|세트메뉴,8000|10000,False
누리관,동대문엽기떡볶이 월계점,음식점 > 분식 > 떡볶이 > 동대문엽기떡볶이,서울 노원구 광운로 39,02-911-8591,37.6210601206078,127.05895166547,359,538.5,8,김밥|라면|떡볶이|튀김,3500|4000|5000|6000,False
누리관,피자헛 월계2호점,음식점 > 양식 > 피자 > 피자헛,서울 성북구 한천로 735,02-902-2777,37.6219025617684,127.05160481197088,343,514.5,7,파스타|피자|스테이크,12000|15000|25000,False
누리관,중화호반닭갈비 광운대점,"음식점 > 한식 > 육류,고기 > 닭요리",서울 노원구 광운로 53,02-942-0799,37.6224564534593,127.059345831815,450,675.0,10,비빔밥|제육볶음|된장찌개|불고기,8000|9000|7000|12000,False
누리관,육회바른연어 장위뉴타운점,"음식점 > 한식 > 해물,생선 > 회 > 육회바른연어",서울 성북구 한천로 713,02-942-8886,37.62001721364491,127.05021650354269,422,633.0,9,광어회|우럭회|모둠회|참돔회|연어회|대방어회|매운탕|회덮밥|물회|해물라면,35000|40000|60000|70000|38000|80000|10000|12000|15000|8000,False
누리관,목포홍탁,"음식점 > 한식 > 해물,생선",서울 노원구 광운로1길 10,02-914-3703,37.61867438098913,127.05696304151888,257,385.5,6,비빔밥|제육볶음|된장찌개|불고기,8000|9000|7000|12000,False
누리관,청년다방 광운대점,음식점 > 분식 > 떡볶이 > 청년다방,서울 노원구 광운로 44,02-6085-9124,37.62135716432966,127.05951373500557,415,622.5,9,김밥|라면|떡볶이|튀김,3500|4000|5000|6000,False
누리관,신연마라탕,음식점 > 중식,서울 노원구 광운로 35,02-909-2838,37.6206962708118,127.058652339616,326,489.0,7,짜장면|짬뽕|탕수육|볶음밥,7000|8000|18000|8000,False
누리관,써브웨이 광운대역점,음식점 > 패스트푸드 > 샌드위치 > 써브웨이,서울 노원구 광운로 57,02-942-7779,37.62266353825251,127.05962805159405,483,724.5,10,대표메뉴|세트메뉴,8000|10000,False
누리관,이삭토스트 광운대점,음식점 > 간식 > 토스트 > 이삭토스트,서울 노원구 광운로 37-1,02-943-0799,37.620878192415546,127.0588087985225,343,514.5,7,대표메뉴|세트메뉴,8000|10000,False
누리관,브레댄코 광운대점,"음식점 > 간식 > 제과,베이커리 > 브레댄코",서울 노원구 광운로 20,02-941-6108,37.61945936520447,127.05834893621858,314,471.0,7,대표메뉴|세트메뉴,8000|10000,False
누리관,경대컵밥 광운대점,음식점 > 도시락,서울 노원구 광운로 17-13,02-941-1047,37.619597802211,127.057151775086,210,315.0,4,대표메뉴|세트메뉴,8000|10000,False
누리관,스시덤,"음식점 > 일식 > 초밥,롤",서울 노원구 광운로2길 6,02-2088-8070,37.6180921113138,127.057440589225,333,499.5,7,돈까스|초밥|우동|라멘,9000|12000|7000|9000,False
누리관,카츠백 월계점,"음식점 > 일식 > 돈까스,우동 > 카츠백",서울 노원구 광운로 44,02-6953-2204,37.621340953417,127.059500129304,413,619.5,9,돈까스|초밥|우동|라멘,9000|12000|7000|9000,False
누리관,양드림,"음식점 > 한식 > 육류,고기",서울 노원구 광운로2길 27,02-943-3408,37.617420329985926,127.05855009108576,454,681.0,10,비빔밥|제육볶음|된장찌개|불고기,8000|9000|7000|12000,False
누리관,장수국수 광운대점,음식점 > 한식 > 국수,서울 노원구 광운로 27,070-8111-2595,37.6202243174404,127.058321216179,295,442.5,6,비빔밥|제육볶음|된장찌개|불고기,8000|9000|7000|12000,False
누리관,자담치킨 월계광운대점,음식점 > 치킨 > 자담치킨,서울 노원구 월계로42길 97,02-943-0722,37.62141854962032,127.0536292372504,166,249.0,4,대표메뉴|세트메뉴,8000|10000,False
누리관,밥은화 광운대본점,음식점 > 한식,서울 노원구 광운로12길 11,02-3292-7979,37.6212795351311,127.059799121243,437,655.5,9,비빔밥|제육볶음|된장찌개|불고기,8000|9000|7000|12000,False
누리관,맘스터치 광운대점,음식점 > 패스트푸드 > 맘스터치,서울 노원구 광운로 33,02-941-7674,37.6205710814027,127.058555960075,316,474.0,7,대표메뉴|세트메뉴,8000|10000,False
누리관,지지고 광운대점,음식점 > 도시락 > 지지고,서울 노원구 광운로 27,02-942-8212,37.6201936642727,127.05836083723,299,448.5,6,대표메뉴|세트메뉴,8000|10000,False
누리관,맘스터치 장위뉴타운점,음식점 > 패스트푸드 > 맘스터치,서울 성북구 돌곶이로40길 46,02-909-3917,37.619014275288656,127.05054204552454,419,628.5,9,대표메뉴|세트메뉴,8000|10000,False
누리관,1일1잔,음식점 > 카페 > 테마카페 > 디저트카페,서울 노원구 광운로2길 6,,37.6180767967353,127.057436046716,334,501.0,7,아메리카노|카페라떼|케이크,4000|5000|6000,False
누리관,월계청춘카페,음식점 > 카페,서울 노원구 광운로 44,070-4174-7755,37.6213607728479,127.059504676027,414,621.0,9,아메리카노|카페라떼|케이크,4000|5000|6000,False
누리관,빠말,음식점 > 카페 > 테마카페 > 디저트카페,서울 노원구 광운로 7,070-7677-8341,37.6185733102653,127.057293709771,285,427.5,6,아메리카노|카페라떼|케이크,4000|5000|6000,False
누리관,컴포즈커피 광운대80주년기념관점,음식점 > 카페 > 커피전문점 > 컴포즈커피,서울 노원구 광운로 20,02-909-1617,37.62030155947812,127.0588106097436,338,507.0,7,아메리카노|카페라떼|케이크,4000|5000|6000,False
누리관,메가MGC커피 장위뉴타운점,음식점 > 카페 > 커피전문점 > 메가MGC커피,서울 성북구 돌곶이로40길 46,02-942-7388,37.618829544198,127.050608749392,421,631.5,9,아메리카노|카페라떼|케이크,4000|5000|6000,False
누리관,카페니니,음식점 > 카페,서울 노원구 광운로 59,02-2138-1884,37.6227500329914,127.05962812068,488,732.0,10,아메리카노|카페라떼|케이크,4000|5000|6000,False
누리관,메가MGC커피 광운대점,음식점 > 카페 > 커피전문점 > 메가MGC커피,서울 노원구 광운로 35,02-942-1005,37.62068904770362,127.05868291742624,329,493.5,7,아메리카노|카페라떼|케이크,4000|5000|6000,False
누리관,설빙 광운대점,음식점 > 카페 > 테마카페 > 디저트카페 > 설빙,서울 노원구 광운로 25,02-6953-9749,37.6200694057919,127.058203293092,286,429.0,6,아메리카노|카페라떼|케이크,4000|5000|6000,False
누리관,광운커피,음식점 > 카페,서울 노원구 광운로 25,010-4190-3569,37.6200685020056,127.058208955948,287,430.5,6,아메리카노|카페라떼|케이크,4000|5000|6000,False
누리관,카페베르데,음식점 > 카페,서울 노원구 광운로 17-3,,37.6192876400272,127.057609148638,261,391.5,6,아메리카노|카페라떼|케이크,4000|5000|6000,False
누리관,공차 광운대점,음식점 > 카페 > 공차,서울 노원구 광운로 20,02-943-8523,37.62001145287181,127.05878772699673,338,507.0,7,아메리카노|카페라떼|케이크,4000|5000|6000,False
누리관,매머드익스프레스 광운대정문점,음식점 > 카페 > 커피전문점 > 매머드익스프레스,서울 노원구 광운로 27,,37.6202171095369,127.058321210548,295,442.5,6,아메리카노|카페라떼|케이크,4000|5000|6000,False
누리관,요거프레소 광운대점,음식점 > 카페 > 테마카페 > 디저트카페 > 요거프레소,서울 노원구 광운로 17-9,,37.6194139216729,127.057314743468,232,348.0,5,아메리카노|카페라떼|케이크,4000|5000|6000,False
누리관,빽다방 광운대점,음식점 > 카페 > 커피전문점 > 빽다방,서울 노원구 광운로 43,070-7752-5322,37.62131326117863,127.05902549288253,372,558.0,8,아메리카노|카페라떼|케이크,4000|5000|6000,False
누리관,성북시니어 클럽 장위지점,음식점 > 카페 > 커피전문점,서울 성북구 한천로 708,,37.6200887443682,127.053513878053,132,198.0,3,아메리카노|카페라떼|케이크,4000|5000|6000,False
누리관,서울수플레,음식점 > 카페,서울 노원구 광운로17길 13,0504-823-0663,37.6224215775715,127.058821341782,408,612.0,9,아메리카노|카페라떼|케이크,4000|5000|6000,False
누리관,메타킹커피 광운대점,음식점 > 카페,서울 노원구 광운로12길 5,,37.6212247477794,127.059456992958,406,609.0,9,아메리카노|카페라떼|케이크,4000|5000|6000,False
누리관,이디야커피 광운대점,음식점 > 카페 > 커피전문점 > 이디야커피,서울 노원구 광운로 29,02-942-0937,37.6203251764627,127.058425504853,304,456.0,7,아메리카노|카페라떼|케이크,4000|5000|6000,False
누리관,우지커피 장위뉴타운점,음식점 > 카페 > 커피전문점 > 우지커피,서울 성북구 한천로 713,,37.61921679325695,127.05101678365784,372,558.0,8,아메리카노|카페라떼|케이크,4000|5000|6000,False
누리관,카페인24 꿈의숲 SK뷰점,음식점 > 카페 > 테마카페 > 무인카페 > 카페인24,서울 노원구 월계로44길 68-6,0506-429-0611,37.622302010715,127.052532240842,304,456.0,7,아메리카노|카페라떼|케이크,4000|5000|6000,False
누리관,커피정원,음식점 > 카페,서울 성북구 한천로 708,,37.6200888054192,127.053379085298,144,216.0,3,아메리카노|카페라떼|케이크,4000|5000|6000,False
누리관,롯오브젝트,음식점 > 카페,서울 노원구 광운로3길 7,,37.619014830962605,127.05721815792296,248,372.0,5,아메리카노|카페라떼|케이크,4000|5000|6000,False
누리관,CU 광운대점,"가정,생활 > 편의점 > CU",서울 노원구 광운로1길 60,02-909-8384,37.62039350156694,127.05498776159637,2,3.0,0,대표메뉴|세트메뉴,8000|10000,False
누리관,GS25 월계꿈의숲점,"가정,생활 > 편의점 > GS25",서울 노원구 월계로42길 97,,37.621412232406634,127.05365188736572,164,246.0,4,대표메뉴|세트메뉴,8000|10000,False
누리관,CU 장위퍼스트하이점,"가정,생활 > 편의점 > CU",서울 성북구 한천로 713,,37.619261862218,127.050971506451,374,561.0,8,대표메뉴|세트메뉴,8000|10000,False
누리관,CU 광운대원룸점,"가정,생활 > 편의점 > CU",서울 노원구 광운로15길 23,,37.62153814533509,127.05793937823356,292,438.0,6,대표메뉴|세트메뉴,8000|10000,False
누리관,세븐일레븐 성북본점,"가정,생활 > 편의점 > 세븐일레븐",서울 성북구 한천로99길 45,,37.62041111030449,127.04982711365624,454,681.0,10,대표메뉴|세트메뉴,8000|10000,False
누리관,세븐일레븐 광운스퀘어점,"가정,생활 > 편의점 > 세븐일레븐",서울 노원구 광운로 20,,37.61999081299385,127.05862120221462,324,486.0,7,대표메뉴|세트메뉴,8000|10000,False
누리관,CU 노원월계점,"가정,생활 > 편의점 > CU",서울 노원구 월계로44가길 19,02-910-8605,37.623524318881,127.053271663575,381,571.5,8,대표메뉴|세트메뉴,8000|10000,False
누리관,GS25 광운사랑점,"가정,생활 > 편의점 > GS25",서울 노원구 광운로 17-11,,37.6195112503095,127.05726951003,223,334.5,5,대표메뉴|세트메뉴,8000|10000,False
누리관,GS25 광운행운점,"가정,생활 > 편의점 > GS25",서울 노원구 광운로 5,080-999-5425,37.6184661312172,127.05721433937,289,433.5,6,대표메뉴|세트메뉴,8000|10000,False
누리관,세븐일레븐 광운대원룸점,"가정,생활 > 편의점 > 세븐일레븐",서울 노원구 광운로2가길 23,,37.61810018357334,127.05933557310284,459,688.5,10,대표메뉴|세트메뉴,8000|10000,False
누리관,CU 광운대기숙사점,"가정,생활 > 편의점 > CU",서울 노원구 광운로 21,053-857-9427,37.62148487572864,127.05630820027189,170,255.0,4,대표메뉴|세트메뉴,8000|10000,False
누리관,GS25 광운문화관점,"가정,생활 > 편의점 > GS25",서울 노원구 광운로 21,02-942-2533,37.61982824130036,127.05759144242984,238,357.0,5,대표메뉴|세트메뉴,8000|10000,False
누리관,제로스토어 광운대점,"가정,생활 > 편의점",서울 노원구 광운로 15,0507-1416-3208,37.6190155528723,127.05758628477297,274,411.0,6,대표메뉴|세트메뉴,8000|10000,False
누리관,또와집순대국,음식점 > 한식 > 순대,서울 노원구 광운로19길 13,02-943-2207,37.62326079906855,127.05981316864523,486,729.0,10,비빔밥|제육볶음|된장찌개|불고기,8000|9000|7000|12000,False
누리관,전주밥상쌈밥,음식점 > 한식 > 쌈밥,서울 노원구 광운로 61,02-3292-0118,37.62296447243826,127.05961922991156,488,732.0,10,비빔밥|제육볶음|된장찌개|불고기,8000|9000|7000|12000,False
누리관,최환기쌈밥칼국수,음식점 > 한식 > 쌈밥,서울 노원구 광운로19가길 2,02-911-5402,37.62378064715679,127.05985549760452,465,697.5,10,비빔밥|제육볶음|된장찌개|불고기,8000|9000|7000|12000,False
누리관,돈장군 광운대본점,"음식점 > 한식 > 육류,고기",서울 노원구 광운로 69,02-941-8276,37.6234201402204,127.0600760973566,499,748.5,11,비빔밥|제육볶음|된장찌개|불고기,8000|9000|7000|12000,False
누리관,파스토보이 월계점,음식점 > 양식 > 파스토보이,서울 노원구 광운로19길 11,070-4142-0308,37.62337066485688,127.05992086909748,489,733.5,10,파스타|피자|스테이크,12000|15000|25000,False
누리관,엄마손김밥&분식,음식점 > 분식,서울 노원구 광운로 69,02-943-5711,37.6234633893142,127.06007273387,497,745.5,11,김밥|라면|떡볶이|튀김,3500|4000|5000|6000,False
누리관,쮸쮸아이스크림할인점 월계점,음식점 > 간식 > 아이스크림,서울 노원구 월계로44길 68-6,010-3411-8627,37.6223029117074,127.052532241476,402,603.0,9,대표메뉴|세트메뉴,8000|10000,False
누리관,잇덴굿 광운대점,음식점 > 샐러드,서울 노원구 석계로18길 17,,37.6239245858966,127.060286065908,495,742.5,11,대표메뉴|세트메뉴,8000|10000,False
누리관,오복기사식당,음식점 > 기사식당,서울 성북구 한천로 745,,37.6226532252,127.05086507775,471,706.5,10,대표메뉴|세트메뉴,8000|10000,False
누리관,집밥,음식점 > 한식,서울 노원구 광운로 69,02-941-4424,37.6235057368441,127.060070502419,495,742.5,11,비빔밥|제육볶음|된장찌개|불고기,8000|9000|7000|12000,False
누리관,달빛아래핀카페,음식점 > 카페,서울 노원구 월계로42길 9,,37.6241498360884,127.050699579689,401,601.5,9,아메리카노|카페라떼|케이크,4000|5000|6000,False
누리관,GS25 광운타운점,"가정,생활 > 편의점 > GS25",서울 노원구 광운로 79,,37.624350024722,127.059946576322,453,679.5,10,대표메뉴|세트메뉴,8000|10000,False
누리관,세븐일레븐 성북역점,"가정,생활 > 편의점 > 세븐일레븐",서울 노원구 광운로 71,,37.623700361506536,127.06004800368336,484,726.0,10,대표메뉴|세트메뉴,8000|10000,False
누리관,큰손손만두찐빵 장위점,음식점 > 분식,서울 성북구 장월로 134,02-941-2865,37.6171403947877,127.050133016654,470,705.0,10,김밥|라면|떡볶이|튀김,3500|4000|5000|6000,False
누리관,샐러디 장위뉴타운점,음식점 > 샐러드 > 샐러디,서울 성북구 장월로 134,02-943-1610,37.617154800972784,127.05015567968935,469,703.5,10,대표메뉴|세트메뉴,8000|10000,False
누리관,두찜 노원월계점,"음식점 > 한식 > 육류,고기 > 닭요리 > 두찜",서울 노원구 광운로3길 7,02-941-7779,37.6190148309572,127.057218157923,450,675.0,10,비빔밥|제육볶음|된장찌개|불고기,8000|9000|7000|12000,False
누리관,카페이공일,음식점 > 카페,서울 노원구 광운로2가길 14-16,,37.6172241794109,127.059818526685,474,711.0,10,아메리카노|카페라떼|케이크,4000|5000|6000,False
누리관,마떡다이천 광운대본점,음식점 > 분식 > 떡볶이,서울 노원구 석계로 106,02-976-4841,37.6231064273819,127.060407743094,306,459.0,7,김밥|라면|떡볶이|튀김,3500|4000|5000|6000,False
누리관,일심해장국 월계점,음식점 > 한식 > 해장국,서울 노원구 석계로15길 25,02-909-1640,37.621977651357454,127.06183634914686,242,363.0,5,비빔밥|제육볶음|된장찌개|불고기,8000|9000|7000|12000,False
누리관,더원,음식점 > 중식,서울 노원구 광운로 61,02-909-5477,37.6230814538525,127.05990930937736,301,451.5,6,짜장면|짬뽕|탕수육|볶음밥,7000|8000|18000|8000,False
누리관,서초우동 광운대역점,"음식점 > 일식 > 돈까스,우동",서울 노원구 석계로18길 23,02-941-0096,37.62388375193732,127.06085015246404,397,595.5,9,돈까스|초밥|우동|라멘,9000|12000|7000|9000,False
누리관,친친,음식점 > 중식 > 중국요리,서울 노원구 석계로18길 10-9,02-6229-4143,37.6236251301821,127.060924704224,371,556.5,8,짜장면|짬뽕|탕수육|볶음밥,7000|8000|18000|8000,False
누리관,기와집,"음식점 > 한식 > 육류,고기 > 갈비",서울 노원구 석계로 35,02-917-2111,37.617917679130045,127.06375854199334,430,645.0,9,비빔밥|제육볶음|된장찌개|불고기,8000|9000|7000|12000,False
누리관,마포연탄불고기,"음식점 > 한식 > 육류,고기 > 불고기,두루치기",서울 노원구 석계로18길 4,02-915-2826,37.623230699702965,127.0605324472798,321,481.5,7,비빔밥|제육볶음|된장찌개|불고기,8000|9000|7000|12000,False
누리관,여우곱창,"음식점 > 한식 > 육류,고기 > 곱창,막창",서울 노원구 광운로 68,02-919-3339,37.6233155258228,127.060271980912,328,492.0,7,비빔밥|제육볶음|된장찌개|불고기,8000|9000|7000|12000,False
누리관,삼대냉면,음식점 > 한식 > 냉면,서울 노원구 석계로9길 33,,37.61666051655156,127.0626066854087,472,708.0,10,비빔밥|제육볶음|된장찌개|불고기,8000|9000|7000|12000,False
누리관,여자만아구찜,"음식점 > 한식 > 해물,생선 > 아구",서울 노원구 석계로18길 10-8,02-941-1989,37.6235062163082,127.060892889771,357,535.5,8,비빔밥|제육볶음|된장찌개|불고기,8000|9000|7000|12000,False
누리관,한라산감자탕,음식점 > 한식 > 감자탕,서울 노원구 석계로15길 17,010-6482-8321,37.6223654328671,127.061151358349,244,366.0,5,비빔밥|제육볶음|된장찌개|불고기,8000|9000|7000|12000,False
누리관,와플대학 광운대캠퍼스,"음식점 > 간식 > 제과,베이커리 > 와플대학",서울 노원구 광운로 64,02-941-3890,37.62283985104657,127.06018097652368,274,411.0,6,대표메뉴|세트메뉴,8000|10000,False
누리관,미가양꼬치,음식점 > 중식 > 양꼬치,서울 노원구 석계로 31,02-942-3432,37.6175401053181,127.063869221622,465,697.5,10,짜장면|짬뽕|탕수육|볶음밥,7000|8000|18000|8000,False
누리관,맛닭꼬 광운대점,음식점 > 치킨 > 맛닭꼬,서울 노원구 광운로 61,02-942-3492,37.62309584950046,127.05994896746644,302,453.0,6,대표메뉴|세트메뉴,8000|10000,False
누리관,하남돼지집 석계점,"음식점 > 한식 > 육류,고기 > 삼겹살 > 하남돼지집",서울 노원구 석계로9길 17,02-941-9753,37.6171764503485,127.063230085601,456,684.0,10,비빔밥|제육볶음|된장찌개|불고기,8000|9000|7000|12000,False
누리관,미미식당 월계점,"음식점 > 한식 > 육류,고기",서울 노원구 석계로18길 5,,37.6232722135876,127.06039881516,324,486.0,7,비빔밥|제육볶음|된장찌개|불고기,8000|9000|7000|12000,False
누리관,후문식당,음식점 > 분식,서울 노원구 석계로13길 25-1,02-916-8745,37.62016962097997,127.06135458099394,123,184.5,3,김밥|라면|떡볶이|튀김,3500|4000|5000|6000,False
누리관,빈대떡신사,"음식점 > 술집 > 호프,요리주점",서울 노원구 광운로 70,02-774-9595,37.6234669008526,127.060253978908,344,516.0,7,대표메뉴|세트메뉴,8000|10000,False
누리관,교촌치킨 석계역점,음식점 > 치킨 > 교촌치킨,서울 노원구 석계로 31,02-909-9229,37.61751126329202,127.0638884523992,468,702.0,10,대표메뉴|세트메뉴,8000|10000,False
누리관,사계절김밥,음식점 > 분식,서울 노원구 광운로 72,02-941-7789,37.6235588107524,127.060235928848,355,532.5,8,김밥|라면|떡볶이|튀김,3500|4000|5000|6000,False
누리관,국수천왕 광운대점,음식점 > 한식,서울 노원구 광운로 46,02-909-1236,37.621806873755745,127.0610489543484,185,277.5,4,비빔밥|제육볶음|된장찌개|불고기,8000|9000|7000|12000,False
누리관,스타벅스 광운대점,음식점 > 카페 > 커피전문점 > 스타벅스,서울 노원구 석계로 104,1522-3232,37.6231891063632,127.060820134493,321,481.5,7,아메리카노|카페라떼|케이크,4000|5000|6000,False
누리관,슬슬커피,음식점 > 카페 > 커피전문점,서울 노원구 석계로11길 35,02-6404-5714,37.6168269761962,127.063025910313,476,714.0,10,아메리카노|카페라떼|케이크,4000|5000|6000,False
누리관,메가MGC커피 광운대역점,음식점 > 카페 > 커피전문점 > 메가MGC커피,서울 노원구 석계로 103,02-942-9917,37.6229242932203,127.06067039501,290,435.0,6,아메리카노|카페라떼|케이크,4000|5000|6000,False
누리관,우우즈,음식점 > 카페,서울 노원구 광운로12길 32,,37.6212465148617,127.060942019495,129,193.5,3,아메리카노|카페라떼|케이크,4000|5000|6000,False
누리관,요거트아이스크림의정석 광운대점,음식점 > 카페 > 테마카페 > 디저트카페 > 요거트아이스크림의정석,서울 노원구 광운로 60,010-5949-2407,37.62265074300844,127.05998599082864,253,379.5,5,아메리카노|카페라떼|케이크,4000|5000|6000,False
누리관,커피는기억의끌림,음식점 > 카페 > 커피전문점,서울 노원구 석계로 98-1,02-911-7735,37.6234196267418,127.06107632676282,352,528.0,8,아메리카노|카페라떼|케이크,4000|5000|6000,False
누리관,카페빈둥,음식점 > 카페 > 커피전문점,서울 노원구 석계로15길 17,,37.6223816535661,127.061145707899,246,369.0,5,아메리카노|카페라떼|케이크,4000|5000|6000,False
누리관,오쎄,음식점 > 카페,서울 노원구 광운로 62,02-918-5508,37.6227245870602,127.060058546328,261,391.5,6,아메리카노|카페라떼|케이크,4000|5000|6000,False
누리관,매머드익스프레스 광운대후문점,음식점 > 카페 > 커피전문점 > 매머드익스프레스,서울 노원구 석계로13길 23,,37.6202136590307,127.061566434787,141,211.5,3,아메리카노|카페라떼|케이크,4000|5000|6000,False
누리관,모모,음식점 > 카페,서울 노원구 석계로9길 33,070-7612-1132,37.61669744983151,127.06262030830824,469,703.5,10,아메리카노|카페라떼|케이크,4000|5000|6000,False
누리관,CORD Jr.,음식점 > 카페 > 커피전문점,서울 노원구 석계로13길 40,,37.6209499341225,127.061243082418,129,193.5,3,아메리카노|카페라떼|케이크,4000|5000|6000,False
누리관,데이롱카페 광운대점,음식점 > 카페 > 테마카페 > 무인카페 > 데이롱카페,서울 노원구 광운로12길 38,,37.621302220658,127.061242238675,152,228.0,3,아메리카노|카페라떼|케이크,4000|5000|6000,False
누리관,카페프리헷 월계현대점,음식점 > 카페 > 테마카페 > 무인카페 > 카페프리헷,서울 노원구 석계로 49,0507-1418-4353,37.6170128081547,127.062596786796,438,657.0,9,아메리카노|카페라떼|케이크,4000|5000|6000,False
누리관,GS25 월계성북역점,"가정,생활 > 편의점 > GS25",서울 노원구 석계로 103,080-999-5425,37.62294498095257,127.06073837717676,293,439.5,6,대표메뉴|세트메뉴,8000|10000,False
누리관,이마트24 광운대역점,"가정,생활 > 편의점 > 이마트24",서울 노원구 석계로 98-1,02-6010-1032,37.623221352147,127.061187175034,334,501.0,7,대표메뉴|세트메뉴,8000|10000,False
누리관,GS25 광운로드점,"가정,생활 > 편의점 > GS25",서울 노원구 석계로 65,,37.6205572138281,127.0627481447,245,367.5,5,대표메뉴|세트메뉴,8000|10000,False
누리관,GS25 광운월계점,"가정,생활 > 편의점 > GS25",서울 노원구 광운로2나길 45,,37.6177870939132,127.060217680188,287,430.5,6,대표메뉴|세트메뉴,8000|10000,False
누리관,GS25 현대대로점,"가정,생활 > 편의점 > GS25",서울 노원구 석계로 49,,37.61700197646387,127.06263415568448,441,661.5,9,대표메뉴|세트메뉴,8000|10000,False
누리관,세븐일레븐 광운대후문점,"가정,생활 > 편의점 > 세븐일레븐",서울 노원구 석계로13길 48,,37.6212428318449,127.061094935049,138,207.0,3,대표메뉴|세트메뉴,8000|10000,False
누리관,차이나칸,음식점 > 중식 > 중국요리,서울 성북구 월계로40길 7,02-909-2246,37.6228957394869,127.048368650512,314,471.0,7,짜장면|짬뽕|탕수육|볶음밥,7000|8000|18000|8000,False
누리관,짬뽕관 장위뉴타운점,음식점 > 중식 > 중국요리 > 짬뽕관,서울 성북구 월계로36길 27,02-909-4132,37.61985770085404,127.0481458039948,171,256.5,4,짜장면|짬뽕|탕수육|볶음밥,7000|8000|18000|8000,False
누리관,오블랑쉬,"음식점 > 간식 > 제과,베이커리",서울 성북구 돌곶이로40길 46,070-7809-8403,37.61770333749168,127.0483936036266,327,490.5,7,대표메뉴|세트메뉴,8000|10000,False
누리관,써브웨이 장위뉴타운점,음식점 > 패스트푸드 > 샌드위치 > 써브웨이,서울 성북구 돌곶이로40길 46,02-941-0678,37.61767992573921,127.04835960817046,330,495.0,7,대표메뉴|세트메뉴,8000|10000,False
누리관,하늘이야기,음식점 > 한식 > 국수,서울 성북구 돌곶이로 220,02-942-8253,37.61906010777287,127.04644397874456,343,514.5,7,비빔밥|제육볶음|된장찌개|불고기,8000|9000|7000|12000,False
누리관,노모어피자 꿈의숲점,음식점 > 양식 > 피자,서울 성북구 돌곶이로40길 46,070-8633-4797,37.61831373395113,127.04733946886324,325,487.5,7,파스타|피자|스테이크,12000|15000|25000,False
누리관,양평칼국수 장위점,음식점 > 한식 > 국수 > 칼국수,서울 성북구 한천로99길 64,02-941-9504,37.6202214322432,127.048797349467,105,157.5,2,비빔밥|제육볶음|된장찌개|불고기,8000|9000|7000|12000,False
누리관,크레모나,"음식점 > 간식 > 제과,베이커리",서울 성북구 돌곶이로40길 46,,37.6184300389083,127.047145853047,329,493.5,7,대표메뉴|세트메뉴,8000|10000,False
누리관,김가네 장위뉴타운점,음식점 > 분식 > 김가네,서울 성북구 돌곶이로40길 46,02-909-5237,37.61985705035302,127.04971460568626,61,91.5,1,김밥|라면|떡볶이|튀김,3500|4000|5000|6000,False
누리관,백채김치찌개 장위뉴타운점,"음식점 > 한식 > 찌개,전골 > 백채김치찌개",서울 성북구 돌곶이로40길 46,02-909-2303,37.61837596290004,127.04718772830796,330,495.0,7,비빔밥|제육볶음|된장찌개|불고기,8000|9000|7000|12000,False
누리관,우애돈카츠 장위점,"음식점 > 일식 > 돈까스,우동",서울 성북구 돌곶이로 220,070-4833-8337,37.6190186668,127.046432626002,346,519.0,7,돈까스|초밥|우동|라멘,9000|12000|7000|9000,False
누리관,메가MGC커피 북서울꿈의숲점,음식점 > 카페 > 커피전문점 > 메가MGC커피,서울 성북구 돌곶이로 220,02-912-8982,37.61927745983638,127.04589701969157,379,568.5,8,아메리카노|카페라떼|케이크,4000|5000|6000,False
누리관,메가MGC커피 번동중앙점,음식점 > 카페 > 커피전문점 > 메가MGC커피,서울 성북구 월계로40길 7,02-942-8887,37.62308051458416,127.04819092722263,339,508.5,7,아메리카노|카페라떼|케이크,4000|5000|6000,False
누리관,컴포즈커피 꿈의숲아이파크점,음식점 > 카페 > 커피전문점 > 컴포즈커피,서울 성북구 돌곶이로40길 46,02-6498-8468,37.61741392059956,127.0488781996837,341,511.5,7,아메리카노|카페라떼|케이크,4000|5000|6000,False
누리관,이디야커피 장위동점,음식점 > 카페 > 커피전문점 > 이디야커피,서울 성북구 월계로40길 7,02-943-9094,37.623173269920365,127.04830426304194,344,516.0,7,아메리카노|카페라떼|케이크,4000|5000|6000,False
누리관,빽다방 북서울꿈의숲점,음식점 > 카페 > 커피전문점 > 빽다방,서울 성북구 돌곶이로 220,02-943-7555,37.6192161613785,127.045977403667,375,562.5,8,아메리카노|카페라떼|케이크,4000|5000|6000,False
누리관,요거트월드 장위점,음식점 > 카페 > 테마카페 > 디저트카페 > 요거트월드,서울 성북구 월계로40길 7,,37.6229470841289,127.048397002679,318,477.0,7,아메리카노|카페라떼|케이크,4000|5000|6000,False
누리관,알엔비스커피,음식점 > 카페 > 커피전문점,서울 성북구 월계로40길 7,,37.6228668948975,127.048400348957,310,465.0,7,아메리카노|카페라떼|케이크,4000|5000|6000,False
누리관,밀버터,음식점 > 카페,서울 성북구 한천로99길 52,,37.6205690062166,127.0492959734,64,96.0,1,아메리카노|카페라떼|케이크,4000|5000|6000,False
누리관,노리앤노리,"가정,생활 > 유아 > 놀이시설 > 키즈카페",서울 성북구 월계로40길 7,,37.6229461836119,127.048395869339,318,477.0,7,아메리카노|카페라떼|케이크,4000|5000|6000,False
누리관,GS25 성북꿈의숲점,"가정,생활 > 편의점 > GS25",서울 성북구 월계로36길 27,080-999-5425,37.619727191235256,127.0478172347646,203,304.5,4,대표메뉴|세트메뉴,8000|10000,False
누리관,GS25 장위뉴타운점,"가정,생활 > 편의점 > GS25",서울 성북구 월계로40길 7,,37.62284529628322,127.04833916621386,310,465.0,7,대표메뉴|세트메뉴,8000|10000,False
누리관,이마트24 R꿈의숲아이파크점,"가정,생활 > 편의점 > 이마트24",서울 성북구 돌곶이로40길 46,02-941-7770,37.618108138045486,127.04776296179594,317,475.5,7,대표메뉴|세트메뉴,8000|10000,False
광운대역,마떡다이천 광운대본점,음식점 > 분식 > 떡볶이,서울 노원구 석계로 106,02-976-4841,37.6231064273819,127.060407743094,119,178.5,3,김밥|라면|떡볶이|튀김,3500|4000|5000|6000,False
광운대역,일심해장국 월계점,음식점 > 한식 > 해장국,서울 노원구 석계로15길 25,02-909-1640,37.621977651357454,127.06183634914686,117,175.5,3,비빔밥|제육볶음|된장찌개|불고기,8000|9000|7000|12000,False
광운대역,더원,음식점 > 중식,서울 노원구 광운로 61,02-909-5477,37.6230814538525,127.05990930937736,163,244.5,3,짜장면|짬뽕|탕수육|볶음밥,7000|8000|18000|8000,False
광운대역,하이레,"음식점 > 일식 > 돈까스,우동",서울 노원구 광운로12길 6,,37.62096077851908,127.05941713733176,309,463.5,7,돈까스|초밥|우동|라멘,9000|12000|7000|9000,False
광운대역,서초우동 광운대역점,"음식점 > 일식 > 돈까스,우동",서울 노원구 석계로18길 23,02-941-0096,37.62388375193732,127.06085015246404,123,184.5,3,돈까스|초밥|우동|라멘,9000|12000|7000|9000,False
광운대역,화로상회 광운대점,음식점 > 뷔페 > 고기뷔페,서울 노원구 광운로 37,02-941-2292,37.62077461782266,127.05873055905124,366,549.0,8,대표메뉴|세트메뉴,8000|10000,False
광운대역,친친,음식점 > 중식 > 중국요리,서울 노원구 석계로18길 10-9,02-6229-4143,37.6236251301821,127.060924704224,98,147.0,2,짜장면|짬뽕|탕수육|볶음밥,7000|8000|18000|8000,False
광운대역,마포연탄불고기,"음식점 > 한식 > 육류,고기 > 불고기,두루치기",서울 노원구 석계로18길 4,02-915-2826,37.623230699702965,127.0605324472798,110,165.0,2,비빔밥|제육볶음|된장찌개|불고기,8000|9000|7000|12000,False
광운대역,여우곱창,"음식점 > 한식 > 육류,고기 > 곱창,막창",서울 노원구 광운로 68,02-919-3339,37.6233155258228,127.060271980912,135,202.5,3,비빔밥|제육볶음|된장찌개|불고기,8000|9000|7000|12000,False
광운대역,진미통닭,음식점 > 치킨,서울 노원구 광운로 45,02-918-3492,37.6214654962473,127.059089046317,293,439.5,6,대표메뉴|세트메뉴,8000|10000,False
광운대역,여자만아구찜,"음식점 > 한식 > 해물,생선 > 아구",서울 노원구 석계로18길 10-8,02-941-1989,37.6235062163082,127.060892889771,92,138.0,2,비빔밥|제육볶음|된장찌개|불고기,8000|9000|7000|12000,False
광운대역,도미노피자 월계점,음식점 > 양식 > 피자 > 도미노피자,서울 노원구 광운로 52,02-915-3082,37.6219391607872,127.059595756284,226,339.0,5,파스타|피자|스테이크,12000|15000|25000,False
광운대역,수해복마라탕 광운대점,음식점 > 중식 > 중국요리,서울 노원구 광운로 39,02-917-3303,37.6210745477174,127.058929022312,331,496.5,7,짜장면|짬뽕|탕수육|볶음밥,7000|8000|18000|8000,False
광운대역,한라산감자탕,음식점 > 한식 > 감자탕,서울 노원구 석계로15길 17,010-6482-8321,37.6223654328671,127.061151358349,91,136.5,2,비빔밥|제육볶음|된장찌개|불고기,8000|9000|7000|12000,False
광운대역,윤스쿡,"음식점 > 일식 > 돈까스,우동",서울 노원구 광운로 29,,37.6203107561798,127.058434555295,421,631.5,9,돈까스|초밥|우동|라멘,9000|12000|7000|9000,False
광운대역,와플대학 광운대캠퍼스,"음식점 > 간식 > 제과,베이커리 > 와플대학",서울 노원구 광운로 64,02-941-3890,37.62283985104657,127.06018097652368,141,211.5,3,대표메뉴|세트메뉴,8000|10000,False
광운대역,꽃제비칼국수,음식점 > 한식 > 국수 > 칼국수,서울 노원구 광운로12길 13,02-911-8371,37.6213083069597,127.05991694832,251,376.5,5,비빔밥|제육볶음|된장찌개|불고기,8000|9000|7000|12000,False
광운대역,미미식당 월계점,"음식점 > 한식 > 육류,고기",서울 노원구 석계로18길 5,,37.6232722135876,127.06039881516,123,184.5,3,비빔밥|제육볶음|된장찌개|불고기,8000|9000|7000|12000,False
광운대역,빈대떡신사,"음식점 > 술집 > 호프,요리주점",서울 노원구 광운로 70,02-774-9595,37.6234669008526,127.060253978908,141,211.5,3,대표메뉴|세트메뉴,8000|10000,False
광운대역,영축산정육식당,"음식점 > 한식 > 육류,고기",서울 노원구 광운로 52,02-915-6221,37.6217895178956,127.059751954723,224,336.0,5,비빔밥|제육볶음|된장찌개|불고기,8000|9000|7000|12000,False
광운대역,사계절김밥,음식점 > 분식,서울 노원구 광운로 72,02-941-7789,37.6235588107524,127.060235928848,146,219.0,3,김밥|라면|떡볶이|튀김,3500|4000|5000|6000,False
광운대역,맛닭꼬 광운대점,음식점 > 치킨 > 맛닭꼬,서울 노원구 광운로 61,02-942-3492,37.62309584950046,127.05994896746644,160,240.0,3,대표메뉴|세트메뉴,8000|10000,False
광운대역,본죽&비빔밥cafe 광운대역점,음식점 > 퓨전요리 > 퓨전한식 > 본죽&비빔밥cafe,서울 노원구 석계로 98-1,02-914-6285,37.6233006583535,127.0611498589125,61,91.5,1,비빔밥|제육볶음|된장찌개|불고기,8000|9000|7000|12000,False
광운대역,또와집순대국,음식점 > 한식 > 순대,서울 노원구 광운로19길 13,02-943-2207,37.62326079906855,127.05981316864523,173,259.5,4,비빔밥|제육볶음|된장찌개|불고기,8000|9000|7000|12000,False
광운대역,착한족발 월계점,"음식점 > 한식 > 육류,고기 > 족발,보쌈",서울 노원구 석계로 95,010-4655-5669,37.62295564668777,127.06102157486964,65,97.5,1,비빔밥|제육볶음|된장찌개|불고기,8000|9000|7000|12000,False
광운대역,호시아카리,"음식점 > 일식 > 초밥,롤",서울 노원구 석계로 98-1,070-8747-1697,37.62331598687177,127.06112721623848,64,96.0,1,돈까스|초밥|우동|라멘,9000|12000|7000|9000,False
광운대역,야타이,음식점 > 일식 > 일식집,서울 노원구 석계로18길 10-6,0502-5552-5931,37.6235008757847,127.060766015809,102,153.0,2,돈까스|초밥|우동|라멘,9000|12000|7000|9000,False
광운대역,써브웨이 광운대역점,음식점 > 패스트푸드 > 샌드위치 > 써브웨이,서울 노원구 광운로 57,02-942-7779,37.62266353825251,127.05962805159405,192,288.0,4,대표메뉴|세트메뉴,8000|10000,False
광운대역,중화호반닭갈비 광운대점,"음식점 > 한식 > 육류,고기 > 닭요리",서울 노원구 광운로 53,02-942-0799,37.6224564534593,127.059345831815,222,333.0,5,비빔밥|제육볶음|된장찌개|불고기,8000|9000|7000|12000,False
광운대역,디델리 광운대점,음식점 > 분식,서울 노원구 광운로 31,02-3292-1194,37.6204440641234,127.058511684455,406,609.0,9,김밥|라면|떡볶이|튀김,3500|4000|5000|6000,False
광운대역,명랑핫도그 광운대점,음식점 > 패스트푸드 > 명랑핫도그,서울 노원구 석계로 106,02-919-6488,37.62310822645583,127.06041340834152,119,178.5,3,대표메뉴|세트메뉴,8000|10000,False
광운대역,김밥천국,음식점 > 분식,서울 노원구 광운로 33,02-942-7804,37.620528733322885,127.05855932501956,396,594.0,8,김밥|라면|떡볶이|튀김,3500|4000|5000|6000,False
광운대역,한솥도시락 광운대역점,음식점 > 도시락 > 한솥도시락,서울 노원구 석계로 95,02-6713-1113,37.62301864068847,127.06116661925894,52,78.0,1,대표메뉴|세트메뉴,8000|10000,False
광운대역,국수천왕 광운대점,음식점 > 한식,서울 노원구 광운로 46,02-909-1236,37.621806873755745,127.0610489543484,149,223.5,3,비빔밥|제육볶음|된장찌개|불고기,8000|9000|7000|12000,False
광운대역,배스킨라빈스 광운대역점,음식점 > 간식 > 아이스크림 > 배스킨라빈스,서울 노원구 광운로 65,02-909-1441,37.6231642939857,127.06000905867,155,232.5,3,대표메뉴|세트메뉴,8000|10000,False
광운대역,전주밥상쌈밥,음식점 > 한식 > 쌈밥,서울 노원구 광운로 61,02-3292-0118,37.62296447243826,127.05961922991156,189,283.5,4,비빔밥|제육볶음|된장찌개|불고기,8000|9000|7000|12000,False
광운대역,청년다방 광운대점,음식점 > 분식 > 떡볶이 > 청년다방,서울 노원구 광운로 44,02-6085-9124,37.62135716432966,127.05951373500557,271,406.5,6,김밥|라면|떡볶이|튀김,3500|4000|5000|6000,False
광운대역,맛불,음식점 > 한식,서울 노원구 광운로 39,010-3489-3056,37.6210709511218,127.058914294016,332,498.0,7,비빔밥|제육볶음|된장찌개|불고기,8000|9000|7000|12000,False
광운대역,최환기쌈밥칼국수,음식점 > 한식 > 쌈밥,서울 노원구 광운로19가길 2,02-911-5402,37.62378064715679,127.05985549760452,187,280.5,4,비빔밥|제육볶음|된장찌개|불고기,8000|9000|7000|12000,False
광운대역,서선생김치찜,"음식점 > 한식 > 찌개,전골",서울 노원구 석계로15길 14,02-909-3337,37.6223935484119,127.060793433159,111,166.5,2,비빔밥|제육볶음|된장찌개|불고기,8000|9000|7000|12000,False
광운대역,카츠백 월계점,"음식점 > 일식 > 돈까스,우동 > 카츠백",서울 노원구 광운로 44,02-6953-2204,37.621340953417,127.059500129304,274,411.0,6,돈까스|초밥|우동|라멘,9000|12000|7000|9000,False
광운대역,큰맘할매순대국 광운대점,음식점 > 한식 > 순대 > 큰맘할매순대국,서울 노원구 광운로 67,02-942-1479,37.6232723708939,127.06009070433,149,223.5,3,비빔밥|제육볶음|된장찌개|불고기,8000|9000|7000|12000,False
광운대역,돈장군 광운대본점,"음식점 > 한식 > 육류,고기",서울 노원구 광운로 69,02-941-8276,37.6234201402204,127.0600760973566,154,231.0,3,비빔밥|제육볶음|된장찌개|불고기,8000|9000|7000|12000,False
광운대역,꽃님맥주,"음식점 > 술집 > 호프,요리주점",서울 노원구 석계로 98-1,,37.6233727402331,127.061144254146,66,99.0,1,대표메뉴|세트메뉴,8000|10000,False
광운대역,스타벅스 광운대점,음식점 > 카페 > 커피전문점 > 스타벅스,서울 노원구 석계로 104,1522-3232,37.6231891063632,127.060820134493,84,126.0,2,아메리카노|카페라떼|케이크,4000|5000|6000,False
광운대역,카페니니,음식점 > 카페,서울 노원구 광운로 59,02-2138-1884,37.6227500329914,127.05962812068,191,286.5,4,아메리카노|카페라떼|케이크,4000|5000|6000,False
광운대역,월계청춘카페,음식점 > 카페,서울 노원구 광운로 44,070-4174-7755,37.6213607728479,127.059504676027,272,408.0,6,아메리카노|카페라떼|케이크,4000|5000|6000,False
광운대역,컴포즈커피 광운대80주년기념관점,음식점 > 카페 > 커피전문점 > 컴포즈커피,서울 노원구 광운로 20,02-909-1617,37.62030155947812,127.0588106097436,399,598.5,9,아메리카노|카페라떼|케이크,4000|5000|6000,False
광운대역,메가MGC커피 광운대역점,음식점 > 카페 > 커피전문점 > 메가MGC커피,서울 노원구 석계로 103,02-942-9917,37.6229242932203,127.06067039501,97,145.5,2,아메리카노|카페라떼|케이크,4000|5000|6000,False
광운대역,커피는기억의끌림,음식점 > 카페 > 커피전문점,서울 노원구 석계로 98-1,02-911-7735,37.6234196267418,127.06107632676282,74,111.0,2,아메리카노|카페라떼|케이크,4000|5000|6000,False
광운대역,요거트아이스크림의정석 광운대점,음식점 > 카페 > 테마카페 > 디저트카페 > 요거트아이스크림의정석,서울 노원구 광운로 60,010-5949-2407,37.62265074300844,127.05998599082864,162,243.0,3,아메리카노|카페라떼|케이크,4000|5000|6000,False
광운대역,메가MGC커피 광운대점,음식점 > 카페 > 커피전문점 > 메가MGC커피,서울 노원구 광운로 35,02-942-1005,37.62068904770362,127.05868291742624,376,564.0,8,아메리카노|카페라떼|케이크,4000|5000|6000,False
광운대역,카페빈둥,음식점 > 카페 > 커피전문점,서울 노원구 석계로15길 17,,37.6223816535661,127.061145707899,90,135.0,2,아메리카노|카페라떼|케이크,4000|5000|6000,False
광운대역,우우즈,음식점 > 카페,서울 노원구 광운로12길 32,,37.6212465148617,127.060942019495,211,316.5,5,아메리카노|카페라떼|케이크,4000|5000|6000,False
광운대역,서울수플레,음식점 > 카페,서울 노원구 광운로17길 13,0504-823-0663,37.6224215775715,127.058821341782,268,402.0,6,아메리카노|카페라떼|케이크,4000|5000|6000,False
광운대역,설빙 광운대점,음식점 > 카페 > 테마카페 > 디저트카페 > 설빙,서울 노원구 광운로 25,02-6953-9749,37.6200694057919,127.058203293092,454,681.0,10,아메리카노|카페라떼|케이크,4000|5000|6000,False
광운대역,빽다방 광운대점,음식점 > 카페 > 커피전문점 > 빽다방,서울 노원구 광운로 43,070-7752-5322,37.62131326117863,127.05902549288253,308,462.0,7,아메리카노|카페라떼|케이크,4000|5000|6000,False
광운대역,공차 광운대점,음식점 > 카페 > 공차,서울 노원구 광운로 20,02-943-8523,37.62001145287181,127.05878772699673,426,639.0,9,아메리카노|카페라떼|케이크,4000|5000|6000,False
광운대역,광운커피,음식점 > 카페,서울 노원구 광운로 25,010-4190-3569,37.6200685020056,127.058208955948,454,681.0,10,아메리카노|카페라떼|케이크,4000|5000|6000,False
광운대역,오쎄,음식점 > 카페,서울 노원구 광운로 62,02-918-5508,37.6227245870602,127.060058546328,154,231.0,3,아메리카노|카페라떼|케이크,4000|5000|6000,False
광운대역,매머드익스프레스 광운대정문점,음식점 > 카페 > 커피전문점 > 매머드익스프레스,서울 노원구 광운로 27,,37.6202171095369,127.058321210548,435,652.5,9,아메리카노|카페라떼|케이크,4000|5000|6000,False
광운대역,메타킹커피 광운대점,음식점 > 카페,서울 노원구 광운로12길 5,,37.6212247477794,127.059456992958,285,427.5,6,아메리카노|카페라떼|케이크,4000|5000|6000,False
광운대역,매머드익스프레스 광운대후문점,음식점 > 카페 > 커피전문점 > 매머드익스프레스,서울 노원구 석계로13길 23,,37.6202136590307,127.061566434787,313,469.5,7,아메리카노|카페라떼|케이크,4000|5000|6000,False
광운대역,데이롱카페 광운대점,음식점 > 카페 > 테마카페 > 무인카페 > 데이롱카페,서울 노원구 광운로12길 38,,37.621302220658,127.061242238675,197,295.5,4,아메리카노|카페라떼|케이크,4000|5000|6000,False
광운대역,CORD Jr.,음식점 > 카페 > 커피전문점,서울 노원구 석계로13길 40,,37.6209499341225,127.061243082418,235,352.5,5,아메리카노|카페라떼|케이크,4000|5000|6000,False
광운대역,이디야커피 광운대점,음식점 > 카페 > 커피전문점 > 이디야커피,서울 노원구 광운로 29,02-942-0937,37.6203251764627,127.058425504853,420,630.0,9,아메리카노|카페라떼|케이크,4000|5000|6000,False
광운대역,이마트24 광운대역점,"가정,생활 > 편의점 > 이마트24",서울 노원구 석계로 98-1,02-6010-1032,37.623221352147,127.061187175034,54,81.0,1,대표메뉴|세트메뉴,8000|10000,False
광운대역,GS25 월계성북역점,"가정,생활 > 편의점 > GS25",서울 노원구 석계로 103,080-999-5425,37.62294498095257,127.06073837717676,90,135.0,2,대표메뉴|세트메뉴,8000|10000,False
광운대역,GS25 광운타운점,"가정,생활 > 편의점 > GS25",서울 노원구 광운로 79,,37.624350024722,127.059946576322,216,324.0,5,대표메뉴|세트메뉴,8000|10000,False
광운대역,GS25 광운로드점,"가정,생활 > 편의점 > GS25",서울 노원구 석계로 65,,37.6205572138281,127.0627481447,288,432.0,6,대표메뉴|세트메뉴,8000|10000,False
광운대역,CU 광운대원룸점,"가정,생활 > 편의점 > CU",서울 노원구 광운로15길 23,,37.62153814533509,127.05793937823356,375,562.5,8,대표메뉴|세트메뉴,8000|10000,False
광운대역,세븐일레븐 광운대후문점,"가정,생활 > 편의점 > 세븐일레븐",서울 노원구 석계로13길 48,,37.6212428318449,127.061094935049,207,310.5,4,대표메뉴|세트메뉴,8000|10000,False
광운대역,세븐일레븐 성북역점,"가정,생활 > 편의점 > 세븐일레븐",서울 노원구 광운로 71,,37.623700361506536,127.06004800368336,168,252.0,4,대표메뉴|세트메뉴,8000|10000,False
광운대역,세븐일레븐 광운스퀘어점,"가정,생활 > 편의점 > 세븐일레븐",서울 노원구 광운로 20,,37.61999081299385,127.05862120221462,437,655.5,9,대표메뉴|세트메뉴,8000|10000,False
광운대역,가마솥뼈다귀감자탕,음식점 > 한식 > 감자탕,서울 노원구 석계로18길 14,,37.62367307140256,127.06055772685896,495,742.5,11,비빔밥|제육볶음|된장찌개|불고기,8000|9000|7000|12000,False
광운대역,인생아구찜 월계점,"음식점 > 한식 > 해물,생선 > 아구 > 인생아구찜",서울 노원구 석계로18길 23,02-942-2359,37.6239333149593,127.06083320130092,462,693.0,10,비빔밥|제육볶음|된장찌개|불고기,8000|9000|7000|12000,False
광운대역,정담소반,음식점 > 한식,서울 노원구 석계로18길 23,,37.62394419446882,127.06070180872364,463,694.5,10,비빔밥|제육볶음|된장찌개|불고기,8000|9000|7000|12000,False
광운대역,본도시락 광운대역점,음식점 > 도시락 > 본도시락,서울 노원구 석계로18길 23,02-943-4282,37.624032488252,127.060707544382,453,679.5,10,대표메뉴|세트메뉴,8000|10000,False
광운대역,치킨클럽 성북역본점,음식점 > 치킨,서울 노원구 석계로18길 10-9,02-912-7092,37.6236179199489,127.060929229404,495,742.5,11,대표메뉴|세트메뉴,8000|10000,False
광운대역,무명칼국수,음식점 > 한식 > 국수 > 칼국수,서울 노원구 석계로7길 4,02-941-7776,37.6167291943623,127.063909303813,238,357.0,5,비빔밥|제육볶음|된장찌개|불고기,8000|9000|7000|12000,False
광운대역,연어시장 석계본점,"음식점 > 한식 > 해물,생선 > 회",서울 노원구 석계로 13,02-910-9540,37.6160406157153,127.064320999484,316,474.0,7,광어회|우럭회|모둠회|참돔회|연어회|대방어회|매운탕|회덮밥|물회|해물라면,35000|40000|60000|70000|38000|80000|10000|12000|15000|8000,False
광운대역,남송통닭,음식점 > 치킨,서울 노원구 석계로3길 30,02-916-5127,37.6162646228489,127.063281415581,237,355.5,5,대표메뉴|세트메뉴,8000|10000,False
광운대역,라무야끼,"음식점 > 한식 > 육류,고기",서울 노원구 석계로3길 15-1,02-909-3337,37.6157237900017,127.063727219901,309,463.5,7,비빔밥|제육볶음|된장찌개|불고기,8000|9000|7000|12000,False
광운대역,퀸스테이크,"음식점 > 양식 > 스테이크,립",서울 노원구 석계로1길 22,02-909-3206,37.6155176041706,127.063466536001,317,475.5,7,파스타|피자|스테이크,12000|15000|25000,False
광운대역,기와집,"음식점 > 한식 > 육류,고기 > 갈비",서울 노원구 석계로 35,02-917-2111,37.617917679130045,127.06375854199334,176,264.0,4,비빔밥|제육볶음|된장찌개|불고기,8000|9000|7000|12000,False
광운대역,황금오리,"음식점 > 한식 > 육류,고기 > 오리",서울 노원구 석계로1길 22,02-909-7005,37.61550320601962,127.06343367711622,317,475.5,7,비빔밥|제육볶음|된장찌개|불고기,8000|9000|7000|12000,False
광운대역,삼대냉면,음식점 > 한식 > 냉면,서울 노원구 석계로9길 33,,37.61666051655156,127.0626066854087,169,253.5,4,비빔밥|제육볶음|된장찌개|불고기,8000|9000|7000|12000,False
광운대역,청계천8가삼성곱창,"음식점 > 한식 > 육류,고기 > 곱창,막창",서울 노원구 석계로3길 32,02-909-6660,37.6163548077667,127.063120654871,221,331.5,5,비빔밥|제육볶음|된장찌개|불고기,8000|9000|7000|12000,False
광운대역,최대포소금구이,"음식점 > 한식 > 육류,고기",서울 노원구 석계로7길 14,,37.6163473444505,127.063596363995,247,370.5,5,비빔밥|제육볶음|된장찌개|불고기,8000|9000|7000|12000,False
광운대역,미가양꼬치,음식점 > 중식 > 양꼬치,서울 노원구 석계로 31,02-942-3432,37.6175401053181,127.063869221622,193,289.5,4,짜장면|짬뽕|탕수육|볶음밥,7000|8000|18000|8000,False
광운대역,인생꼬치479,"음식점 > 술집 > 호프,요리주점",서울 노원구 석계로 15,0507-1383-4790,37.61614513955888,127.06430409972944,307,460.5,7,대표메뉴|세트메뉴,8000|10000,False
광운대역,석계3층집,"음식점 > 한식 > 육류,고기 > 오리",서울 노원구 석계로 21,02-942-3752,37.6166569801302,127.064158427311,261,391.5,6,비빔밥|제육볶음|된장찌개|불고기,8000|9000|7000|12000,False
광운대역,KFC 석계역점,음식점 > 패스트푸드 > KFC,서울 노원구 석계로1길 14,02-2039-5859,37.61552365612336,127.06393885339828,338,507.0,7,대표메뉴|세트메뉴,8000|10000,False
광운대역,하남돼지집 석계점,"음식점 > 한식 > 육류,고기 > 삼겹살 > 하남돼지집",서울 노원구 석계로9길 17,02-941-9753,37.6171764503485,127.063230085601,160,240.0,3,비빔밥|제육볶음|된장찌개|불고기,8000|9000|7000|12000,False
광운대역,교촌치킨 석계역점,음식점 > 치킨 > 교촌치킨,서울 노원구 석계로 31,02-909-9229,37.61751126329202,127.0638884523992,196,294.0,4,대표메뉴|세트메뉴,8000|10000,False
광운대역,저팔계족발,"음식점 > 한식 > 육류,고기 > 족발,보쌈",서울 노원구 석계로7길 5,02-942-8877,37.6165777547375,127.064045093311,258,387.0,6,비빔밥|제육볶음|된장찌개|불고기,8000|9000|7000|12000,False
광운대역,제주본가,"음식점 > 한식 > 육류,고기",서울 노원구 석계로1길 18,02-919-0505,37.61549675267001,127.0637055059272,329,493.5,7,비빔밥|제육볶음|된장찌개|불고기,8000|9000|7000|12000,False
광운대역,인정각,음식점 > 중식 > 중국요리,서울 노원구 석계로3길 18,02-942-0511,37.615994052084,127.06379087897491,288,432.0,6,짜장면|짬뽕|탕수육|볶음밥,7000|8000|18000|8000,False
광운대역,하마벌떡 정성담은 양평가,음식점 > 한식 > 해장국,서울 노원구 석계로1길 14,02-943-3374,37.61550024577697,127.06391051727964,339,508.5,7,비빔밥|제육볶음|된장찌개|불고기,8000|9000|7000|12000,False
광운대역,향원,음식점 > 중식 > 중국요리,서울 노원구 석계로 27,02-941-3344,37.6172697795988,127.063923358541,208,312.0,4,짜장면|짬뽕|탕수육|볶음밥,7000|8000|18000|8000,False
광운대역,소문난곱창,"음식점 > 한식 > 육류,고기 > 곱창,막창",서울 노원구 석계로7길 12-8,02-941-5507,37.61638715840151,127.06327925411355,226,339.0,5,비빔밥|제육볶음|된장찌개|불고기,8000|9000|7000|12000,False
광운대역,백채김치찌개 석계점,"음식점 > 한식 > 찌개,전골 > 백채김치찌개",서울 노원구 석계로3길 17,02-6397-8255,37.6158896279931,127.063623157738,289,433.5,6,비빔밥|제육볶음|된장찌개|불고기,8000|9000|7000|12000,False
광운대역,이상봉 이참치,음식점 > 일식,서울 노원구 석계로 21,02-943-1477,37.6166569850563,127.064149366032,260,390.0,6,돈까스|초밥|우동|라멘,9000|12000|7000|9000,False
광운대역,투썸플레이스 석계역점,음식점 > 카페 > 커피전문점 > 투썸플레이스,서울 노원구 석계로1길 10,02-915-7955,37.61560644067768,127.06413487178988,341,511.5,7,아메리카노|카페라떼|케이크,4000|5000|6000,False
광운대역,마작카페 소소마장,"가정,생활 > 여가시설 > 보드카페",서울 노원구 석계로7길 18,010-5397-0066,37.61621765405028,127.06349997796345,253,379.5,5,아메리카노|카페라떼|케이크,4000|5000|6000,False
광운대역,1일1잔,음식점 > 카페 > 테마카페 > 디저트카페,서울 노원구 광운로2길 6,,37.6180767967353,127.057436046716,382,573.0,8,아메리카노|카페라떼|케이크,4000|5000|6000,False
광운대역,후아나 석계점,음식점 > 카페 > 테마카페 > 디저트카페,서울 노원구 석계로1길 18,02-918-2885,37.6155399884749,127.063727063041,326,489.0,7,아메리카노|카페라떼|케이크,4000|5000|6000,False
광운대역,슬슬커피,음식점 > 카페 > 커피전문점,서울 노원구 석계로11길 35,02-6404-5714,37.6168269761962,127.063025910313,174,261.0,4,아메리카노|카페라떼|케이크,4000|5000|6000,False
광운대역,읍천리382 석계역점,음식점 > 카페 > 커피전문점 > 읍천리382,서울 노원구 석계로5길 11,010-7774-3820,37.616181439168926,127.06382501865563,274,411.0,6,아메리카노|카페라떼|케이크,4000|5000|6000,False
광운대역,빠말,음식점 > 카페 > 테마카페 > 디저트카페,서울 노원구 광운로 7,070-7677-8341,37.6185733102653,127.057293709771,398,597.0,9,아메리카노|카페라떼|케이크,4000|5000|6000,False
광운대역,카페베르데,음식점 > 카페,서울 노원구 광운로 17-3,,37.6192876400272,127.057609148638,392,588.0,8,아메리카노|카페라떼|케이크,4000|5000|6000,False
광운대역,빽다방 석계역문화공원점,음식점 > 카페 > 커피전문점 > 빽다방,서울 노원구 석계로3길 3,02-943-7686,37.61555048944035,127.06430018971456,355,532.5,8,아메리카노|카페라떼|케이크,4000|5000|6000,False
광운대역,모모,음식점 > 카페,서울 노원구 석계로9길 33,070-7612-1132,37.61669744983151,127.06262030830824,166,249.0,4,아메리카노|카페라떼|케이크,4000|5000|6000,False
광운대역,요거프레소 광운대점,음식점 > 카페 > 테마카페 > 디저트카페 > 요거프레소,서울 노원구 광운로 17-9,,37.6194139216729,127.057314743468,421,631.5,9,아메리카노|카페라떼|케이크,4000|5000|6000,False
광운대역,카페프리헷 월계현대점,음식점 > 카페 > 테마카페 > 무인카페 > 카페프리헷,서울 노원구 석계로 49,0507-1418-4353,37.6170128081547,127.062596786796,135,202.5,3,아메리카노|카페라떼|케이크,4000|5000|6000,False
광운대역,데이롱카페 석계역점,음식점 > 카페 > 테마카페 > 무인카페 > 데이롱카페,서울 노원구 석계로3길 30,,37.61626912110593,127.0632938785934,238,357.0,5,아메리카노|카페라떼|케이크,4000|5000|6000,False
광운대역,카페이공일,음식점 > 카페,서울 노원구 광운로2가길 14-16,,37.6172241794109,127.059818526685,193,289.5,4,아메리카노|카페라떼|케이크,4000|5000|6000,False
광운대역,롯오브젝트,음식점 > 카페,서울 노원구 광운로3길 7,,37.619014830962605,127.05721815792296,415,622.5,9,아메리카노|카페라떼|케이크,4000|5000|6000,False
광운대역,GS25 현대대로점,"가정,생활 > 편의점 > GS25",서울 노원구 석계로 49,,37.61700197646387,127.06263415568448,138,207.0,3,대표메뉴|세트메뉴,8000|10000,False
광운대역,GS25 광운월계점,"가정,생활 > 편의점 > GS25",서울 노원구 광운로2나길 45,,37.6177870939132,127.060217680188,139,208.5,3,대표메뉴|세트메뉴,8000|10000,False
광운대역,세븐일레븐 석계점,"가정,생활 > 편의점 > 세븐일레븐",서울 노원구 석계로 9,02-917-0777,37.61566481725314,127.06447924614,355,532.5,8,대표메뉴|세트메뉴,8000|10000,False
광운대역,CU 월계코스모스점,"가정,생활 > 편의점 > CU",서울 노원구 석계로7길 18,,37.61624917826,127.063519259895,251,376.5,5,대표메뉴|세트메뉴,8000|10000,False
광운대역,세븐일레븐 광운대원룸점,"가정,생활 > 편의점 > 세븐일레븐",서울 노원구 광운로2가길 23,,37.61810018357334,127.05933557310284,214,321.0,5,대표메뉴|세트메뉴,8000|10000,False
광운대역,GS25 광운사랑점,"가정,생활 > 편의점 > GS25",서울 노원구 광운로 17-11,,37.6195112503095,127.05726951003,429,643.5,9,대표메뉴|세트메뉴,8000|10000,False
광운대역,GS25 광운행운점,"가정,생활 > 편의점 > GS25",서울 노원구 광운로 5,080-999-5425,37.6184661312172,127.05721433937,404,606.0,9,대표메뉴|세트메뉴,8000|10000,False
광운대역,GS25 광운문화관점,"가정,생활 > 편의점 > GS25",서울 노원구 광운로 21,02-942-2533,37.61982824130036,127.05759144242984,418,627.0,9,대표메뉴|세트메뉴,8000|10000,False
광운대역,제로스토어 광운대점,"가정,생활 > 편의점",서울 노원구 광운로 15,0507-1416-3208,37.6190155528723,127.05758628477297,384,576.0,8,대표메뉴|세트메뉴,8000|10000,False
광운대역,천년초우리밀칼국수,음식점 > 한식 > 국수 > 칼국수,서울 노원구 석계로 65,070-4036-1645,37.62047341117989,127.06276846319872,452,678.0,10,비빔밥|제육볶음|된장찌개|불고기,8000|9000|7000|12000,False
광운대역,월계돈,"음식점 > 한식 > 육류,고기",서울 노원구 석계로 63,02-941-3326,37.620290466163745,127.06285213034684,460,690.0,10,비빔밥|제육볶음|된장찌개|불고기,8000|9000|7000|12000,False
광운대역,팔팔전어횟집,"음식점 > 한식 > 해물,생선 > 회",서울 노원구 광운로 25,02-914-8876,37.6200477642131,127.058239523003,355,532.5,8,광어회|우럭회|모둠회|참돔회|연어회|대방어회|매운탕|회덮밥|물회|해물라면,35000|40000|60000|70000|38000|80000|10000|12000|15000|8000,False
광운대역,이층집,"음식점 > 한식 > 찌개,전골",서울 노원구 광운로 17-5,02-941-3588,37.6193669821635,127.057495939695,411,616.5,9,비빔밥|제육볶음|된장찌개|불고기,8000|9000|7000|12000,False
광운대역,푸른스시,"음식점 > 일식 > 초밥,롤",서울 노원구 광운로 33,0503-7150-4889,37.620592674732514,127.05861714390358,316,474.0,7,돈까스|초밥|우동|라멘,9000|12000|7000|9000,False
광운대역,동대문엽기떡볶이 월계점,음식점 > 분식 > 떡볶이 > 동대문엽기떡볶이,서울 노원구 광운로 39,02-911-8591,37.6210601206078,127.05895166547,291,436.5,6,김밥|라면|떡볶이|튀김,3500|4000|5000|6000,False
광운대역,미식성,음식점 > 중식 > 중국요리,서울 노원구 광운로 9,02-915-6020,37.6187111624562,127.057291550168,481,721.5,10,짜장면|짬뽕|탕수육|볶음밥,7000|8000|18000|8000,False
광운대역,이삭토스트 광운대점,음식점 > 간식 > 토스트 > 이삭토스트,서울 노원구 광운로 37-1,02-943-0799,37.620878192415546,127.0588087985225,299,448.5,6,대표메뉴|세트메뉴,8000|10000,False
광운대역,신연마라탕,음식점 > 중식,서울 노원구 광운로 35,02-909-2838,37.6206962708118,127.058652339616,308,462.0,7,짜장면|짬뽕|탕수육|볶음밥,7000|8000|18000|8000,False
광운대역,성북시니어 클럽 장위지점,음식점 > 카페 > 커피전문점,서울 성북구 한천로 708,,37.6200887443682,127.053513878053,434,651.0,9,아메리카노|카페라떼|케이크,4000|5000|6000,False
광운대역,카페인24 꿈의숲 SK뷰점,음식점 > 카페 > 테마카페 > 무인카페 > 카페인24,서울 노원구 월계로44길 68-6,0506-429-0611,37.622302010715,127.052532240842,382,573.0,8,아메리카노|카페라떼|케이크,4000|5000|6000,False
광운대역,커피정원,음식점 > 카페,서울 성북구 한천로 708,,37.6200888054192,127.053379085298,442,663.0,9,아메리카노|카페라떼|케이크,4000|5000|6000,False
광운대역,GS25 월계꿈의숲점,"가정,생활 > 편의점 > GS25",서울 노원구 월계로42길 97,,37.621412232406634,127.05365188736572,328,492.0,7,대표메뉴|세트메뉴,8000|10000,False
광운대역,CU 광운대점,"가정,생활 > 편의점 > CU",서울 노원구 광운로1길 60,02-909-8384,37.62039350156694,127.05498776159637,332,498.0,7,대표메뉴|세트메뉴,8000|10000,False
광운대역,CU 노원월계점,"가정,생활 > 편의점 > CU",서울 노원구 월계로44가길 19,02-910-8605,37.623524318881,127.053271663575,313,469.5,7,대표메뉴|세트메뉴,8000|10000,False
광운대역,CU 광운대기숙사점,"가정,생활 > 편의점 > CU",서울 노원구 광운로 21,053-857-9427,37.62148487572864,127.05630820027189,176,264.0,4,대표메뉴|세트메뉴,8000|10000,False
