university,name,category,address,phone,lat,lng,distance,walk_time
정문(복지관),하이레,"음식점 > 일식 > 돈까스,우동",서울 노원구 광운로12길 6,,37.62096077851908,127.05941713733176,203,3
정문(복지관),화로상회 광운대점,음식점 > 뷔페 > 고기뷔페,서울 노원구 광운로 37,02-941-2292,37.62077461782266,127.05873055905124,160,2
정문(복지관),마떡다이천 광운대본점,음식점 > 분식 > 떡볶이,서울 노원구 석계로 106,02-976-4841,37.6231064273819,127.060407743094,455,7
정문(복지관),일심해장국 월계점,음식점 > 한식 > 해장국,서울 노원구 석계로15길 25,02-909-1640,37.621977651357454,127.06183634914686,427,6
정문(복지관),더원,음식점 > 중식,서울 노원구 광운로 61,02-909-5477,37.6230814538525,127.05990930937736,436,7
정문(복지관),윤스쿡,"음식점 > 일식 > 돈까스,우동",서울 노원구 광운로 29,,37.6203107561798,127.058434555295,104,2
정문(복지관),진미통닭,음식점 > 치킨,서울 노원구 광운로 45,02-918-3492,37.6214654962473,127.059089046317,243,4
정문(복지관),수해복마라탕 광운대점,음식점 > 중식 > 중국요리,서울 노원구 광운로 39,02-917-3303,37.6210745477174,127.058929022312,197,3
정문(복지관),도미노피자 월계점,음식점 > 양식 > 피자 > 도미노피자,서울 노원구 광운로 52,02-915-3082,37.6219391607872,127.059595756284,307,5
정문(복지관),디델리 광운대점,음식점 > 분식,서울 노원구 광운로 31,02-3292-1194,37.6204440641234,127.058511684455,120,2
정문(복지관),이층집,"음식점 > 한식 > 찌개,전골",서울 노원구 광운로 17-5,02-941-3588,37.6193669821635,127.057495939695,67,1
정문(복지관),삼대냉면,음식점 > 한식 > 냉면,서울 노원구 석계로9길 33,,37.61666051655156,127.0626066854087,488,7
정문(복지관),마포연탄불고기,"음식점 > 한식 > 육류,고기 > 불고기,두루치기",서울 노원구 석계로18길 4,02-915-2826,37.623230699702965,127.0605324472798,472,7
정문(복지관),김밥천국,음식점 > 분식,서울 노원구 광운로 33,02-942-7804,37.620528733322885,127.05855932501957,130,2
정문(복지관),팔팔전어횟집,"음식점 > 한식 > 해물,생선 > 회",서울 노원구 광운로 25,02-914-8876,37.6200477642131,127.058239523003,74,1
정문(복지관),꽃제비칼국수,음식점 > 한식 > 국수 > 칼국수,서울 노원구 광운로12길 13,02-911-8371,37.6213083069597,127.05991694832,259,4
정문(복지관),미식성,음식점 > 중식 > 중국요리,서울 노원구 광운로 9,02-915-6020,37.6187111624562,127.057291550168,113,2
정문(복지관),여우곱창,"음식점 > 한식 > 육류,고기 > 곱창,막창",서울 노원구 광운로 68,02-919-3339,37.6233155258228,127.060271980912,471,7
정문(복지관),영축산정육식당,"음식점 > 한식 > 육류,고기",서울 노원구 광운로 52,02-915-6221,37.6217895178956,127.059751954723,298,4
정문(복지관),푸른스시,"음식점 > 일식 > 초밥,롤",서울 노원구 광운로 33,0503-7150-4889,37.620592674732514,127.05861714390358,138,2
정문(복지관),맛불,음식점 > 한식,서울 노원구 광운로 39,010-3489-3056,37.6210709511218,127.058914294016,196,3
정문(복지관),브레댄코 광운대점,"음식점 > 간식 > 제과,베이커리 > 브레댄코",서울 노원구 광운로 20,02-941-6108,37.61945936520447,127.05834893621858,11,0
정문(복지관),와플대학 광운대캠퍼스,"음식점 > 간식 > 제과,베이커리 > 와플대학",서울 노원구 광운로 64,02-941-3890,37.62283985104657,127.06018097652368,419,6
정문(복지관),한라산감자탕,음식점 > 한식 > 감자탕,서울 노원구 석계로15길 17,010-6482-8321,37.6223654328671,127.061151358349,418,6
정문(복지관),동대문엽기떡볶이 월계점,음식점 > 분식 > 떡볶이 > 동대문엽기떡볶이,서울 노원구 광운로 39,02-911-8591,37.6210601206078,127.05895166547,196,3
정문(복지관),중화호반닭갈비 광운대점,"음식점 > 한식 > 육류,고기 > 닭요리",서울 노원구 광운로 53,02-942-0799,37.6224564534593,127.059345831815,355,5
정문(복지관),양드림,"음식점 > 한식 > 육류,고기",서울 노원구 광운로2길 27,02-943-3408,37.617420329985926,127.05855009108576,218,3
정문(복지관),청년다방 광운대점,음식점 > 분식 > 떡볶이 > 청년다방,서울 노원구 광운로 44,02-6085-9124,37.62135716432966,127.05951373500557,246,4
정문(복지관),신연마라탕,음식점 > 중식,서울 노원구 광운로 35,02-909-2838,37.6206962708118,127.058652339616,150,2
정문(복지관),써브웨이 광운대역점,음식점 > 패스트푸드 > 샌드위치 > 써브웨이,서울 노원구 광운로 57,02-942-7779,37.62266353825251,127.05962805159403,384,6
정문(복지관),목포홍탁,"음식점 > 한식 > 해물,생선",서울 노원구 광운로1길 10,02-914-3703,37.61867438098913,127.05696304151887,138,2
정문(복지관),이삭토스트 광운대점,음식점 > 간식 > 토스트 > 이삭토스트,서울 노원구 광운로 37-1,02-943-0799,37.620878192415546,127.0588087985225,173,3
정문(복지관),후문식당,음식점 > 분식,서울 노원구 석계로13길 25-1,02-916-8745,37.62016962097997,127.06135458099394,287,4
정문(복지관),맛닭꼬 광운대점,음식점 > 치킨 > 맛닭꼬,서울 노원구 광운로 61,02-942-3492,37.62309584950046,127.05994896746643,438,7
정문(복지관),스시덤,"음식점 > 일식 > 초밥,롤",서울 노원구 광운로2길 6,02-2088-8070,37.6180921113138,127.057440589225,160,2
정문(복지관),카츠백 월계점,"음식점 > 일식 > 돈까스,우동 > 카츠백",서울 노원구 광운로 44,02-6953-2204,37.621340953417,127.059500129304,243,4
정문(복지관),밥은화 광운대본점,음식점 > 한식,서울 노원구 광운로12길 11,02-3292-7979,37.6212795351311,127.059799121243,250,4
정문(복지관),장수국수 광운대점,음식점 > 한식 > 국수,서울 노원구 광운로 27,070-8111-2595,37.6202243174404,127.058321216179,94,1
정문(복지관),또와집순대국,음식점 > 한식 > 순대,서울 노원구 광운로19길 13,02-943-2207,37.62326079906855,127.05981316864523,452,7
정문(복지관),경대컵밥 광운대점,음식점 > 도시락,서울 노원구 광운로 17-13,02-941-1047,37.619597802211,127.057151775086,100,2
정문(복지관),미미식당 월계점,"음식점 > 한식 > 육류,고기",서울 노원구 석계로18길 5,,37.6232722135876,127.06039881516,471,7
정문(복지관),빈대떡신사,"음식점 > 술집 > 호프,요리주점",서울 노원구 광운로 70,02-774-9595,37.6234669008526,127.060253978908,486,7
정문(복지관),사계절김밥,음식점 > 분식,서울 노원구 광운로 72,02-941-7789,37.6235588107524,127.060235928848,495,7
정문(복지관),국수천왕 광운대점,음식점 > 한식,서울 노원구 광운로 46,02-909-1236,37.621806873755745,127.0610489543484,365,5
정문(복지관),맘스터치 광운대점,음식점 > 패스트푸드 > 맘스터치,서울 노원구 광운로 33,02-941-7674,37.6205710814027,127.058555960075,134,2
정문(복지관),1일1잔,음식점 > 카페 > 테마카페 > 디저트카페,서울 노원구 광운로2길 6,,37.6180767967353,127.057436046716,161,2
정문(복지관),월계청춘카페,음식점 > 카페,서울 노원구 광운로 44,070-4174-7755,37.6213607728479,127.059504676027,246,4
정문(복지관),컴포즈커피 광운대80주년기념관점,음식점 > 카페 > 커피전문점 > 컴포즈커피,서울 노원구 광운로 20,02-909-1617,37.62030155947812,127.05881060974359,113,2
정문(복지관),빠말,음식점 > 카페 > 테마카페 > 디저트카페,서울 노원구 광운로 7,070-7677-8341,37.6185733102653,127.057293709771,123,2
정문(복지관),스타벅스 광운대점,음식점 > 카페 > 커피전문점 > 스타벅스,서울 노원구 석계로 104,1522-3232,37.6231891063632,127.060820134493,479,7
정문(복지관),카페니니,음식점 > 카페,서울 노원구 광운로 59,02-2138-1884,37.6227500329914,127.05962812068,393,6
정문(복지관),설빙 광운대점,음식점 > 카페 > 테마카페 > 디저트카페 > 설빙,서울 노원구 광운로 25,02-6953-9749,37.6200694057919,127.058203293092,76,1
정문(복지관),메가MGC커피 광운대점,음식점 > 카페 > 커피전문점 > 메가MGC커피,서울 노원구 광운로 35,02-942-1005,37.62068904770362,127.05868291742625,150,2
정문(복지관),카페베르데,음식점 > 카페,서울 노원구 광운로 17-3,,37.6192876400272,127.057609148638,58,1
정문(복지관),광운커피,음식점 > 카페,서울 노원구 광운로 25,010-4190-3569,37.6200685020056,127.058208955948,76,1
정문(복지관),공차 광운대점,음식점 > 카페 > 공차,서울 노원구 광운로 20,02-943-8523,37.62001145287181,127.05878772699671,84,1
정문(복지관),매머드익스프레스 광운대정문점,음식점 > 카페 > 커피전문점 > 매머드익스프레스,서울 노원구 광운로 27,,37.6202171095369,127.058321210548,93,1
정문(복지관),요거프레소 광운대점,음식점 > 카페 > 테마카페 > 디저트카페 > 요거프레소,서울 노원구 광운로 17-9,,37.6194139216729,127.057314743468,83,1
정문(복지관),빽다방 광운대점,음식점 > 카페 > 커피전문점 > 빽다방,서울 노원구 광운로 43,070-7752-5322,37.62131326117863,127.05902549288251,225,3
정문(복지관),우우즈,음식점 > 카페,서울 노원구 광운로12길 32,,37.6212465148617,127.060942019495,314,5
정문(복지관),메가MGC커피 광운대역점,음식점 > 카페 > 커피전문점 > 메가MGC커피,서울 노원구 석계로 103,02-942-9917,37.6229242932203,127.06067039501,447,7
정문(복지관),요거트아이스크림의정석 광운대점,음식점 > 카페 > 테마카페 > 디저트카페 > 요거트아이스크림의정석,서울 노원구 광운로 60,010-5949-2407,37.62265074300844,127.05998599082864,394,6
정문(복지관),서울수플레,음식점 > 카페,서울 노원구 광운로17길 13,0504-823-0663,37.6224215775715,127.058821341782,341,5
정문(복지관),카페빈둥,음식점 > 카페 > 커피전문점,서울 노원구 석계로15길 17,,37.6223816535661,127.061145707899,419,6
정문(복지관),메타킹커피 광운대점,음식점 > 카페,서울 노원구 광운로12길 5,,37.6212247477794,127.059456992958,230,3
정문(복지관),이디야커피 광운대점,음식점 > 카페 > 커피전문점 > 이디야커피,서울 노원구 광운로 29,02-942-0937,37.6203251764627,127.058425504853,106,2
정문(복지관),오쎄,음식점 > 카페,서울 노원구 광운로 62,02-918-5508,37.6227245870602,127.060058546328,403,6
정문(복지관),매머드익스프레스 광운대후문점,음식점 > 카페 > 커피전문점 > 매머드익스프레스,서울 노원구 석계로13길 23,,37.6202136590307,127.061566434787,306,5
정문(복지관),성북시니어 클럽 장위지점,음식점 > 카페 > 커피전문점,서울 성북구 한천로 708,,37.6200887443682,127.053513878053,426,6
정문(복지관),모모,음식점 > 카페,서울 노원구 석계로9길 33,070-7612-1132,37.61669744983151,127.06262030830825,486,7
정문(복지관),CORD Jr.,음식점 > 카페 > 커피전문점,서울 노원구 석계로13길 40,,37.6209499341225,127.061243082418,315,5
정문(복지관),데이롱카페 광운대점,음식점 > 카페 > 테마카페 > 무인카페 > 데이롱카페,서울 노원구 광운로12길 38,,37.621302220658,127.061242238675,339,5
정문(복지관),카페프리헷 월계현대점,음식점 > 카페 > 테마카페 > 무인카페 > 카페프리헷,서울 노원구 석계로 49,0507-1418-4353,37.6170128081547,127.062596786796,463,7
정문(복지관),롯오브젝트,음식점 > 카페,서울 노원구 광운로3길 7,,37.619014830962605,127.05721815792296,100,2
정문(복지관),커피정원,음식점 > 카페,서울 성북구 한천로 708,,37.6200888054192,127.053379085298,438,7
정문(복지관),카페이공일,음식점 > 카페,서울 노원구 광운로2가길 14-16,,37.6172241794109,127.059818526685,275,4
정문(복지관),CU 광운대원룸점,"가정,생활 > 편의점 > CU",서울 노원구 광운로15길 23,,37.62153814533509,127.05793937823357,241,4
정문(복지관),CU 광운대점,"가정,생활 > 편의점 > CU",서울 노원구 광운로1길 60,02-909-8384,37.62039350156694,127.05498776159637,310,5
정문(복지관),GS25 광운월계점,"가정,생활 > 편의점 > GS25",서울 노원구 광운로2나길 45,,37.6177870939132,127.060217680188,246,4
정문(복지관),세븐일레븐 광운스퀘어점,"가정,생활 > 편의점 > 세븐일레븐",서울 노원구 광운로 20,,37.61999081299385,127.05862120221462,74,1
정문(복지관),GS25 월계꿈의숲점,"가정,생활 > 편의점 > GS25",서울 노원구 월계로42길 97,,37.621412232406634,127.05365188736572,465,7
정문(복지관),세븐일레븐 광운대원룸점,"가정,생활 > 편의점 > 세븐일레븐",서울 노원구 광운로2가길 23,,37.61810018357334,127.05933557310284,170,3
정문(복지관),GS25 월계성북역점,"가정,생활 > 편의점 > GS25",서울 노원구 석계로 103,080-999-5425,37.62294498095257,127.06073837717676,452,7
정문(복지관),GS25 광운사랑점,"가정,생활 > 편의점 > GS25",서울 노원구 광운로 17-11,,37.6195112503095,127.05726951003,88,1
정문(복지관),GS25 광운로드점,"가정,생활 > 편의점 > GS25",서울 노원구 석계로 65,,37.6205572138281,127.0627481447,417,6
정문(복지관),GS25 현대대로점,"가정,생활 > 편의점 > GS25",서울 노원구 석계로 49,,37.61700197646387,127.06263415568448,467,7
정문(복지관),이마트24 광운대역점,"가정,생활 > 편의점 > 이마트24",서울 노원구 석계로 98-1,02-6010-1032,37.623221352147,127.061187175034,498,7
정문(복지관),GS25 광운행운점,"가정,생활 > 편의점 > GS25",서울 노원구 광운로 5,080-999-5425,37.6184661312172,127.05721433937,137,2
정문(복지관),GS25 광운문화관점,"가정,생활 > 편의점 > GS25",서울 노원구 광운로 21,02-942-2533,37.61982824130036,127.05759144242984,77,1
정문(복지관),세븐일레븐 광운대후문점,"가정,생활 > 편의점 > 세븐일레븐",서울 노원구 석계로13길 48,,37.6212428318449,127.061094935049,324,5
정문(복지관),CU 광운대기숙사점,"가정,생활 > 편의점 > CU",서울 노원구 광운로 21,053-857-9427,37.62148487572864,127.05630820027189,290,4
정문(복지관),제로스토어 광운대점,"가정,생활 > 편의점",서울 노원구 광운로 15,0507-1416-3208,37.6190155528723,127.05758628477295,71,1
정문(복지관),서초우동 광운대역점,"음식점 > 일식 > 돈까스,우동",서울 노원구 석계로18길 23,02-941-0096,37.62388375193732,127.06085015246403,234,4
정문(복지관),화돌농장 노원점,"음식점 > 한식 > 육류,고기",서울 노원구 광운로 133,02-912-5293,37.6283333023198,127.058114578353,439,7
정문(복지관),친친,음식점 > 중식 > 중국요리,서울 노원구 석계로18길 10-9,02-6229-4143,37.6236251301821,127.060924704224,249,4
정문(복지관),여자만아구찜,"음식점 > 한식 > 해물,생선 > 아구",서울 노원구 석계로18길 10-8,02-941-1989,37.6235062163082,127.060892889771,251,4
정문(복지관),애슐리퀸즈 이마트월계점,음식점 > 패밀리레스토랑 > 애슐리,서울 노원구 마들로3길 15,0507-1412-1063,37.62650323568528,127.06197603525396,403,6
정문(복지관),우리집,음식점 > 한식,서울 노원구 광운로22길 9,02-915-0707,37.62851291849527,127.05928267666646,467,7
정문(복지관),야타이,음식점 > 일식 > 일식집,서울 노원구 석계로18길 10-6,0502-5552-5931,37.6235008757847,127.060766015809,241,4
정문(복지관),본죽&비빔밥cafe 광운대역점,음식점 > 퓨전요리 > 퓨전한식 > 본죽&비빔밥cafe,서울 노원구 석계로 98-1,02-914-6285,37.6233006583535,127.0611498589125,281,4
정문(복지관),전주밥상쌈밥,음식점 > 한식 > 쌈밥,서울 노원구 광운로 61,02-3292-0118,37.62296447243826,127.05961922991156,197,3
정문(복지관),배스킨라빈스 광운대역점,음식점 > 간식 > 아이스크림 > 배스킨라빈스,서울 노원구 광운로 65,02-909-1441,37.6231642939857,127.06000905867,204,3
정문(복지관),최환기쌈밥칼국수,음식점 > 한식 > 쌈밥,서울 노원구 광운로19가길 2,02-911-5402,37.62378064715679,127.05985549760452,155,2
정문(복지관),착한족발 월계점,"음식점 > 한식 > 육류,고기 > 족발,보쌈",서울 노원구 석계로 95,010-4655-5669,37.62295564668777,127.06102157486963,290,4
정문(복지관),호시아카리,"음식점 > 일식 > 초밥,롤",서울 노원구 석계로 98-1,070-8747-1697,37.62331598687177,127.06112721623848,278,4
정문(복지관),명랑핫도그 광운대점,음식점 > 패스트푸드 > 명랑핫도그,서울 노원구 석계로 106,02-919-6488,37.62310822645583,127.06041340834153,236,4
정문(복지관),돈장군 광운대본점,"음식점 > 한식 > 육류,고기",서울 노원구 광운로 69,02-941-8276,37.6234201402204,127.0600760973566,192,3
정문(복지관),큰맘할매순대국 광운대점,음식점 > 한식 > 순대 > 큰맘할매순대국,서울 노원구 광운로 67,02-942-1479,37.6232723708939,127.06009070433,202,3
정문(복지관),명태이야기,"음식점 > 한식 > 해물,생선",서울 노원구 석계로18길 13,02-943-1121,37.62366145724105,127.06036514708568,201,3
정문(복지관),스타벅스 월계트레이더스점,음식점 > 카페 > 커피전문점 > 스타벅스,서울 노원구 마들로3길 17,1522-3232,37.62759082697573,127.06178435781577,472,7
정문(복지관),커피는기억의끌림,음식점 > 카페 > 커피전문점,서울 노원구 석계로 98-1,02-911-7735,37.6234196267418,127.06107632676282,270,4
정문(복지관),스타벅스 월계이마트점,음식점 > 카페 > 커피전문점 > 스타벅스,서울 노원구 마들로3길 15,1522-3232,37.6271527835984,127.062096653474,457,7
정문(복지관),공차 월계점,음식점 > 카페 > 공차,서울 노원구 마들로3길 15,02-973-6885,37.6265473970983,127.061951150089,404,6
정문(복지관),아망프라이빗,"가정,생활 > 유아 > 놀이시설 > 키즈카페",서울 노원구 월계로 294,,37.6268792218314,127.054089685118,461,7
정문(복지관),누커피,음식점 > 카페 > 테마카페 > 디저트카페,,,37.62871316118078,127.05700015616229,493,7
정문(복지관),유지인터내셔날 모히또바인오션,음식점 > 카페,서울 노원구 마들로3길 15,,37.6265095408039,127.061979438919,404,6
정문(복지관),GS25 광운타운점,"가정,생활 > 편의점 > GS25",서울 노원구 광운로 79,,37.624350024722,127.059946576322,148,2
정문(복지관),이마트24 이마트월계점,"가정,생활 > 편의점 > 이마트24",서울 노원구 마들로3길 15,02-6916-1500,37.62650773942647,127.06197830461335,403,6
정문(복지관),CU 노원월계점,"가정,생활 > 편의점 > CU",서울 노원구 월계로44가길 19,02-910-8605,37.623524318881,127.053271663575,450,7
정문(복지관),세븐일레븐 성북역점,"가정,생활 > 편의점 > 세븐일레븐",서울 노원구 광운로 71,,37.623700361506536,127.06004800368336,174,3
정문(복지관),스토리웨이,"가정,생활 > 편의점",서울 노원구 석계로 98-2,,37.6236870074235,127.061485474466,294,4
정문(복지관),그레도제빵사,"음식점 > 간식 > 제과,베이커리",서울 성북구 화랑로 304,070-8290-3033,37.613436102712356,127.06218378320334,361,5
정문(복지관),일번지정육식당 돌곶이점,"음식점 > 한식 > 육류,고기",서울 성북구 화랑로 254,02-960-1012,37.6108975882951,127.057706873014,389,6
정문(복지관),불맛나는직화짬뽕전문점 장위점,음식점 > 중식 > 중국요리,서울 성북구 돌곶이로 105,02-941-5051,37.612169095823205,127.05538377577903,353,5
정문(복지관),태성식당,음식점 > 한식,서울 성북구 화랑로33길 38,02-918-6658,37.611863006749545,127.0548546302744,410,6
정문(복지관),장군숯불족발,"음식점 > 한식 > 육류,고기 > 족발,보쌈",,02-941-5882,37.615019489162854,127.06322146334355,443,7
정문(복지관),한근더한근,"음식점 > 한식 > 육류,고기",서울 성북구 한천로 605,02-918-8999,37.613059625064764,127.06018442024082,224,3
정문(복지관),이우철한방누룽지삼계탕,"음식점 > 한식 > 육류,고기 > 닭요리 > 삼계탕",서울 성북구 화랑로 237,02-941-7119,37.6105381410451,127.055733662314,481,7
정문(복지관),중화요리동우당,음식점 > 중식 > 중국요리,서울 성북구 돌곶이로 99,02-943-2182,37.6118355952225,127.055670073071,363,5
정문(복지관),퀸스테이크,"음식점 > 양식 > 스테이크,립",서울 노원구 석계로1길 22,02-909-3206,37.6155176041706,127.063466536001,476,7
정문(복지관),웃소한우,"음식점 > 한식 > 육류,고기",서울 성북구 한천로 594,0502-5552-0859,37.61233994895667,127.06151690460449,365,5
정문(복지관),남송통닭,음식점 > 치킨,서울 노원구 석계로3길 30,02-916-5127,37.6162646228489,127.063281415581,490,7
정문(복지관),황금오리,"음식점 > 한식 > 육류,고기 > 오리",서울 노원구 석계로1길 22,02-909-7005,37.61550320601962,127.06343367711622,473,7
정문(복지관),조마루감자탕 석관점,음식점 > 한식 > 감자탕 > 조마루감자탕,서울 성북구 화랑로 262,02-960-6953,37.6112684927407,127.058323282464,345,5
정문(복지관),바코삼겹살 돌곶이역직영점,"음식점 > 한식 > 육류,고기 > 삼겹살",서울 성북구 돌곶이로 76-1,02-960-5993,37.6104326736757,127.057715574323,440,7
정문(복지관),상록회관 돌곶이점,"음식점 > 한식 > 육류,고기 > 상록회관",서울 성북구 화랑로 275,02-909-3339,37.6123410590705,127.059349118607,245,4
정문(복지관),자연숯불화로 돌곶이점,"음식점 > 한식 > 육류,고기",서울 성북구 돌곶이로22길 10,0503-7150-7176,37.6099601651585,127.05850800045133,490,7
정문(복지관),오장동불고기냉면,"음식점 > 한식 > 육류,고기 > 불고기,두루치기",서울 성북구 화랑로 268,02-967-8003,37.6115277391549,127.058803699991,320,5
정문(복지관),청계천8가삼성곱창,"음식점 > 한식 > 육류,고기 > 곱창,막창",서울 노원구 석계로3길 32,02-909-6660,37.6163548077667,127.063120654871,481,7
정문(복지관),패티앤빅 돌곶이역점,"음식점 > 일식 > 돈까스,우동",서울 성북구 화랑로 248,02-967-1580,37.61044569878992,127.05686842478414,453,7
정문(복지관),농가축산정육식당,"음식점 > 한식 > 육류,고기",서울 성북구 화랑로 283,02-941-0333,37.61276595307292,127.0600856472419,240,4
정문(복지관),교촌치킨 석관장위점,음식점 > 치킨 > 교촌치킨,서울 성북구 화랑로 265,02-918-9925,37.61186580391614,127.05841322336893,279,4
정문(복지관),제주돈사촌 돌곶이역점,"음식점 > 한식 > 육류,고기",서울 성북구 돌곶이로 91,02-942-3063,37.61126765960384,127.0563288105807,384,6
정문(복지관),제주본가,"음식점 > 한식 > 육류,고기",서울 노원구 석계로1길 18,02-919-0505,37.61549675267001,127.0637055059272,496,7
정문(복지관),하남돼지집 돌곶이역점,"음식점 > 한식 > 육류,고기 > 삼겹살 > 하남돼지집",서울 성북구 화랑로 245,02-941-9286,37.6108918487509,127.056534655439,416,6
정문(복지관),웍스터 돌곶이역,음식점 > 중식 > 중국요리,서울 성북구 돌곶이로27길 23-4,,37.6117191837884,127.05412853724,469,7
정문(복지관),도야짬뽕 석관점,음식점 > 중식 > 중국요리 > 도야짬뽕,서울 성북구 돌곶이로22길 26-2,02-961-8253,37.6101174100307,127.059365472558,482,7
정문(복지관),짚신매운갈비찜 석계점,"음식점 > 한식 > 육류,고기 > 갈비",서울 성북구 화랑로40길 28-1,02-959-9147,37.6132481404611,127.063231289819,456,7
정문(복지관),하나마토 장위뉴타운점,음식점 > 술집 > 일본식주점,서울 성북구 화랑로 241-8,,37.6110451045795,127.056351294233,406,6
정문(복지관),불타는생고기,"음식점 > 한식 > 육류,고기",서울 성북구 화랑로 279,02-942-8818,37.6125940866457,127.059647193196,232,3
정문(복지관),동적깡통구이 석계점,"음식점 > 한식 > 육류,고기",서울 성북구 화랑로40길 32,02-957-1230,37.61328409979,127.063380824697,467,7
정문(복지관),롯데리아 석관점,음식점 > 패스트푸드 > 롯데리아,서울 성북구 돌곶이로 75,02-968-1149,37.6100867647852,127.057570339226,480,7
정문(복지관),천수촌,"음식점 > 한식 > 사철탕,영양탕",서울 성북구 장위로 145,02-914-3377,37.6140966130064,127.052757522941,487,7
정문(복지관),파리바게뜨 장위레디언트점,"음식점 > 간식 > 제과,베이커리 > 파리바게뜨",서울 성북구 돌곶이로30길 24,,37.61229492947,127.056029447886,303,5
정문(복지관),소문난곱창,"음식점 > 한식 > 육류,고기 > 곱창,막창",서울 노원구 석계로7길 12-8,02-941-5507,37.61638715840151,127.06327925411357,495,7
정문(복지관),버들국수,음식점 > 한식 > 국수,서울 성북구 화랑로40길 39,02-966-6339,37.6135217752538,127.063725340748,491,7
정문(복지관),사랑한식뷔페,음식점 > 뷔페 > 한식뷔페,서울 성북구 돌곶이로 105,02-909-6599,37.6122466196107,127.055301153935,352,5
정문(복지관),유비라운지 몽골음식전문점,음식점 > 아시아음식,서울 성북구 화랑로 276,,37.61187430029561,127.0594416198934,296,4
정문(복지관),곤지암할매소머리국밥 석관점,음식점 > 한식 > 국밥 > 곤지암할매소머리국밥,서울 성북구 한천로 585,02-6013-9576,37.6115992489342,127.061683916884,431,6
정문(복지관),석관동 놀러오새우,음식점 > 분식,서울 성북구 돌곶이로22길 18,02-965-0092,37.6100680640082,127.058949783603,482,7
정문(복지관),빨리와솥뚜껑삼겹살,"음식점 > 한식 > 육류,고기 > 삼겹살",서울 노원구 화랑로43길 2-4,,37.614598654869,127.063357022568,450,7
정문(복지관),허니비 케이크,"음식점 > 간식 > 제과,베이커리",서울 성북구 화랑로40길 33,070-777-8888,37.6134399567545,127.063407007044,466,7
정문(복지관),오구피자 돌곶이역점,음식점 > 양식 > 피자 > 오구피자,서울 성북구 돌곶이로 77,02-959-5945,37.6103896425051,127.057271575408,451,7
정문(복지관),헬로방방 돌곶이역점,"가정,생활 > 유아 > 놀이시설 > 키즈카페",서울 성북구 화랑로 248,02-959-0077,37.6103970213713,127.056918220605,457,7
정문(복지관),후아나 석계점,음식점 > 카페 > 테마카페 > 디저트카페,서울 노원구 석계로1길 18,02-918-2885,37.6155399884749,127.063727063041,499,7
정문(복지관),투썸플레이스 돌곶이역점,음식점 > 카페 > 커피전문점 > 투썸플레이스,서울 성북구 화랑로 237,02-6953-9223,37.61040122548596,127.05565994337545,497,7
정문(복지관),조르르,음식점 > 카페,서울 성북구 한천로81길 32,070-7585-2334,37.611374070254016,127.05980024973495,359,5
정문(복지관),카페 아노츠,음식점 > 카페,서울 성북구 돌곶이로22길 33,0502-5550-1810,37.61053434710727,127.05980297507763,447,7
정문(복지관),메가MGC커피 장위자이레디언트점,음식점 > 카페 > 커피전문점 > 메가MGC커피,서울 성북구 돌곶이로 105,02-911-0688,37.6122466196052,127.055301153935,352,5
정문(복지관),빽다방 장위자이레디언트점,음식점 > 카페 > 커피전문점 > 빽다방,서울 성북구 돌곶이로30길 24,02-942-1007,37.61220029877509,127.0560860065367,308,5
정문(복지관),할리스 석계역점,음식점 > 카페 > 커피전문점 > 할리스,서울 노원구 화랑로 325,02-942-1345,37.614984908878924,127.0638579750062,498,7
정문(복지관),라라제이,음식점 > 카페,서울 성북구 돌곶이로22길 8,0507-1370-6048,37.60995392105003,127.05838114896804,491,7
정문(복지관),더벤티 돌곶이역점,음식점 > 카페 > 커피전문점 > 더벤티,서울 성북구 화랑로 245,070-8211-2388,37.61079908702633,127.05645077491654,428,6
정문(복지관),돌곶이프레소,음식점 > 카페 > 테마카페 > 무인카페,서울 성북구 화랑로 277,010-9019-6137,37.6125644300633,127.059496533917,228,3
정문(복지관),백억커피 돌곶이점,음식점 > 카페 > 커피전문점,서울 성북구 돌곶이로 101,0502-5551-8039,37.6119626597115,127.055616936089,355,5
정문(복지관),감꽃,음식점 > 카페 > 테마카페 > 디저트카페,서울 성북구 돌곶이로22길 7,,37.6102422475591,127.058360988208,459,7
정문(복지관),이디야커피 돌곶이역점,음식점 > 카페 > 커피전문점 > 이디야커피,서울 성북구 돌곶이로22길 3,02-966-1124,37.6101874090825,127.058114046755,465,7
정문(복지관),커피마마퀸 돌곶이점,음식점 > 카페 > 커피마마퀸,서울 성북구 돌곶이로27길 5,1644-2968,37.61217830690739,127.05495339742136,380,6
정문(복지관),카페나누기,음식점 > 카페,서울 성북구 돌곶이로22길 14,,37.6100357114562,127.058783271734,484,7
정문(복지관),호호커피,음식점 > 카페 > 커피전문점,서울 성북구 화랑로40길 37,010-9259-8584,37.6134768150173,127.063559940993,478,7
정문(복지관),액츠29카페,음식점 > 카페,서울 성북구 돌곶이로27길 29-3,,37.6116147220423,127.054012937955,484,7
정문(복지관),데이롱카페 석계역점,음식점 > 카페 > 테마카페 > 무인카페 > 데이롱카페,서울 노원구 석계로3길 30,,37.61626912110593,127.0632938785934,491,7
정문(복지관),노리자리,"가정,생활 > 유아 > 놀이시설 > 키즈카페",서울 노원구 화랑로43길 2-4,,37.614598654868956,127.06335702256801,450,7
정문(복지관),커피에반하다 돌곶이역점 스마트카페,음식점 > 카페 > 커피전문점 > 커피에반하다,서울 성북구 돌곶이로23길 3,,37.6099317814417,127.057597401167,497,7
정문(복지관),화랑로33길,음식점 > 카페,서울 성북구 화랑로33길 15,,37.6109923535871,127.0554916303,448,7
정문(복지관),카페만남,음식점 > 카페,서울 성북구 장위로 159,,37.614729445197746,127.05400159920035,377,6
정문(복지관),카페브랑코,음식점 > 카페 > 커피전문점,서울 성북구 화랑로 245,,37.6108918487509,127.056534655439,416,6
정문(복지관),CU 장위레디언트점,"가정,생활 > 편의점 > CU",서울 성북구 돌곶이로30길 24,,37.612105659968165,127.05615955391035,313,5
정문(복지관),GS25 장위메인점,"가정,생활 > 편의점 > GS25",서울 성북구 화랑로37길 42,,37.61353751891293,127.05763869091541,108,2
정문(복지관),GS25 성북장위점,"가정,생활 > 편의점 > GS25",서울 성북구 화랑로33길 39,02-912-0177,37.6118721620462,127.054540910134,430,6
정문(복지관),GS25 석계화랑로점,"가정,생활 > 편의점 > GS25",서울 성북구 화랑로40길 26,080-999-5425,37.613200548521,127.062931108386,432,6
정문(복지관),CU 석관미송점,"가정,생활 > 편의점 > CU",서울 성북구 돌곶이로22길 45,02-969-6821,37.6106584178134,127.060325188976,451,7
정문(복지관),GS25 장위사거리점,"가정,생활 > 편의점 > GS25",서울 성북구 돌곶이로 134,,37.6144044400917,127.053448642504,424,6
정문(복지관),세븐일레븐 장위푸르지오점,"가정,생활 > 편의점 > 세븐일레븐",서울 성북구 화랑로 299,,37.6136395264123,127.060838406294,241,4
정문(복지관),이마트24 성북돌곶이점,"가정,생활 > 편의점 > 이마트24",서울 성북구 화랑로 245,02-942-2638,37.6108909483048,127.056533522184,416,6
정문(복지관),GS25 장위온누리점,"가정,생활 > 편의점 > GS25",서울 성북구 화랑로 271,02-941-7480,37.6121332147398,127.058781524894,253,4
정문(복지관),씨스페이스24 장위자이점,"가정,생활 > 편의점 > 씨스페이스24",서울 성북구 화랑로39길 11-8,,37.6132015490846,127.059258061195,157,2
정문(복지관),GS25 S6돌곶이역점,"가정,생활 > 편의점 > GS25",서울 성북구 화랑로 지하 243,,37.61055222857029,127.05642453926866,454,7
정문(복지관),세븐일레븐 석관초교점,"가정,생활 > 편의점 > 세븐일레븐",서울 성북구 돌곶이로22길 28,,37.6101939193561,127.059513899058,477,7
정문(복지관),데이앤나잇 장위제일점,"가정,생활 > 편의점",서울 성북구 장위로 169,,37.61526691540411,127.05491149735762,311,5
정문(복지관),무명칼국수,음식점 > 한식 > 국수 > 칼국수,서울 노원구 석계로7길 4,02-941-7776,37.6167291943623,127.063909303813,299,4
정문(복지관),연어시장 석계본점,"음식점 > 한식 > 해물,생선 > 회",서울 노원구 석계로 13,02-910-9540,37.6160406157153,127.064320999484,382,6
정문(복지관),엄마마늘보쌈,"음식점 > 한식 > 육류,고기 > 족발,보쌈",서울 노원구 석계로 16,02-913-9222,37.61634956798561,127.06447983742864,352,5
정문(복지관),기와집,"음식점 > 한식 > 육류,고기 > 갈비",서울 노원구 석계로 35,02-917-2111,37.617917679130045,127.06375854199334,167,3
정문(복지관),라무야끼,"음식점 > 한식 > 육류,고기",서울 노원구 석계로3길 15-1,02-909-3337,37.6157237900017,127.063727219901,407,6
정문(복지관),최대포소금구이,"음식점 > 한식 > 육류,고기",서울 노원구 석계로7길 14,,37.6163473444505,127.063596363995,337,5
정문(복지관),미가양꼬치,음식점 > 중식 > 양꼬치,서울 노원구 석계로 31,02-942-3432,37.6175401053181,127.063869221622,210,3
정문(복지관),석계3층집,"음식점 > 한식 > 육류,고기 > 오리",서울 노원구 석계로 21,02-942-3752,37.6166569801302,127.064158427311,312,5
정문(복지관),인생꼬치479,"음식점 > 술집 > 호프,요리주점",서울 노원구 석계로 15,0507-1383-4790,37.61614513955888,127.06430409972943,370,6
정문(복지관),교촌치킨 석계역점,음식점 > 치킨 > 교촌치킨,서울 노원구 석계로 31,02-909-9229,37.61751126329202,127.06388845239921,214,3
정문(복지관),KFC 석계역점,음식점 > 패스트푸드 > KFC,서울 노원구 석계로1길 14,02-2039-5859,37.61552365612336,127.06393885339827,431,6
정문(복지관),햇살머믄꼬마김밥 석계역점,음식점 > 분식,서울 노원구 화랑로45길 42,02-977-2236,37.6169302666552,127.065277734779,324,5
정문(복지관),하남돼지집 석계점,"음식점 > 한식 > 육류,고기 > 삼겹살 > 하남돼지집",서울 노원구 석계로9길 17,02-941-9753,37.6171764503485,127.063230085601,244,4
정문(복지관),더스시쟁이,"음식점 > 일식 > 초밥,롤",서울 노원구 석계로 18,,37.61643518533167,127.06443687039096,342,5
정문(복지관),저팔계족발,"음식점 > 한식 > 육류,고기 > 족발,보쌈",서울 노원구 석계로7길 5,02-942-8877,37.6165777547375,127.064045093311,318,5
정문(복지관),향원,음식점 > 중식 > 중국요리,서울 노원구 석계로 27,02-941-3344,37.6172697795988,127.063923358541,241,4
정문(복지관),파리바게뜨 석계역점,"음식점 > 간식 > 제과,베이커리 > 파리바게뜨",서울 노원구 마들로 31,02-975-8203,37.61872492215285,127.06708481458148,345,5
정문(복지관),인정각,음식점 > 중식 > 중국요리,서울 노원구 석계로3길 18,02-942-0511,37.615994052084,127.06379087897491,378,6
정문(복지관),하마벌떡 정성담은 양평가,음식점 > 한식 > 해장국,서울 노원구 석계로1길 14,02-943-3374,37.61550024577697,127.06391051727964,434,7
정문(복지관),장어구이셀프타운,"음식점 > 한식 > 해물,생선 > 장어",서울 노원구 화랑로45길 40,02-975-0592,37.6168040782236,127.065368237478,340,5
정문(복지관),육장군,"음식점 > 한식 > 육류,고기",서울 노원구 화랑로 337-15,,37.6155825090689,127.065059088888,450,7
정문(복지관),이상봉 이참치,음식점 > 일식,서울 노원구 석계로 21,02-943-1477,37.6166569850563,127.064149366032,312,5
정문(복지관),클라우드9,음식점 > 양식 > 이탈리안,서울 노원구 화랑로 337-23,02-917-3471,37.6159646052575,127.064918973199,406,6
정문(복지관),백채김치찌개 석계점,"음식점 > 한식 > 찌개,전골 > 백채김치찌개",서울 노원구 석계로3길 17,02-6397-8255,37.6158896279931,127.063623157738,388,6
정문(복지관),털보고된이 석계역점,"음식점 > 한식 > 해물,생선",서울 노원구 석계로 15,02-918-3392,37.6161451395589,127.064304099729,370,6
정문(복지관),마작카페 소소마장,"가정,생활 > 여가시설 > 보드카페",서울 노원구 석계로7길 18,010-5397-0066,37.61621765405028,127.06349997796345,351,5
정문(복지관),투썸플레이스 석계역점,음식점 > 카페 > 커피전문점 > 투썸플레이스,서울 노원구 석계로1길 10,02-915-7955,37.61560644067768,127.06413487178988,425,6
정문(복지관),슬슬커피,음식점 > 카페 > 커피전문점,서울 노원구 석계로11길 35,02-6404-5714,37.6168269761962,127.063025910313,283,4
정문(복지관),읍천리382 석계역점,음식점 > 카페 > 커피전문점 > 읍천리382,서울 노원구 석계로5길 11,010-7774-3820,37.616181439168926,127.06382501865565,358,5
정문(복지관),호호커피집,음식점 > 카페 > 커피전문점,서울 노원구 화랑로 337-21,070-4401-8454,37.61587808549493,127.06496420392561,416,6
정문(복지관),빽다방 석계역문화공원점,음식점 > 카페 > 커피전문점 > 빽다방,서울 노원구 석계로3길 3,02-943-7686,37.61555048944035,127.06430018971456,434,7
정문(복지관),카페 늘온,음식점 > 카페 > 테마카페 > 무인카페,서울 노원구 화랑로47길 23,,37.6161582646977,127.066630580111,464,7
정문(복지관),더까까주까 석계점,음식점 > 카페 > 커피전문점,서울 노원구 석계로8길 6,,37.616714443244334,127.06452545896374,315,5
정문(복지관),커피앤,음식점 > 카페,서울 노원구 마들로 59,,37.620918376388566,127.06787289670777,441,7
정문(복지관),카페한나,음식점 > 카페 > 테마카페 > 무인카페,서울 노원구 마들로1길 44,,37.623634313423,127.064001305124,476,7
정문(복지관),달보드레24 월계점,음식점 > 카페 > 테마카페 > 디저트카페,서울 노원구 마들로 59,,37.6210219957551,127.06786279637,445,7
정문(복지관),세븐일레븐 석계점,"가정,생활 > 편의점 > 세븐일레븐",서울 노원구 석계로 9,02-917-0777,37.61566481725314,127.06447924614001,425,6
정문(복지관),CU 월계코스모스점,"가정,생활 > 편의점 > CU",서울 노원구 석계로7길 18,,37.61624917826,127.063519259895,347,5
정문(복지관),GS25 월계미성점,"가정,생활 > 편의점 > GS25",서울 노원구 마들로 59,02-978-5695,37.6212751672267,127.067873221074,458,7
정문(복지관),이마트24 월계풍림점,"가정,생활 > 편의점 > 이마트24",서울 노원구 화랑로45길 10-16,,37.6161009648815,127.065983784668,435,7
정문(복지관),CU 월계서광점,"가정,생활 > 편의점 > CU",서울 노원구 마들로1길 44,,37.62368833081725,127.06407837960263,483,7
정문(복지관),GS25 월계석계역점,"가정,생활 > 편의점 > GS25",서울 노원구 석계로 22,080-999-5425,37.6169127347821,127.064389710595,291,4
정문(복지관),스토리웨이,"가정,생활 > 편의점",서울 노원구 화랑로 341,,37.6153046786258,127.065647819609,498,7
정문(복지관),대머리식당,음식점 > 한식,서울 성북구 돌곶이로 162,02-915-9233,37.6158344635536,127.051064309237,438,7
정문(복지관),털보정육식당,"음식점 > 한식 > 육류,고기",서울 성북구 돌곶이로 157,02-909-1979,37.615456044641,127.051073111597,476,7
정문(복지관),온정집 장위점,"음식점 > 한식 > 육류,고기",서울 성북구 장월로 148,02-909-8808,37.6178985329858,127.051282062581,239,4
정문(복지관),해주반,음식점 > 한식 > 감자탕,서울 성북구 돌곶이로 185-1,02-942-7597,37.61700769295795,127.04859250196431,489,7
정문(복지관),정담초밥 장위점,"음식점 > 일식 > 초밥,롤",서울 성북구 장월로 144,02-942-7773,37.61771216934038,127.05095685641248,275,4
정문(복지관),돌쌈,음식점 > 한식 > 쌈밥,서울 성북구 장월로26길 11,02-909-6665,37.61737790776254,127.05094530158078,302,5
정문(복지관),60계치킨 서울장위뉴타운점,음식점 > 치킨 > 60계치킨,서울 성북구 돌곶이로40길 46,02-909-6043,37.62012113251409,127.04949390247536,342,5
정문(복지관),배스킨라빈스 장위래미안점,음식점 > 간식 > 아이스크림 > 배스킨라빈스,서울 성북구 한천로99길 45,02-909-7024,37.62035075180222,127.04980894990817,323,5
정문(복지관),파리바게뜨 장위뉴타운점,"음식점 > 간식 > 제과,베이커리 > 파리바게뜨",서울 성북구 한천로 713,02-942-5627,37.61959537145436,127.05063758612393,233,3
정문(복지관),화포식당 장위뉴타운점,"음식점 > 한식 > 육류,고기",서울 성북구 돌곶이로40길 46,02-909-1284,37.6201229254656,127.049515425214,340,5
정문(복지관),짬뽕관 장위뉴타운점,음식점 > 중식 > 중국요리 > 짬뽕관,서울 성북구 월계로36길 27,02-909-4132,37.61985770085404,127.04814580399481,455,7
정문(복지관),육회바른연어 장위뉴타운점,"음식점 > 한식 > 해물,생선 > 회 > 육회바른연어",서울 성북구 한천로 713,02-942-8886,37.62001721364491,127.05021650354267,278,4
정문(복지관),오블랑쉬,"음식점 > 간식 > 제과,베이커리",서울 성북구 돌곶이로40길 46,070-7809-8403,37.617703337491676,127.04839360362661,468,7
정문(복지관),써브웨이 장위뉴타운점,음식점 > 패스트푸드 > 샌드위치 > 써브웨이,서울 성북구 돌곶이로40길 46,02-941-0678,37.61767992573921,127.04835960817046,472,7
정문(복지관),우리풍천장어,"음식점 > 한식 > 해물,생선 > 장어",서울 성북구 장월로 148-1,02-911-0908,37.61798047950422,127.0513817947584,227,3
정문(복지관),옹심이네칼국수,음식점 > 한식 > 국수 > 칼국수,서울 성북구 장월로32길 5,02-914-1742,37.6175751506231,127.051115337331,275,4
정문(복지관),군산아구찜탕,"음식점 > 한식 > 해물,생선 > 아구",서울 성북구 돌곶이로 164,02-916-6263,37.6160039334442,127.050869609218,430,6
정문(복지관),피자헛 월계2호점,음식점 > 양식 > 피자 > 피자헛,서울 성북구 한천로 735,02-902-2777,37.6219025617684,127.05160481197089,316,5
정문(복지관),록갈비 꿈의숲점,"음식점 > 한식 > 육류,고기 > 갈비",서울 성북구 돌곶이로 185,,37.6169707066883,127.048703479096,483,7
정문(복지관),1번지통닭 장위뉴타운점,음식점 > 치킨,서울 성북구 장월로38길 10,02-942-8514,37.6177676497533,127.051831321226,218,3
정문(복지관),맘스터치 장위뉴타운점,음식점 > 패스트푸드 > 맘스터치,서울 성북구 돌곶이로40길 46,02-909-3917,37.619014275288656,127.05054204552454,243,4
정문(복지관),김가네 장위뉴타운점,음식점 > 분식 > 김가네,서울 성북구 돌곶이로40길 46,02-909-5237,37.61985705035302,127.04971460568626,317,5
정문(복지관),양평칼국수 장위점,음식점 > 한식 > 국수 > 칼국수,서울 성북구 한천로99길 64,02-941-9504,37.6202214322432,127.048797349467,405,6
정문(복지관),자담치킨 월계광운대점,음식점 > 치킨 > 자담치킨,서울 노원구 월계로42길 97,02-943-0722,37.621418549620316,127.0536292372504,228,3
정문(복지관),그녀의떡볶이,음식점 > 분식 > 떡볶이,서울 성북구 장월로41길 61,02-909-8797,37.6213702663885,127.050755461359,312,5
정문(복지관),큰손손만두찐빵 장위점,음식점 > 분식,서울 성북구 장월로 134,02-941-2865,37.6171403947877,127.050133016654,371,6
정문(복지관),은하닭강정,음식점 > 간식 > 닭강정,서울 성북구 한천로 713,02-2135-5366,37.6200730772745,127.050210877555,280,4
정문(복지관),하늘이야기,음식점 > 분식,서울 성북구 장월로 142,02-910-8253,37.6175770934491,127.050789128403,296,4
정문(복지관),호식이두마리치킨 장위점,음식점 > 치킨 > 호식이두마리치킨,서울 성북구 장월로38가길 17-6,02-942-8855,37.6172214733613,127.052234172295,256,4
정문(복지관),샐러디 장위뉴타운점,음식점 > 샐러드 > 샐러디,서울 성북구 장월로 134,02-943-1610,37.617154800972784,127.05015567968935,369,6
정문(복지관),우리할매떡볶이 장위점,음식점 > 분식 > 떡볶이 > 우리할매떡볶이,서울 성북구 돌곶이로 173-1,02-943-8397,37.6163900830037,127.049633011379,461,7
정문(복지관),두찜 노원월계점,"음식점 > 한식 > 육류,고기 > 닭요리 > 두찜",서울 노원구 광운로3길 7,02-941-7779,37.6190148309572,127.057218157923,351,5
정문(복지관),스타벅스 장위뉴타운점,음식점 > 카페 > 커피전문점 > 스타벅스,서울 성북구 장월로38길 4,1522-3232,37.61806331358951,127.05151211017781,212,3
정문(복지관),카페후프,음식점 > 카페,서울 성북구 장월로 126,070-8806-8488,37.6165776261971,127.049304664826,467,7
정문(복지관),메가MGC커피 장위뉴타운점,음식점 > 카페 > 커피전문점 > 메가MGC커피,서울 성북구 돌곶이로40길 46,02-942-7388,37.618829544198,127.050608749392,242,4
정문(복지관),별콩다방,음식점 > 카페,서울 성북구 장월로 136,010-7512-7347,37.61723943936131,127.05028372818309,354,5
정문(복지관),컴포즈커피 꿈의숲아이파크점,음식점 > 카페 > 커피전문점 > 컴포즈커피,서울 성북구 돌곶이로40길 46,02-6498-8468,37.61741392059956,127.0488781996837,444,7
정문(복지관),이디야커피 장위뉴타운점,음식점 > 카페 > 커피전문점 > 이디야커피,서울 성북구 장월로 144-1,02-909-4385,37.6177301587552,127.051027094653,269,4
정문(복지관),빽다방 장위뉴타운점,음식점 > 카페 > 커피전문점 > 빽다방,서울 성북구 장월로 140,02-941-1016,37.617496058593325,127.05066334654818,310,5
정문(복지관),우지커피 장위뉴타운점,음식점 > 카페 > 커피전문점 > 우지커피,서울 성북구 한천로 713,,37.61921679325695,127.05101678365784,199,3
정문(복지관),카페인24 꿈의숲 SK뷰점,음식점 > 카페 > 테마카페 > 무인카페 > 카페인24,서울 노원구 월계로44길 68-6,0506-429-0611,37.622302010715,127.052532240842,330,5
정문(복지관),밀버터,음식점 > 카페,서울 성북구 한천로99길 52,,37.6205690062166,127.0492959734,374,6
정문(복지관),CU 장위퍼스트하이점,"가정,생활 > 편의점 > CU",서울 성북구 한천로 713,,37.619261862218,127.050971506451,202,3
정문(복지관),GS25 성북꿈의숲점,"가정,생활 > 편의점 > GS25",서울 성북구 월계로36길 27,080-999-5425,37.619727191235256,127.04781723476461,482,7
정문(복지관),세븐일레븐 성북본점,"가정,생활 > 편의점 > 세븐일레븐",서울 성북구 한천로99길 45,,37.62041111030449,127.04982711365625,324,5
정문(복지관),CU 장위포레카운티점,"가정,생활 > 편의점 > CU",서울 성북구 장월로 160,,37.617999061866804,127.05215316324293,181,3
후문,무명칼국수,음식점 > 한식 > 국수 > 칼국수,서울 노원구 석계로7길 4,02-941-7776,37.6167291943623,127.063909303813,472,7
후문,하이레,"음식점 > 일식 > 돈까스,우동",서울 노원구 광운로12길 6,,37.62096077851908,127.05941713733176,167,3
후문,일심해장국 월계점,음식점 > 한식 > 해장국,서울 노원구 석계로15길 25,02-909-1640,37.621977651357454,127.06183634914686,184,3
후문,마떡다이천 광운대본점,음식점 > 분식 > 떡볶이,서울 노원구 석계로 106,02-976-4841,37.6231064273819,127.060407743094,308,5
후문,화로상회 광운대점,음식점 > 뷔페 > 고기뷔페,서울 노원구 광운로 37,02-941-2292,37.62077461782266,127.05873055905124,220,3
후문,더원,음식점 > 중식,서울 노원구 광운로 61,02-909-5477,37.6230814538525,127.05990930937736,318,5
후문,서초우동 광운대역점,"음식점 > 일식 > 돈까스,우동",서울 노원구 석계로18길 23,02-941-0096,37.62388375193732,127.06085015246403,388,6
후문,남송통닭,음식점 > 치킨,서울 노원구 석계로3길 30,02-916-5127,37.6162646228489,127.063281415581,494,7
후문,기와집,"음식점 > 한식 > 육류,고기 > 갈비",서울 노원구 석계로 35,02-917-2111,37.617917679130045,127.06375854199334,357,5
후문,진미통닭,음식점 > 치킨,서울 노원구 광운로 45,02-918-3492,37.6214654962473,127.059089046317,219,3
후문,친친,음식점 > 중식 > 중국요리,서울 노원구 석계로18길 10-9,02-6229-4143,37.6236251301821,127.060924704224,359,5
후문,마포연탄불고기,"음식점 > 한식 > 육류,고기 > 불고기,두루치기",서울 노원구 석계로18길 4,02-915-2826,37.623230699702965,127.0605324472798,319,5
후문,윤스쿡,"음식점 > 일식 > 돈까스,우동",서울 노원구 광운로 29,,37.6203107561798,127.058434555295,242,4
후문,수해복마라탕 광운대점,음식점 > 중식 > 중국요리,서울 노원구 광운로 39,02-917-3303,37.6210745477174,127.058929022312,212,3
후문,도미노피자 월계점,음식점 > 양식 > 피자 > 도미노피자,서울 노원구 광운로 52,02-915-3082,37.6219391607872,127.059595756284,221,3
후문,삼대냉면,음식점 > 한식 > 냉면,서울 노원구 석계로9길 33,,37.61666051655156,127.0626066854087,433,6
후문,여우곱창,"음식점 > 한식 > 육류,고기 > 곱창,막창",서울 노원구 광운로 68,02-919-3339,37.6233155258228,127.060271980912,333,5
후문,청계천8가삼성곱창,"음식점 > 한식 > 육류,고기 > 곱창,막창",서울 노원구 석계로3길 32,02-909-6660,37.6163548077667,127.063120654871,480,7
후문,꽃제비칼국수,음식점 > 한식 > 국수 > 칼국수,서울 노원구 광운로12길 13,02-911-8371,37.6213083069597,127.05991694832,150,2
후문,여자만아구찜,"음식점 > 한식 > 해물,생선 > 아구",서울 노원구 석계로18길 10-8,02-941-1989,37.6235062163082,127.060892889771,346,5
후문,디델리 광운대점,음식점 > 분식,서울 노원구 광운로 31,02-3292-1194,37.6204440641234,127.058511684455,235,4
후문,최대포소금구이,"음식점 > 한식 > 육류,고기",서울 노원구 석계로7길 14,,37.6163473444505,127.063596363995,497,7
후문,미가양꼬치,음식점 > 중식 > 양꼬치,서울 노원구 석계로 31,02-942-3432,37.6175401053181,127.063869221622,396,6
후문,영축산정육식당,"음식점 > 한식 > 육류,고기",서울 노원구 광운로 52,02-915-6221,37.6217895178956,127.059751954723,199,3
후문,한라산감자탕,음식점 > 한식 > 감자탕,서울 노원구 석계로15길 17,010-6482-8321,37.6223654328671,127.061151358349,218,3
후문,김밥천국,음식점 > 분식,서울 노원구 광운로 33,02-942-7804,37.620528733322885,127.05855932501957,231,3
후문,와플대학 광운대캠퍼스,"음식점 > 간식 > 제과,베이커리 > 와플대학",서울 노원구 광운로 64,02-941-3890,37.62283985104657,127.06018097652368,285,4
후문,교촌치킨 석계역점,음식점 > 치킨 > 교촌치킨,서울 노원구 석계로 31,02-909-9229,37.61751126329202,127.06388845239921,399,6
후문,석계3층집,"음식점 > 한식 > 육류,고기 > 오리",서울 노원구 석계로 21,02-942-3752,37.6166569801302,127.064158427311,491,7
후문,하남돼지집 석계점,"음식점 > 한식 > 육류,고기 > 삼겹살 > 하남돼지집",서울 노원구 석계로9길 17,02-941-9753,37.6171764503485,127.063230085601,400,6
후문,후문식당,음식점 > 분식,서울 노원구 석계로13길 25-1,02-916-8745,37.62016962097997,127.06135458099394,29,0
후문,이층집,"음식점 > 한식 > 찌개,전골",서울 노원구 광운로 17-5,02-941-3588,37.6193669821635,127.057495939695,344,5
후문,팔팔전어횟집,"음식점 > 한식 > 해물,생선 > 회",서울 노원구 광운로 25,02-914-8876,37.6200477642131,127.058239523003,262,4
후문,중화호반닭갈비 광운대점,"음식점 > 한식 > 육류,고기 > 닭요리",서울 노원구 광운로 53,02-942-0799,37.6224564534593,127.059345831815,280,4
후문,맛불,음식점 > 한식,서울 노원구 광운로 39,010-3489-3056,37.6210709511218,127.058914294016,213,3
후문,맛닭꼬 광운대점,음식점 > 치킨 > 맛닭꼬,서울 노원구 광운로 61,02-942-3492,37.62309584950046,127.05994896746643,318,5
후문,미미식당 월계점,"음식점 > 한식 > 육류,고기",서울 노원구 석계로18길 5,,37.6232722135876,127.06039881516,326,5
후문,청년다방 광운대점,음식점 > 분식 > 떡볶이 > 청년다방,서울 노원구 광운로 44,02-6085-9124,37.62135716432966,127.05951373500557,181,3
후문,빈대떡신사,"음식점 > 술집 > 호프,요리주점",서울 노원구 광운로 70,02-774-9595,37.6234669008526,127.060253978908,350,5
후문,써브웨이 광운대역점,음식점 > 패스트푸드 > 샌드위치 > 써브웨이,서울 노원구 광운로 57,02-942-7779,37.62266353825251,127.05962805159403,286,4
후문,또와집순대국,음식점 > 한식 > 순대,서울 노원구 광운로19길 13,02-943-2207,37.62326079906855,127.05981316864523,340,5
후문,사계절김밥,음식점 > 분식,서울 노원구 광운로 72,02-941-7789,37.6235588107524,127.060235928848,361,5
후문,푸른스시,"음식점 > 일식 > 초밥,롤",서울 노원구 광운로 33,0503-7150-4889,37.620592674732514,127.05861714390358,227,3
후문,향원,음식점 > 중식 > 중국요리,서울 노원구 석계로 27,02-941-3344,37.6172697795988,127.063923358541,423,6
후문,저팔계족발,"음식점 > 한식 > 육류,고기 > 족발,보쌈",서울 노원구 석계로7길 5,02-942-8877,37.6165777547375,127.064045093311,493,7
후문,스타벅스 광운대점,음식점 > 카페 > 커피전문점 > 스타벅스,서울 노원구 석계로 104,1522-3232,37.6231891063632,127.060820134493,311,5
후문,1일1잔,음식점 > 카페 > 테마카페 > 디저트카페,서울 노원구 광운로2길 6,,37.6180767967353,127.057436046716,418,6
후문,월계청춘카페,음식점 > 카페,서울 노원구 광운로 44,070-4174-7755,37.6213607728479,127.059504676027,182,3
후문,카페니니,음식점 > 카페,서울 노원구 광운로 59,02-2138-1884,37.6227500329914,127.05962812068,295,4
후문,컴포즈커피 광운대80주년기념관점,음식점 > 카페 > 커피전문점 > 컴포즈커피,서울 노원구 광운로 20,02-909-1617,37.62030155947812,127.05881060974359,209,3
후문,슬슬커피,음식점 > 카페 > 커피전문점,서울 노원구 석계로11길 35,02-6404-5714,37.6168269761962,127.063025910313,428,6
후문,빠말,음식점 > 카페 > 테마카페 > 디저트카페,서울 노원구 광운로 7,070-7677-8341,37.6185733102653,127.057293709771,398,6
후문,메가MGC커피 광운대점,음식점 > 카페 > 커피전문점 > 메가MGC커피,서울 노원구 광운로 35,02-942-1005,37.62068904770362,127.05868291742625,222,3
후문,설빙 광운대점,음식점 > 카페 > 테마카페 > 디저트카페 > 설빙,서울 노원구 광운로 25,02-6953-9749,37.6200694057919,127.058203293092,265,4
후문,우우즈,음식점 > 카페,서울 노원구 광운로12길 32,,37.6212465148617,127.060942019495,96,1
후문,메가MGC커피 광운대역점,음식점 > 카페 > 커피전문점 > 메가MGC커피,서울 노원구 석계로 103,02-942-9917,37.6229242932203,127.06067039501,284,4
후문,광운커피,음식점 > 카페,서울 노원구 광운로 25,010-4190-3569,37.6200685020056,127.058208955948,264,4
후문,공차 광운대점,음식점 > 카페 > 공차,서울 노원구 광운로 20,02-943-8523,37.62001145287181,127.05878772699671,215,3
후문,카페베르데,음식점 > 카페,서울 노원구 광운로 17-3,,37.6192876400272,127.057609148638,338,5
후문,커피는기억의끌림,음식점 > 카페 > 커피전문점,서울 노원구 석계로 98-1,02-911-7735,37.6234196267418,127.06107632676282,335,5
후문,요거트아이스크림의정석 광운대점,음식점 > 카페 > 테마카페 > 디저트카페 > 요거트아이스크림의정석,서울 노원구 광운로 60,010-5949-2407,37.62265074300844,127.05998599082864,271,4
후문,매머드익스프레스 광운대정문점,음식점 > 카페 > 커피전문점 > 매머드익스프레스,서울 노원구 광운로 27,,37.6202171095369,127.058321210548,253,4
후문,빽다방 광운대점,음식점 > 카페 > 커피전문점 > 빽다방,서울 노원구 광운로 43,070-7752-5322,37.62131326117863,127.05902549288251,215,3
후문,카페빈둥,음식점 > 카페 > 커피전문점,서울 노원구 석계로15길 17,,37.6223816535661,127.061145707899,220,3
후문,서울수플레,음식점 > 카페,서울 노원구 광운로17길 13,0504-823-0663,37.6224215775715,127.058821341782,306,5
후문,요거프레소 광운대점,음식점 > 카페 > 테마카페 > 디저트카페 > 요거프레소,서울 노원구 광운로 17-9,,37.6194139216729,127.057314743468,358,5
후문,매머드익스프레스 광운대후문점,음식점 > 카페 > 커피전문점 > 매머드익스프레스,서울 노원구 석계로13길 23,,37.6202136590307,127.061566434787,39,1
후문,메타킹커피 광운대점,음식점 > 카페,서울 노원구 광운로12길 5,,37.6212247477794,127.059456992958,177,3
후문,오쎄,음식점 > 카페,서울 노원구 광운로 62,02-918-5508,37.6227245870602,127.060058546328,276,4
후문,모모,음식점 > 카페,서울 노원구 석계로9길 33,070-7612-1132,37.61669744983151,127.06262030830825,429,6
후문,CORD Jr.,음식점 > 카페 > 커피전문점,서울 노원구 석계로13길 40,,37.6209499341225,127.061243082418,61,1
후문,데이롱카페 광운대점,음식점 > 카페 > 테마카페 > 무인카페 > 데이롱카페,서울 노원구 광운로12길 38,,37.621302220658,127.061242238675,100,2
후문,이디야커피 광운대점,음식점 > 카페 > 커피전문점 > 이디야커피,서울 노원구 광운로 29,02-942-0937,37.6203251764627,127.058425504853,243,4
후문,카페프리헷 월계현대점,음식점 > 카페 > 테마카페 > 무인카페 > 카페프리헷,서울 노원구 석계로 49,0507-1418-4353,37.6170128081547,127.062596786796,395,6
후문,카페한나,음식점 > 카페 > 테마카페 > 무인카페,서울 노원구 마들로1길 44,,37.623634313423,127.064001305124,437,7
후문,데이롱카페 석계역점,음식점 > 카페 > 테마카페 > 무인카페 > 데이롱카페,서울 노원구 석계로3길 30,,37.61626912110593,127.0632938785934,494,7
후문,롯오브젝트,음식점 > 카페,서울 노원구 광운로3길 7,,37.619014830962605,127.05721815792296,381,6
후문,카페이공일,음식점 > 카페,서울 노원구 광운로2가길 14-16,,37.6172241794109,127.059818526685,371,6
후문,GS25 광운로드점,"가정,생활 > 편의점 > GS25",서울 노원구 석계로 65,,37.6205572138281,127.0627481447,139,2
후문,GS25 월계성북역점,"가정,생활 > 편의점 > GS25",서울 노원구 석계로 103,080-999-5425,37.62294498095257,127.06073837717676,285,4
후문,이마트24 광운대역점,"가정,생활 > 편의점 > 이마트24",서울 노원구 석계로 98-1,02-6010-1032,37.623221352147,127.061187175034,313,5
후문,CU 광운대원룸점,"가정,생활 > 편의점 > CU",서울 노원구 광운로15길 23,,37.62153814533509,127.05793937823357,312,5
후문,GS25 광운월계점,"가정,생활 > 편의점 > GS25",서울 노원구 광운로2나길 45,,37.6177870939132,127.060217680188,301,5
후문,GS25 현대대로점,"가정,생활 > 편의점 > GS25",서울 노원구 석계로 49,,37.61700197646387,127.06263415568448,397,6
후문,세븐일레븐 광운스퀘어점,"가정,생활 > 편의점 > 세븐일레븐",서울 노원구 광운로 20,,37.61999081299385,127.05862120221462,230,3
후문,GS25 광운타운점,"가정,생활 > 편의점 > GS25",서울 노원구 광운로 79,,37.624350024722,127.059946576322,452,7
후문,CU 월계서광점,"가정,생활 > 편의점 > CU",서울 노원구 마들로1길 44,,37.62368833081725,127.06407837960263,446,7
후문,세븐일레븐 광운대원룸점,"가정,생활 > 편의점 > 세븐일레븐",서울 노원구 광운로2가길 23,,37.61810018357334,127.05933557310284,302,5
후문,세븐일레븐 광운대후문점,"가정,생활 > 편의점 > 세븐일레븐",서울 노원구 석계로13길 48,,37.6212428318449,127.061094935049,94,1
후문,GS25 광운사랑점,"가정,생활 > 편의점 > GS25",서울 노원구 광운로 17-11,,37.6195112503095,127.05726951003,358,5
후문,GS25 월계석계역점,"가정,생활 > 편의점 > GS25",서울 노원구 석계로 22,080-999-5425,37.6169127347821,127.064389710595,479,7
후문,GS25 광운행운점,"가정,생활 > 편의점 > GS25",서울 노원구 광운로 5,080-999-5425,37.6184661312172,127.05721433937,410,6
후문,세븐일레븐 성북역점,"가정,생활 > 편의점 > 세븐일레븐",서울 노원구 광운로 71,,37.623700361506536,127.06004800368336,380,6
후문,GS25 광운문화관점,"가정,생활 > 편의점 > GS25",서울 노원구 광운로 21,02-942-2533,37.61982824130036,127.05759144242984,323,5
후문,CU 광운대기숙사점,"가정,생활 > 편의점 > CU",서울 노원구 광운로 21,053-857-9427,37.62148487572864,127.05630820027189,446,7
후문,제로스토어 광운대점,"가정,생활 > 편의점",서울 노원구 광운로 15,0507-1416-3208,37.6190155528723,127.05758628477295,352,5
후문,스토리웨이,"가정,생활 > 편의점",서울 노원구 석계로 98-2,,37.6236870074235,127.061485474466,366,5
후문,화돌농장 노원점,"음식점 > 한식 > 육류,고기",서울 노원구 광운로 133,02-912-5293,37.6283333023198,127.058114578353,423,6
후문,애슐리퀸즈 이마트월계점,음식점 > 패밀리레스토랑 > 애슐리,서울 노원구 마들로3길 15,0507-1412-1063,37.62650323568528,127.06197603525396,141,2
후문,우리집,음식점 > 한식,서울 노원구 광운로22길 9,02-915-0707,37.62851291849527,127.05928267666646,384,6
후문,야타이,음식점 > 일식 > 일식집,서울 노원구 석계로18길 10-6,0502-5552-5931,37.6235008757847,127.060766015809,213,3
후문,본죽&비빔밥cafe 광운대역점,음식점 > 퓨전요리 > 퓨전한식 > 본죽&비빔밥cafe,서울 노원구 석계로 98-1,02-914-6285,37.6233006583535,127.0611498589125,232,3
후문,호시아카리,"음식점 > 일식 > 초밥,롤",서울 노원구 석계로 98-1,070-8747-1697,37.62331598687177,127.06112721623848,231,3
후문,착한족발 월계점,"음식점 > 한식 > 육류,고기 > 족발,보쌈",서울 노원구 석계로 95,010-4655-5669,37.62295564668777,127.06102157486963,271,4
후문,키라키라윤 월계인덕점,음식점 > 술집 > 일본식주점 > 키라키라윤,서울 노원구 광운로 132,,37.629441078202994,127.05899566885381,488,7
후문,배스킨라빈스 광운대역점,음식점 > 간식 > 아이스크림 > 배스킨라빈스,서울 노원구 광운로 65,02-909-1441,37.6231642939857,127.06000905867,268,4
후문,명랑핫도그 광운대점,음식점 > 패스트푸드 > 명랑핫도그,서울 노원구 석계로 106,02-919-6488,37.62310822645583,127.06041340834153,262,4
후문,최환기쌈밥칼국수,음식점 > 한식 > 쌈밥,서울 노원구 광운로19가길 2,02-911-5402,37.62378064715679,127.05985549760452,214,3
후문,전주밥상쌈밥,음식점 > 한식 > 쌈밥,서울 노원구 광운로 61,02-3292-0118,37.62296447243826,127.05961922991156,303,5
후문,한솥도시락 광운대역점,음식점 > 도시락 > 한솥도시락,서울 노원구 석계로 95,02-6713-1113,37.62301864068847,127.06116661925894,264,4
후문,명태이야기,"음식점 > 한식 > 해물,생선",서울 노원구 석계로18길 13,02-943-1121,37.62366145724105,127.06036514708568,205,3
후문,돈장군 광운대본점,"음식점 > 한식 > 육류,고기",서울 노원구 광운로 69,02-941-8276,37.6234201402204,127.0600760973566,240,4
후문,큰맘할매순대국 광운대점,음식점 > 한식 > 순대 > 큰맘할매순대국,서울 노원구 광운로 67,02-942-1479,37.6232723708939,127.06009070433,254,4
후문,가마솥뼈다귀감자탕,음식점 > 한식 > 감자탕,서울 노원구 석계로18길 14,,37.62367307140256,127.06055772685895,199,3
후문,꽃님맥주,"음식점 > 술집 > 호프,요리주점",서울 노원구 석계로 98-1,,37.6233727402331,127.061144254146,224,3
후문,명동찌개마을 광운대역점,"음식점 > 한식 > 찌개,전골",서울 노원구 석계로18길 9,02-912-1181,37.6234560206821,127.060387636237,226,3
후문,국수천왕 광운대점,음식점 > 한식,서울 노원구 광운로 46,02-909-1236,37.621806873755745,127.0610489543484,398,6
후문,파스토보이 월계점,음식점 > 양식 > 파스토보이,서울 노원구 광운로19길 11,070-4142-0308,37.62337066485688,127.05992086909748,250,4
후문,서선생김치찜,"음식점 > 한식 > 찌개,전골",서울 노원구 석계로15길 14,02-909-3337,37.6223935484119,127.060793433159,335,5
후문,왕토종순대국,음식점 > 한식 > 순대,서울 노원구 광운로 72,02-913-6400,37.623638110880414,127.06020993920797,213,3
후문,스타벅스 월계트레이더스점,음식점 > 카페 > 커피전문점 > 스타벅스,서울 노원구 마들로3길 17,1522-3232,37.62759082697573,127.06178435781577,249,4
후문,스타벅스 월계이마트점,음식점 > 카페 > 커피전문점 > 스타벅스,서울 노원구 마들로3길 15,1522-3232,37.6271527835984,127.062096653474,210,3
후문,공차 월계점,음식점 > 카페 > 공차,서울 노원구 마들로3길 15,02-973-6885,37.6265473970983,127.061951150089,144,2
후문,한내행복발전소 마을커뮤니티 공간 운영위원회,음식점 > 카페,서울 노원구 마들로3길 13,,37.6274982267574,127.063106287925,288,4
후문,유지인터내셔날 모히또바인오션,음식점 > 카페,서울 노원구 마들로3길 15,,37.6265095408039,127.061979438919,142,2
후문,카페레프리 월계점,음식점 > 카페,서울 노원구 마들로 127,,37.6267861704514,127.065271626607,392,6
후문,지쓰리커피,음식점 > 카페,서울 노원구 마들로 127,,37.62670412992406,127.06536331271322,396,6
후문,이마트24 이마트월계점,"가정,생활 > 편의점 > 이마트24",서울 노원구 마들로3길 15,02-6916-1500,37.62650773942647,127.06197830461335,141,2
후문,CU 월계삼호점,"가정,생활 > 편의점 > CU",서울 노원구 마들로 127,02-973-6939,37.626737463901456,127.06536787315697,398,6
후문,그레도제빵사,"음식점 > 간식 > 제과,베이커리",서울 성북구 화랑로 304,070-8290-3033,37.613436102712356,127.06218378320334,235,4
후문,연어시장 석계본점,"음식점 > 한식 > 해물,생선 > 회",서울 노원구 석계로 13,02-910-9540,37.6160406157153,127.064320999484,286,4
후문,남해바다마차,"음식점 > 한식 > 해물,생선 > 회",서울 성북구 한천로78길 71,02-966-5036,37.61356972680585,127.06501203077839,394,6
후문,창신동매운족발 본점1호점,"음식점 > 한식 > 육류,고기 > 족발,보쌈",서울 성북구 한천로78길 57,02-966-9923,37.61297342701751,127.06473062572668,413,6
후문,정지춘설렁탕,음식점 > 한식 > 설렁탕,서울 성북구 화랑로40길 46,02-962-9294,37.6134170840277,127.064051443479,335,5
후문,엄마마늘보쌈,"음식점 > 한식 > 육류,고기 > 족발,보쌈",서울 노원구 석계로 16,02-913-9222,37.61634956798561,127.06447983742864,309,5
후문,마시써머거바 본점,음식점 > 간식 > 토스트,서울 노원구 화랑로 333-3,010-7571-8851,37.614946489567835,127.0649169554435,333,5
후문,라체나1907,음식점 > 양식,서울 성북구 한천로80길 63,02-6013-1907,37.61338074321254,127.06460412637425,376,6
후문,장군숯불족발,"음식점 > 한식 > 육류,고기 > 족발,보쌈",,02-941-5882,37.615019489162854,127.06322146334355,185,3
후문,도요스스시다온,"음식점 > 일식 > 초밥,롤",서울 성북구 한천로80길 51,,37.61299344329102,127.06437500513299,388,6
후문,오메가생선구이 본점,"음식점 > 한식 > 해물,생선",서울 노원구 화랑로 343,02-975-5592,37.6151999618456,127.06601017182912,426,6
후문,산골닭갈비,"음식점 > 한식 > 육류,고기 > 닭요리",서울 성북구 한천로78길 59,02-960-3131,37.6130707039167,127.064785075136,409,6
후문,원조마포소금구이 석계점,"음식점 > 한식 > 육류,고기",서울 성북구 화랑로40길 55,02-969-8292,37.6137050518025,127.064690485728,362,5
후문,퀸스테이크,"음식점 > 양식 > 스테이크,립",서울 노원구 석계로1길 22,02-909-3206,37.6155176041706,127.063466536001,202,3
후문,라무야끼,"음식점 > 한식 > 육류,고기",서울 노원구 석계로3길 15-1,02-909-3337,37.6157237900017,127.063727219901,227,3
후문,수양숯불갈비,"음식점 > 한식 > 육류,고기 > 갈비",서울 성북구 화랑로40길 53,02-965-2009,37.61361692467416,127.06438007304966,344,5
후문,한근더한근,"음식점 > 한식 > 육류,고기",서울 성북구 한천로 605,02-918-8999,37.613059625064764,127.06018442024082,273,4
후문,어제그쭈꾸미집,"음식점 > 한식 > 해물,생선",서울 성북구 한천로76길 33-12,02-965-3302,37.6119463598927,127.064621006964,488,7
후문,일번지포장마차,음식점 > 술집 > 실내포장마차,서울 노원구 화랑로 337-4,02-942-9805,37.61511372962732,127.06553891858246,386,6
후문,황금오리,"음식점 > 한식 > 육류,고기 > 오리",서울 노원구 석계로1길 22,02-909-7005,37.61550320601962,127.06343367711622,199,3
후문,김과장고깃집 석계점,"음식점 > 한식 > 육류,고기",서울 성북구 한천로78길 46,0502-5550-9114,37.612561669774,127.064740462214,444,7
후문,달달토스트&버거,음식점 > 간식 > 토스트,서울 성북구 화랑로 338-2,,37.61457219872329,127.06560526840636,401,6
후문,백이손두부,음식점 > 한식 > 두부전문점,서울 성북구 한천로78길 24,,37.6117233168061,127.063882368126,472,7
후문,창신동매운족발 석계점,"음식점 > 한식 > 육류,고기 > 족발,보쌈",서울 성북구 한천로78길 52,02-959-8033,37.61267064272952,127.06482550168376,441,7
후문,황가네소곱창,"음식점 > 한식 > 육류,고기 > 곱창,막창",서울 성북구 한천로78길 32,,37.611985334194756,127.0641963195779,462,7
후문,재한루,음식점 > 중식,서울 성북구 한천로78길 19,02-960-3362,37.6116874729,127.063519910229,460,7
후문,웃소한우,"음식점 > 한식 > 육류,고기",서울 성북구 한천로 594,0502-5552-0859,37.61233994895667,127.06151690460449,340,5
후문,해남집,"음식점 > 한식 > 육류,고기",서울 성북구 한천로78길 42,02-960-4346,37.61227620279893,127.06447292255332,451,7
후문,원조돈곱창닭갈비 석계역점,"음식점 > 한식 > 육류,고기 > 곱창,막창",서울 성북구 한천로78길 53,02-987-3336,37.61279416884632,127.06466024903337,421,6
후문,KFC 석계역점,음식점 > 패스트푸드 > KFC,서울 노원구 석계로1길 14,02-2039-5859,37.61552365612336,127.06393885339827,244,4
후문,오빠생각,음식점 > 분식 > 떡볶이,서울 노원구 화랑로 335-5,,37.61493822394391,127.06520123949416,358,5
후문,빛나는바다,"음식점 > 한식 > 해물,생선 > 회",서울 성북구 한천로78길 66,02-3293-0101,37.613301129856,127.06519754492,424,6
후문,인생꼬치479,"음식점 > 술집 > 호프,요리주점",서울 노원구 석계로 15,0507-1383-4790,37.61614513955888,127.06430409972943,287,4
후문,옛골김치생삼겹,"음식점 > 한식 > 육류,고기",서울 성북구 한천로76다길 33,02-964-1152,37.61263711339102,127.06517544582638,467,7
후문,이자카야 콤마,음식점 > 술집 > 일본식주점,서울 성북구 한천로78길 61,0502-5551-1272,37.61316168071056,127.0648270605354,406,6
후문,롯데리아 석계점,음식점 > 패스트푸드 > 롯데리아,서울 노원구 화랑로 325,02-909-3937,37.614903664548635,127.06414446190392,267,4
후문,제주본가,"음식점 > 한식 > 육류,고기",서울 노원구 석계로1길 18,02-919-0505,37.61549675267001,127.0637055059272,223,3
후문,산천골 양푼이동태요리전문점 본점,"음식점 > 한식 > 해물,생선",서울 성북구 한천로78길 71,02-960-5110,37.613536419563054,127.06495876896486,392,6
후문,캣툰 석계역점,"가정,생활 > 여가시설 > 만화방 > 만화카페 > 캣툰",서울 성북구 한천로76다길 43,02-6221-2525,37.6129885812956,127.065026248724,432,6
후문,디졸브,음식점 > 카페 > 커피전문점,서울 성북구 화랑로42길 40,02-963-6077,37.6138547898722,127.064372349789,329,5
후문,투썸플레이스 석계역점,음식점 > 카페 > 커피전문점 > 투썸플레이스,서울 노원구 석계로1길 10,02-915-7955,37.61560644067768,127.06413487178988,261,4
후문,마작카페 소소마장,"가정,생활 > 여가시설 > 보드카페",서울 노원구 석계로7길 18,010-5397-0066,37.61621765405028,127.06349997796345,224,3
후문,후아나 석계점,음식점 > 카페 > 테마카페 > 디저트카페,서울 노원구 석계로1길 18,02-918-2885,37.6155399884749,127.063727063041,225,3
후문,보드게임카페 아카이브,"가정,생활 > 여가시설 > 보드카페",서울 노원구 화랑로 335,0507-1445-7604,37.61507438933431,127.0649906880022,338,5
후문,읍천리382 석계역점,음식점 > 카페 > 커피전문점 > 읍천리382,서울 노원구 석계로5길 11,010-7774-3820,37.616181439168926,127.06382501865565,249,4
후문,메가MGC커피 석계역점,음식점 > 카페 > 커피전문점 > 메가MGC커피,서울 노원구 화랑로 337,02-943-7743,37.61509500586313,127.06518325419916,355,5
후문,호호커피집,음식점 > 카페 > 커피전문점,서울 노원구 화랑로 337-21,070-4401-8454,37.61587808549493,127.06496420392561,338,5
후문,카페여백,음식점 > 카페 > 커피전문점,서울 성북구 화랑로42길 52-8,0503-7153-9351,37.613806932308115,127.0645648534682,346,5
후문,이디야커피 석계중앙점,음식점 > 카페 > 커피전문점 > 이디야커피,서울 성북구 화랑로40길 61,02-963-2009,37.613766177154,127.064948775271,378,6
후문,메가MGC커피 석관지구대사거리점,음식점 > 카페 > 커피전문점 > 메가MGC커피,서울 성북구 돌곶이로22길 79,02-6956-1502,37.611034994215146,127.06213308321588,491,7
후문,할리스 석계역점,음식점 > 카페 > 커피전문점 > 할리스,서울 노원구 화랑로 325,02-942-1345,37.614984908878924,127.0638579750062,240,4
후문,조르르,음식점 > 카페,서울 성북구 한천로81길 32,070-7585-2334,37.611374070254016,127.05980024973495,462,7
후문,빽다방 석계역문화공원점,음식점 > 카페 > 커피전문점 > 빽다방,서울 노원구 석계로3길 3,02-943-7686,37.61555048944035,127.06430018971456,276,4
후문,카세트66,음식점 > 카페,서울 노원구 화랑로47길 9,0502-5552-3914,37.615733882818276,127.0666596502377,485,7
후문,빽다방 석계중앙점,음식점 > 카페 > 커피전문점 > 빽다방,서울 성북구 한천로78길 63,02-960-7686,37.6132508567677,127.064866779256,403,6
후문,라파파라,음식점 > 카페 > 커피전문점,서울 성북구 한천로78길 49,02-959-0304,37.61268519949226,127.0645684140655,424,6
후문,돌곶이프레소,음식점 > 카페 > 테마카페 > 무인카페,서울 성북구 화랑로 277,010-9019-6137,37.6125644300633,127.059496533917,347,5
후문,만화카페석계,"가정,생활 > 여가시설 > 만화방 > 만화카페",서울 성북구 한천로76다길 43,,37.612948051175,127.065000163536,433,6
후문,카페 늘온,음식점 > 카페 > 테마카페 > 무인카페,서울 노원구 화랑로47길 23,,37.6161582646977,127.066630580111,488,7
후문,메가MGC커피 석계중앙점,음식점 > 카페 > 커피전문점 > 메가MGC커피,서울 성북구 한천로78길 71,02-959-9396,37.61353819035338,127.06501540116383,396,6
후문,하이 트러스트,음식점 > 카페,서울 성북구 한천로66길 185,,37.6130664373028,127.065981103388,496,7
후문,호호커피,음식점 > 카페 > 커피전문점,서울 성북구 화랑로40길 37,010-9259-8584,37.6134768150173,127.063559940993,299,4
후문,노리자리,"가정,생활 > 유아 > 놀이시설 > 키즈카페",서울 노원구 화랑로43길 2-4,,37.614598654868956,127.06335702256801,211,3
후문,더까까주까 석계점,음식점 > 카페 > 커피전문점,서울 노원구 석계로8길 6,,37.616714443244334,127.06452545896374,329,5
후문,라이브고고고,음식점 > 카페 > 테마카페 > 라이브카페,서울 성북구 한천로78길 71,02-966-7753,37.6135679672392,127.06493501152,388,6
후문,GS25 석계화랑로점,"가정,생활 > 편의점 > GS25",서울 성북구 화랑로40길 26,080-999-5425,37.613200548521,127.062931108386,288,4
후문,GS25 장위메인점,"가정,생활 > 편의점 > GS25",서울 성북구 화랑로37길 42,,37.61353751891293,127.05763869091541,374,6
후문,CU 석계본점,"가정,생활 > 편의점 > CU",서울 성북구 한천로78길 71,,37.613571524419676,127.06501996063948,394,6
후문,세븐일레븐 석계점,"가정,생활 > 편의점 > 세븐일레븐",서울 노원구 석계로 9,02-917-0777,37.61566481725314,127.06447924614001,292,4
후문,GS25 석관중앙점,"가정,생활 > 편의점 > GS25",서울 성북구 한천로76다길 46,,37.6131028798942,127.065256267383,440,7
후문,CU 월계코스모스점,"가정,생활 > 편의점 > CU",서울 노원구 석계로7길 18,,37.61624917826,127.063519259895,227,3
후문,세븐일레븐 장위푸르지오점,"가정,생활 > 편의점 > 세븐일레븐",서울 성북구 화랑로 299,,37.6136395264123,127.060838406294,197,3
후문,CU 석계역점,"가정,생활 > 편의점 > CU",서울 노원구 화랑로 347,02-973-0804,37.6153474950712,127.066418052865,462,7
후문,이마트24 월계풍림점,"가정,생활 > 편의점 > 이마트24",서울 노원구 화랑로45길 10-16,,37.6161009648815,127.065983784668,431,6
후문,이마트24 석관한천점,"가정,생활 > 편의점 > 이마트24",서울 성북구 한천로78길 49,070-4120-8741,37.612685200112,127.064567281466,424,6
후문,GS25 장위온누리점,"가정,생활 > 편의점 > GS25",서울 성북구 화랑로 271,02-941-7480,37.6121332147398,127.058781524894,419,6
후문,씨스페이스24 장위자이점,"가정,생활 > 편의점 > 씨스페이스24",서울 성북구 화랑로39길 11-8,,37.6132015490846,127.059258061195,296,4
후문,GS25 S6석계역점,"가정,생활 > 편의점 > GS25",서울 노원구 화랑로 지하 347-1,02-979-2638,37.61519327987579,127.0666772898625,485,7
후문,스토리웨이,"가정,생활 > 편의점",서울 노원구 화랑로 341,,37.6153046786258,127.065647819609,394,6
후문,파리바게뜨 석계역점,"음식점 > 간식 > 제과,베이커리 > 파리바게뜨",서울 노원구 마들로 31,02-975-8203,37.61872492215285,127.06708481458148,202,3
후문,햇살머믄꼬마김밥 석계역점,음식점 > 분식,서울 노원구 화랑로45길 42,02-977-2236,37.6169302666552,127.065277734779,392,6
후문,더스시쟁이,"음식점 > 일식 > 초밥,롤",서울 노원구 석계로 18,,37.61643518533167,127.06443687039096,465,7
후문,장어구이셀프타운,"음식점 > 한식 > 해물,생선 > 장어",서울 노원구 화랑로45길 40,02-975-0592,37.6168040782236,127.065368237478,405,6
후문,이상봉 이참치,음식점 > 일식,서울 노원구 석계로 21,02-943-1477,37.6166569850563,127.064149366032,452,7
후문,굴다리소머리국밥,음식점 > 한식 > 국밥,서울 노원구 석계로7길 2,02-941-0319,37.6167940151396,127.064002237623,443,7
후문,우리집,"음식점 > 한식 > 육류,고기",서울 노원구 석계로 19,02-909-1516,37.6165056252754,127.064137909416,468,7
후문,지원이네전집,음식점 > 한식,서울 노원구 석계로7길 11,,37.6164048565638,127.063876179173,487,7
후문,천년초우리밀칼국수,음식점 > 한식 > 국수 > 칼국수,서울 노원구 석계로 65,070-4036-1645,37.62047341117989,127.06276846319872,301,5
후문,잘만든떡볶이,음식점 > 분식 > 떡볶이,서울 노원구 화랑로45길 42-15,02-977-7072,37.616911942375,127.065825928301,388,6
후문,처갓집양념치킨 월계미성점,음식점 > 치킨 > 처갓집양념치킨,서울 노원구 마들로 59,02-975-8892,37.62109584931161,127.06791043806878,171,3
후문,토리아에즈 석계점,음식점 > 술집 > 일본식주점,서울 노원구 석계로7길 11,02-909-6037,37.6164003485594,127.063881838599,487,7
후문,치킨플러스 월계점,음식점 > 치킨 > 치킨플러스,서울 노원구 석계로13길 35,02-3292-5567,37.62068057833001,127.06116696912017,443,7
후문,만원닭발 석계점,"음식점 > 한식 > 육류,고기 > 닭요리",서울 노원구 석계로 16,,37.6162963985607,127.064500179305,478,7
후문,반올림피자 서울월계점,음식점 > 양식 > 피자 > 반올림피자,서울 노원구 석계로13길 23-5,02-941-0201,37.6200586862731,127.06157197055357,408,6
후문,월계돈,"음식점 > 한식 > 육류,고기",서울 노원구 석계로 63,02-941-3326,37.620290466163745,127.06285213034685,294,4
후문,비스트로리베르따,음식점 > 양식 > 이탈리안,서울 노원구 석계로7길 11,0507-1366-2538,37.616394942627444,127.06388183397407,488,7
후문,푸라닭치킨 석계역점,음식점 > 치킨 > 푸라닭치킨,서울 노원구 석계로8길 6,02-6952-9206,37.6166828882309,127.064562809504,436,7
후문,한그릇,음식점 > 한식 > 국수,서울 노원구 광운로12길 38,02-941-7193,37.6213328671485,127.061217343723,450,7
후문,소문난순대국밥,음식점 > 한식 > 국밥,서울 노원구 석계로7길 7,02-918-2206,37.6165345638348,127.063940851672,472,7
후문,100 한우곰탕,음식점 > 한식,서울 노원구 석계로 39-1,02-943-0773,37.6184195786971,127.063667222912,312,5
후문,아따통닭 석계역점,음식점 > 치킨,서울 노원구 석계로 33,02-943-5777,37.6176779668314,127.063850084055,365,5
후문,포 레오 본점,음식점 > 아시아음식 > 동남아음식,서울 노원구 광운로 46,070-8153-5900,37.6217159250085,127.060950331835,484,7
후문,하담,"음식점 > 간식 > 떡,한과",서울 노원구 광운로 46,0507-1395-2048,37.6217159250085,127.060950331835,484,7
후문,영구스피자 석계점,음식점 > 양식 > 피자 > 영구스피자,서울 노원구 화랑로45길 24,02-916-3888,37.616097557998,127.065630394237,479,7
후문,동그라미 꼬마김밥,음식점 > 분식,서울 노원구 마들로 31,02-977-3601,37.618658037039694,127.06901485963604,316,5
후문,오국밥,음식점 > 한식 > 국밥,서울 노원구 마들로 59,02-972-1118,37.6208706084381,127.067900038666,160,2
후문,갤러리eat,음식점 > 한식,서울 노원구 석계로13길 25-1,,37.620169620391,127.061355713707,426,6
후문,연선네아구찜아구탕,"음식점 > 한식 > 해물,생선 > 아구",서울 노원구 석계로7길 10,02-916-4032,37.6165058400736,127.063741479233,482,7
후문,꽁꽁삼겹살차돌박이 석계2호점,"음식점 > 한식 > 육류,고기 > 삼겹살",서울 노원구 석계로 18,,37.6164261630825,127.064459515745,466,7
후문,이가네보리고개,음식점 > 한식,서울 노원구 화랑로45길 42-11,,37.6169156044069,127.065721726405,388,6
후문,호식이두마리치킨 월계2호점,음식점 > 치킨 > 호식이두마리치킨,서울 노원구 마들로 111,02-971-3392,37.624592123682554,127.06713426541006,473,7
후문,커피앤,음식점 > 카페,서울 노원구 마들로 59,,37.620918376388566,127.06787289670777,160,2
후문,마들106,음식점 > 카페,서울 노원구 마들로 111,,37.6246732253442,127.067111682706,481,7
후문,한내지혜의숲,음식점 > 카페,서울 노원구 마들로 86,,37.6235892668983,127.068799661771,422,6
후문,달보드레24 월계점,음식점 > 카페 > 테마카페 > 디저트카페,서울 노원구 마들로 59,,37.6210219957551,127.06786279637,163,2
후문,올리브,음식점 > 카페,서울 노원구 마들로 111,,37.6245732422607,127.067065148814,470,7
후문,GS25 석계한진점,"가정,생활 > 편의점 > GS25",서울 노원구 마들로 31,02-971-2520,37.618658037045094,127.06901485963648,316,5
후문,GS25 월계미성점,"가정,생활 > 편의점 > GS25",서울 노원구 마들로 59,02-978-5695,37.6212751672267,127.067873221074,178,3
후문,미식성,음식점 > 중식 > 중국요리,서울 노원구 광운로 9,02-915-6020,37.6187111624562,127.057291550168,210,3
후문,동대문엽기떡볶이 월계점,음식점 > 분식 > 떡볶이 > 동대문엽기떡볶이,서울 노원구 광운로 39,02-911-8591,37.6210601206078,127.05895166547,255,4
후문,브레댄코 광운대점,"음식점 > 간식 > 제과,베이커리 > 브레댄코",서울 노원구 광운로 20,02-941-6108,37.61945936520447,127.05834893621858,217,3
후문,신연마라탕,음식점 > 중식,서울 노원구 광운로 35,02-909-2838,37.6206962708118,127.058652339616,220,3
후문,목포홍탁,"음식점 > 한식 > 해물,생선",서울 노원구 광운로1길 10,02-914-3703,37.61867438098913,127.05696304151887,202,3
후문,이삭토스트 광운대점,음식점 > 간식 > 토스트 > 이삭토스트,서울 노원구 광운로 37-1,02-943-0799,37.620878192415546,127.0588087985225,238,4
후문,양드림,"음식점 > 한식 > 육류,고기",서울 노원구 광운로2길 27,02-943-3408,37.617420329985926,127.05855009108576,390,6
후문,경대컵밥 광운대점,음식점 > 도시락,서울 노원구 광운로 17-13,02-941-1047,37.619597802211,127.057151775086,123,2
후문,카츠백 월계점,"음식점 > 일식 > 돈까스,우동 > 카츠백",서울 노원구 광운로 44,02-6953-2204,37.621340953417,127.059500129304,311,5
후문,밥은화 광운대본점,음식점 > 한식,서울 노원구 광운로12길 11,02-3292-7979,37.6212795351311,127.059799121243,334,5
후문,스시덤,"음식점 > 일식 > 초밥,롤",서울 노원구 광운로2길 6,02-2088-8070,37.6180921113138,127.057440589225,278,4
후문,장수국수 광운대점,음식점 > 한식 > 국수,서울 노원구 광운로 27,070-8111-2595,37.6202243174404,127.058321216179,189,3
후문,파리바게뜨 장위뉴타운점,"음식점 > 간식 > 제과,베이커리 > 파리바게뜨",서울 성북구 한천로 713,02-942-5627,37.61959537145436,127.05063758612393,497,7
후문,맘스터치 광운대점,음식점 > 패스트푸드 > 맘스터치,서울 노원구 광운로 33,02-941-7674,37.6205710814027,127.058555960075,210,3
후문,피자헛 월계2호점,음식점 > 양식 > 피자 > 피자헛,서울 성북구 한천로 735,02-902-2777,37.6219025617684,127.05160481197089,437,7
후문,스타벅스 장위뉴타운점,음식점 > 카페 > 커피전문점 > 스타벅스,서울 성북구 장월로38길 4,1522-3232,37.61806331358951,127.05151211017781,486,7
후문,성북시니어 클럽 장위지점,음식점 > 카페 > 커피전문점,서울 성북구 한천로 708,,37.6200887443682,127.053513878053,238,4
후문,카페인24 꿈의숲 SK뷰점,음식점 > 카페 > 테마카페 > 무인카페 > 카페인24,서울 노원구 월계로44길 68-6,0506-429-0611,37.622302010715,127.052532240842,385,6
후문,우지커피 장위뉴타운점,음식점 > 카페 > 커피전문점 > 우지커피,서울 성북구 한천로 713,,37.61921679325695,127.05101678365784,474,7
후문,커피정원,음식점 > 카페,서울 성북구 한천로 708,,37.6200888054192,127.053379085298,249,4
후문,CU 광운대점,"가정,생활 > 편의점 > CU",서울 노원구 광운로1길 60,02-909-8384,37.62039350156694,127.05498776159637,105,2
후문,GS25 월계꿈의숲점,"가정,생활 > 편의점 > GS25",서울 노원구 월계로42길 97,,37.621412232406634,127.05365188736572,250,4
후문,CU 장위퍼스트하이점,"가정,생활 > 편의점 > CU",서울 성북구 한천로 713,,37.619261862218,127.050971506451,476,7
후문,CU 장위포레카운티점,"가정,생활 > 편의점 > CU",서울 성북구 장월로 160,,37.617999061866804,127.05215316324293,444,7
후문,CU 노원월계점,"가정,생활 > 편의점 > CU",서울 노원구 월계로44가길 19,02-910-8605,37.623524318881,127.053271663575,432,6
한울관,하이레,"음식점 > 일식 > 돈까스,우동",서울 노원구 광운로12길 6,,37.62096077851908,127.05941713733176,182,3
한울관,화로상회 광운대점,음식점 > 뷔페 > 고기뷔페,서울 노원구 광운로 37,02-941-2292,37.62077461782266,127.05873055905124,118,2
한울관,마떡다이천 광운대본점,음식점 > 분식 > 떡볶이,서울 노원구 석계로 106,02-976-4841,37.6231064273819,127.060407743094,391,6
한울관,더원,음식점 > 중식,서울 노원구 광운로 61,02-909-5477,37.6230814538525,127.05990930937736,360,5
한울관,일심해장국 월계점,음식점 > 한식 > 해장국,서울 노원구 석계로15길 25,02-909-1640,37.621977651357454,127.06183634914686,421,6
한울관,진미통닭,음식점 > 치킨,서울 노원구 광운로 45,02-918-3492,37.6214654962473,127.059089046317,181,3
한울관,윤스쿡,"음식점 > 일식 > 돈까스,우동",서울 노원구 광운로 29,,37.6203107561798,127.058434555295,89,1
한울관,서초우동 광운대역점,"음식점 > 일식 > 돈까스,우동",서울 노원구 석계로18길 23,02-941-0096,37.62388375193732,127.06085015246403,482,7
한울관,수해복마라탕 광운대점,음식점 > 중식 > 중국요리,서울 노원구 광운로 39,02-917-3303,37.6210745477174,127.058929022312,146,2
한울관,도미노피자 월계점,음식점 > 양식 > 피자 > 도미노피자,서울 노원구 광운로 52,02-915-3082,37.6219391607872,127.059595756284,249,4
한울관,친친,음식점 > 중식 > 중국요리,서울 노원구 석계로18길 10-9,02-6229-4143,37.6236251301821,127.060924704224,464,7
한울관,마포연탄불고기,"음식점 > 한식 > 육류,고기 > 불고기,두루치기",서울 노원구 석계로18길 4,02-915-2826,37.623230699702965,127.0605324472798,409,6
한울관,디델리 광운대점,음식점 > 분식,서울 노원구 광운로 31,02-3292-1194,37.6204440641234,127.058511684455,94,1
한울관,김밥천국,음식점 > 분식,서울 노원구 광운로 33,02-942-7804,37.620528733322885,127.05855932501957,98,1
한울관,이층집,"음식점 > 한식 > 찌개,전골",서울 노원구 광운로 17-5,02-941-3588,37.6193669821635,127.057495939695,124,2
한울관,여우곱창,"음식점 > 한식 > 육류,고기 > 곱창,막창",서울 노원구 광운로 68,02-919-3339,37.6233155258228,127.060271980912,401,6
한울관,꽃제비칼국수,음식점 > 한식 > 국수 > 칼국수,서울 노원구 광운로12길 13,02-911-8371,37.6213083069597,127.05991694832,236,4
한울관,팔팔전어횟집,"음식점 > 한식 > 해물,생선 > 회",서울 노원구 광운로 25,02-914-8876,37.6200477642131,127.058239523003,85,1
한울관,영축산정육식당,"음식점 > 한식 > 육류,고기",서울 노원구 광운로 52,02-915-6221,37.6217895178956,127.059751954723,250,4
한울관,여자만아구찜,"음식점 > 한식 > 해물,생선 > 아구",서울 노원구 석계로18길 10-8,02-941-1989,37.6235062163082,127.060892889771,452,7
한울관,미식성,음식점 > 중식 > 중국요리,서울 노원구 광운로 9,02-915-6020,37.6187111624562,127.057291550168,197,3
한울관,와플대학 광운대캠퍼스,"음식점 > 간식 > 제과,베이커리 > 와플대학",서울 노원구 광운로 64,02-941-3890,37.62283985104657,127.06018097652368,355,5
한울관,푸른스시,"음식점 > 일식 > 초밥,롤",서울 노원구 광운로 33,0503-7150-4889,37.620592674732514,127.05861714390358,104,2
한울관,맛불,음식점 > 한식,서울 노원구 광운로 39,010-3489-3056,37.6210709511218,127.058914294016,145,2
한울관,중화호반닭갈비 광운대점,"음식점 > 한식 > 육류,고기 > 닭요리",서울 노원구 광운로 53,02-942-0799,37.6224564534593,127.059345831815,275,4
한울관,한라산감자탕,음식점 > 한식 > 감자탕,서울 노원구 석계로15길 17,010-6482-8321,37.6223654328671,127.061151358349,388,6
한울관,동대문엽기떡볶이 월계점,음식점 > 분식 > 떡볶이 > 동대문엽기떡볶이,서울 노원구 광운로 39,02-911-8591,37.6210601206078,127.05895166547,147,2
한울관,청년다방 광운대점,음식점 > 분식 > 떡볶이 > 청년다방,서울 노원구 광운로 44,02-6085-9124,37.62135716432966,127.05951373500557,206,3
한울관,써브웨이 광운대역점,음식점 > 패스트푸드 > 샌드위치 > 써브웨이,서울 노원구 광운로 57,02-942-7779,37.62266353825251,127.05962805159403,309,5
한울관,맛닭꼬 광운대점,음식점 > 치킨 > 맛닭꼬,서울 노원구 광운로 61,02-942-3492,37.62309584950046,127.05994896746643,364,5
한울관,또와집순대국,음식점 > 한식 > 순대,서울 노원구 광운로19길 13,02-943-2207,37.62326079906855,127.05981316864523,372,6
한울관,신연마라탕,음식점 > 중식,서울 노원구 광운로 35,02-909-2838,37.6206962708118,127.058652339616,109,2
한울관,이삭토스트 광운대점,음식점 > 간식 > 토스트 > 이삭토스트,서울 노원구 광운로 37-1,02-943-0799,37.620878192415546,127.0588087985225,128,2
한울관,브레댄코 광운대점,"음식점 > 간식 > 제과,베이커리 > 브레댄코",서울 노원구 광운로 20,02-941-6108,37.61945936520447,127.05834893621858,139,2
한울관,미미식당 월계점,"음식점 > 한식 > 육류,고기",서울 노원구 석계로18길 5,,37.6232722135876,127.06039881516,404,6
한울관,빈대떡신사,"음식점 > 술집 > 호프,요리주점",서울 노원구 광운로 70,02-774-9595,37.6234669008526,127.060253978908,413,6
한울관,사계절김밥,음식점 > 분식,서울 노원구 광운로 72,02-941-7789,37.6235588107524,127.060235928848,420,6
한울관,카츠백 월계점,"음식점 > 일식 > 돈까스,우동 > 카츠백",서울 노원구 광운로 44,02-6953-2204,37.621340953417,127.059500129304,204,3
한울관,밥은화 광운대본점,음식점 > 한식,서울 노원구 광운로12길 11,02-3292-7979,37.6212795351311,127.059799121243,225,3
한울관,양드림,"음식점 > 한식 > 육류,고기",서울 노원구 광운로2길 27,02-943-3408,37.617420329985926,127.05855009108576,354,5
한울관,전주밥상쌈밥,음식점 > 한식 > 쌈밥,서울 노원구 광운로 61,02-3292-0118,37.62296447243826,127.05961922991156,335,5
한울관,장수국수 광운대점,음식점 > 한식 > 국수,서울 노원구 광운로 27,070-8111-2595,37.6202243174404,127.058321216179,82,1
한울관,목포홍탁,"음식점 > 한식 > 해물,생선",서울 노원구 광운로1길 10,02-914-3703,37.61867438098913,127.05696304151887,205,3
한울관,후문식당,음식점 > 분식,서울 노원구 석계로13길 25-1,02-916-8745,37.62016962097997,127.06135458099394,347,5
한울관,경대컵밥 광운대점,음식점 > 도시락,서울 노원구 광운로 17-13,02-941-1047,37.619597802211,127.057151775086,102,2
한울관,1일1잔,음식점 > 카페 > 테마카페 > 디저트카페,서울 노원구 광운로2길 6,,37.6180767967353,127.057436046716,267,4
한울관,월계청춘카페,음식점 > 카페,서울 노원구 광운로 44,070-4174-7755,37.6213607728479,127.059504676027,206,3
한울관,스타벅스 광운대점,음식점 > 카페 > 커피전문점 > 스타벅스,서울 노원구 석계로 104,1522-3232,37.6231891063632,127.060820134493,422,6
한울관,컴포즈커피 광운대80주년기념관점,음식점 > 카페 > 커피전문점 > 컴포즈커피,서울 노원구 광운로 20,02-909-1617,37.62030155947812,127.05881060974359,122,2
한울관,카페니니,음식점 > 카페,서울 노원구 광운로 59,02-2138-1884,37.6227500329914,127.05962812068,316,5
한울관,빠말,음식점 > 카페 > 테마카페 > 디저트카페,서울 노원구 광운로 7,070-7677-8341,37.6185733102653,127.057293709771,212,3
한울관,메가MGC커피 광운대점,음식점 > 카페 > 커피전문점 > 메가MGC커피,서울 노원구 광운로 35,02-942-1005,37.62068904770362,127.05868291742625,111,2
한울관,설빙 광운대점,음식점 > 카페 > 테마카페 > 디저트카페 > 설빙,서울 노원구 광운로 25,02-6953-9749,37.6200694057919,127.058203293092,81,1
한울관,광운커피,음식점 > 카페,서울 노원구 광운로 25,010-4190-3569,37.6200685020056,127.058208955948,81,1
한울관,카페베르데,음식점 > 카페,서울 노원구 광운로 17-3,,37.6192876400272,127.057609148638,134,2
한울관,공차 광운대점,음식점 > 카페 > 공차,서울 노원구 광운로 20,02-943-8523,37.62001145287181,127.05878772699671,130,2
한울관,매머드익스프레스 광운대정문점,음식점 > 카페 > 커피전문점 > 매머드익스프레스,서울 노원구 광운로 27,,37.6202171095369,127.058321210548,83,1
한울관,빽다방 광운대점,음식점 > 카페 > 커피전문점 > 빽다방,서울 노원구 광운로 43,070-7752-5322,37.62131326117863,127.05902549288251,166,2
한울관,메가MGC커피 광운대역점,음식점 > 카페 > 커피전문점 > 메가MGC커피,서울 노원구 석계로 103,02-942-9917,37.6229242932203,127.06067039501,392,6
한울관,요거프레소 광운대점,음식점 > 카페 > 테마카페 > 디저트카페 > 요거프레소,서울 노원구 광운로 17-9,,37.6194139216729,127.057314743468,119,2
한울관,요거트아이스크림의정석 광운대점,음식점 > 카페 > 테마카페 > 디저트카페 > 요거트아이스크림의정석,서울 노원구 광운로 60,010-5949-2407,37.62265074300844,127.05998599082864,328,5
한울관,우우즈,음식점 > 카페,서울 노원구 광운로12길 32,,37.6212465148617,127.060942019495,320,5
한울관,서울수플레,음식점 > 카페,서울 노원구 광운로17길 13,0504-823-0663,37.6224215775715,127.058821341782,246,4
한울관,커피는기억의끌림,음식점 > 카페 > 커피전문점,서울 노원구 석계로 98-1,02-911-7735,37.6234196267418,127.06107632676282,457,7
한울관,카페빈둥,음식점 > 카페 > 커피전문점,서울 노원구 석계로15길 17,,37.6223816535661,127.061145707899,388,6
한울관,메타킹커피 광운대점,음식점 > 카페,서울 노원구 광운로12길 5,,37.6212247477794,127.059456992958,195,3
한울관,오쎄,음식점 > 카페,서울 노원구 광운로 62,02-918-5508,37.6227245870602,127.060058546328,339,5
한울관,성북시니어 클럽 장위지점,음식점 > 카페 > 커피전문점,서울 성북구 한천로 708,,37.6200887443682,127.053513878053,349,5
한울관,이디야커피 광운대점,음식점 > 카페 > 커피전문점 > 이디야커피,서울 노원구 광운로 29,02-942-0937,37.6203251764627,127.058425504853,88,1
한울관,매머드익스프레스 광운대후문점,음식점 > 카페 > 커피전문점 > 매머드익스프레스,서울 노원구 석계로13길 23,,37.6202136590307,127.061566434787,365,5
한울관,CORD Jr.,음식점 > 카페 > 커피전문점,서울 노원구 석계로13길 40,,37.6209499341225,127.061243082418,339,5
한울관,데이롱카페 광운대점,음식점 > 카페 > 테마카페 > 무인카페 > 데이롱카페,서울 노원구 광운로12길 38,,37.621302220658,127.061242238675,347,5
한울관,카페인24 꿈의숲 SK뷰점,음식점 > 카페 > 테마카페 > 무인카페 > 카페인24,서울 노원구 월계로44길 68-6,0506-429-0611,37.622302010715,127.052532240842,478,7
한울관,커피정원,음식점 > 카페,서울 성북구 한천로 708,,37.6200888054192,127.053379085298,361,5
한울관,롯오브젝트,음식점 > 카페,서울 노원구 광운로3길 7,,37.619014830962605,127.05721815792296,164,2
한울관,카페이공일,음식점 > 카페,서울 노원구 광운로2가길 14-16,,37.6172241794109,127.059818526685,418,6
한울관,CU 광운대원룸점,"가정,생활 > 편의점 > CU",서울 노원구 광운로15길 23,,37.62153814533509,127.05793937823357,124,2
한울관,CU 광운대점,"가정,생활 > 편의점 > CU",서울 노원구 광운로1길 60,02-909-8384,37.62039350156694,127.05498776159637,217,3
한울관,GS25 월계꿈의숲점,"가정,생활 > 편의점 > GS25",서울 노원구 월계로42길 97,,37.621412232406634,127.05365188736572,350,5
한울관,GS25 월계성북역점,"가정,생활 > 편의점 > GS25",서울 노원구 석계로 103,080-999-5425,37.62294498095257,127.06073837717676,398,6
한울관,세븐일레븐 광운스퀘어점,"가정,생활 > 편의점 > 세븐일레븐",서울 노원구 광운로 20,,37.61999081299385,127.05862120221462,117,2
한울관,GS25 광운월계점,"가정,생활 > 편의점 > GS25",서울 노원구 광운로2나길 45,,37.6177870939132,127.060217680188,387,6
한울관,이마트24 광운대역점,"가정,생활 > 편의점 > 이마트24",서울 노원구 석계로 98-1,02-6010-1032,37.623221352147,127.061187175034,448,7
한울관,GS25 광운사랑점,"가정,생활 > 편의점 > GS25",서울 노원구 광운로 17-11,,37.6195112503095,127.05726951003,109,2
한울관,세븐일레븐 광운대원룸점,"가정,생활 > 편의점 > 세븐일레븐",서울 노원구 광운로2가길 23,,37.61810018357334,127.05933557310284,313,5
한울관,GS25 광운타운점,"가정,생활 > 편의점 > GS25",서울 노원구 광운로 79,,37.624350024722,127.059946576322,482,7
한울관,GS25 광운로드점,"가정,생활 > 편의점 > GS25",서울 노원구 석계로 65,,37.6205572138281,127.0627481447,468,7
한울관,GS25 광운행운점,"가정,생활 > 편의점 > GS25",서울 노원구 광운로 5,080-999-5425,37.6184661312172,127.05721433937,225,3
한울관,GS25 광운문화관점,"가정,생활 > 편의점 > GS25",서울 노원구 광운로 21,02-942-2533,37.61982824130036,127.05759144242984,74,1
한울관,CU 광운대기숙사점,"가정,생활 > 편의점 > CU",서울 노원구 광운로 21,053-857-9427,37.62148487572864,127.05630820027189,149,2
한울관,CU 노원월계점,"가정,생활 > 편의점 > CU",서울 노원구 월계로44가길 19,02-910-8605,37.623524318881,127.053271663575,499,7
한울관,세븐일레븐 광운대후문점,"가정,생활 > 편의점 > 세븐일레븐",서울 노원구 석계로13길 48,,37.6212428318449,127.061094935049,333,5
한울관,세븐일레븐 성북역점,"가정,생활 > 편의점 > 세븐일레븐",서울 노원구 광운로 71,,37.623700361506536,127.06004800368336,424,6
한울관,제로스토어 광운대점,"가정,생활 > 편의점",서울 노원구 광운로 15,0507-1416-3208,37.6190155528723,127.05758628477295,163,2
한울관,화돌농장 노원점,"음식점 > 한식 > 육류,고기",서울 노원구 광운로 133,02-912-5293,37.6283333023198,127.058114578353,321,5
한울관,용궁중화요리,음식점 > 중식 > 중국요리,서울 노원구 월계로 325,02-990-1901,37.6289610764237,127.05670127383,390,6
한울관,우리집,음식점 > 한식,서울 노원구 광운로22길 9,02-915-0707,37.62851291849527,127.05928267666646,372,6
한울관,애슐리퀸즈 이마트월계점,음식점 > 패밀리레스토랑 > 애슐리,서울 노원구 마들로3길 15,0507-1412-1063,37.62650323568528,127.06197603525396,415,6
한울관,키라키라윤 월계인덕점,음식점 > 술집 > 일본식주점 > 키라키라윤,서울 노원구 광운로 132,,37.629441078202994,127.05899566885381,459,7
한울관,야타이,음식점 > 일식 > 일식집,서울 노원구 석계로18길 10-6,0502-5552-5931,37.6235008757847,127.060766015809,367,6
한울관,본죽&비빔밥cafe 광운대역점,음식점 > 퓨전요리 > 퓨전한식 > 본죽&비빔밥cafe,서울 노원구 석계로 98-1,02-914-6285,37.6233006583535,127.0611498589125,407,6
한울관,배스킨라빈스 광운대역점,음식점 > 간식 > 아이스크림 > 배스킨라빈스,서울 노원구 광운로 65,02-909-1441,37.6231642939857,127.06000905867,343,5
한울관,최환기쌈밥칼국수,음식점 > 한식 > 쌈밥,서울 노원구 광운로19가길 2,02-911-5402,37.62378064715679,127.05985549760452,285,4
한울관,호시아카리,"음식점 > 일식 > 초밥,롤",서울 노원구 석계로 98-1,070-8747-1697,37.62331598687177,127.06112721623848,405,6
한울관,명랑핫도그 광운대점,음식점 > 패스트푸드 > 명랑핫도그,서울 노원구 석계로 106,02-919-6488,37.62310822645583,127.06041340834153,372,6
한울관,착한족발 월계점,"음식점 > 한식 > 육류,고기 > 족발,보쌈",서울 노원구 석계로 95,010-4655-5669,37.62295564668777,127.06102157486963,423,6
한울관,교촌치킨 인덕대점,음식점 > 치킨 > 교촌치킨,서울 노원구 초안산로2라길 26,02-908-1991,37.62937268070159,127.05700519125762,432,6
한울관,맘스터치 월계역점,음식점 > 패스트푸드 > 맘스터치,서울 노원구 초안산로2라길 26,02-900-7111,37.62951036795873,127.05734288737655,446,7
한울관,돈장군 광운대본점,"음식점 > 한식 > 육류,고기",서울 노원구 광운로 69,02-941-8276,37.6234201402204,127.0600760973566,326,5
한울관,큰맘할매순대국 광운대점,음식점 > 한식 > 순대 > 큰맘할매순대국,서울 노원구 광운로 67,02-942-1479,37.6232723708939,127.06009070433,339,5
한울관,매튜스도넛,음식점 > 간식 > 도넛,서울 노원구 월계로 340,0503-7153-4886,37.6294685016024,127.058202692092,446,7
한울관,명태이야기,"음식점 > 한식 > 해물,생선",서울 노원구 석계로18길 13,02-943-1121,37.62366145724105,127.06036514708568,328,5
한울관,뚜레쥬르 월계역점,"음식점 > 간식 > 제과,베이커리 > 뚜레쥬르",서울 노원구 초안산로2라길 26,02-998-5580,37.62989743170347,127.05807954469266,492,7
한울관,가마솥뼈다귀감자탕,음식점 > 한식 > 감자탕,서울 노원구 석계로18길 14,,37.62367307140256,127.06055772685895,341,5
한울관,파스토보이 월계점,음식점 > 양식 > 파스토보이,서울 노원구 광운로19길 11,070-4142-0308,37.62337066485688,127.05992086909748,321,5
한울관,명동찌개마을 광운대역점,"음식점 > 한식 > 찌개,전골",서울 노원구 석계로18길 9,02-912-1181,37.6234560206821,127.060387636237,344,5
한울관,한솥도시락 광운대역점,음식점 > 도시락 > 한솥도시락,서울 노원구 석계로 95,02-6713-1113,37.62301864068847,127.06116661925894,428,6
한울관,왕토종순대국,음식점 > 한식 > 순대,서울 노원구 광운로 72,02-913-6400,37.623638110880414,127.06020993920797,319,5
한울관,스타벅스 월계역점,음식점 > 카페 > 커피전문점 > 스타벅스,서울 노원구 초안산로2라길 26,1522-3232,37.62943828633148,127.0573484962675,438,7
한울관,스타벅스 월계트레이더스점,음식점 > 카페 > 커피전문점 > 스타벅스,서울 노원구 마들로3길 17,1522-3232,37.62759082697573,127.06178435781577,448,7
한울관,스타벅스 월계이마트점,음식점 > 카페 > 커피전문점 > 스타벅스,서울 노원구 마들로3길 15,1522-3232,37.6271527835984,127.062096653474,450,7
한울관,컴포즈커피 월계인덕대점,음식점 > 카페 > 커피전문점 > 컴포즈커피,서울 노원구 초안산로2라길 26,,37.62935732559807,127.05708447925561,430,6
한울관,빽다방 월계인덕대점,음식점 > 카페 > 커피전문점 > 빽다방,서울 노원구 월계로 334,02-6014-0087,37.6290182983223,127.057612127163,391,6
한울관,이디야커피 월계인덕점,음식점 > 카페 > 커피전문점 > 이디야커피,서울 노원구 광운로22길 39,02-914-7413,37.6298177655118,127.058845296202,496,7
한울관,아망프라이빗,"가정,생활 > 유아 > 놀이시설 > 키즈카페",서울 노원구 월계로 294,,37.6268792218314,127.054089685118,333,5
한울관,공차 월계점,음식점 > 카페 > 공차,서울 노원구 마들로3길 15,02-973-6885,37.6265473970983,127.061951150089,415,6
한울관,카페해야,음식점 > 카페,서울 노원구 초안산로2라길 26,,37.62985873833847,127.05797982282768,487,7
한울관,누커피,음식점 > 카페 > 테마카페 > 디저트카페,,,37.62871316118078,127.05700015616229,359,5
한울관,유지인터내셔날 모히또바인오션,음식점 > 카페,서울 노원구 마들로3길 15,,37.6265095408039,127.061979438919,416,6
한울관,GS25 월계대양점,"가정,생활 > 편의점 > GS25",서울 노원구 월계로 334,,37.62900483547959,127.05750562907016,390,6
한울관,이마트24 이마트월계점,"가정,생활 > 편의점 > 이마트24",서울 노원구 마들로3길 15,02-6916-1500,37.62650773942647,127.06197830461335,416,6
한울관,CU 월계주공점,"가정,생활 > 편의점 > CU",서울 노원구 초안산로 7,,37.6285961168576,127.054923567969,410,6
한울관,스토리웨이,"가정,생활 > 편의점",서울 노원구 석계로 98-2,,37.6236870074235,127.061485474466,409,6
한울관,그레도제빵사,"음식점 > 간식 > 제과,베이커리",서울 성북구 화랑로 304,070-8290-3033,37.613436102712356,127.06218378320334,476,7
한울관,불맛나는직화짬뽕전문점 장위점,음식점 > 중식 > 중국요리,서울 성북구 돌곶이로 105,02-941-5051,37.612169095823205,127.05538377577903,410,6
한울관,태성식당,음식점 > 한식,서울 성북구 화랑로33길 38,02-918-6658,37.611863006749545,127.0548546302744,462,7
한울관,한근더한근,"음식점 > 한식 > 육류,고기",서울 성북구 한천로 605,02-918-8999,37.613059625064764,127.06018442024082,362,5
한울관,중화요리동우당,음식점 > 중식 > 중국요리,서울 성북구 돌곶이로 99,02-943-2182,37.6118355952225,127.055670073071,434,7
한울관,삼대냉면,음식점 > 한식 > 냉면,서울 노원구 석계로9길 33,,37.61666051655156,127.0626066854087,474,7
한울관,상록회관 돌곶이점,"음식점 > 한식 > 육류,고기 > 상록회관",서울 성북구 화랑로 275,02-909-3339,37.6123410590705,127.059349118607,387,6
한울관,조마루감자탕 석관점,음식점 > 한식 > 감자탕 > 조마루감자탕,서울 성북구 화랑로 262,02-960-6953,37.6112684927407,127.058323282464,474,7
한울관,오장동불고기냉면,"음식점 > 한식 > 육류,고기 > 불고기,두루치기",서울 성북구 화랑로 268,02-967-8003,37.6115277391549,127.058803699991,455,7
한울관,농가축산정육식당,"음식점 > 한식 > 육류,고기",서울 성북구 화랑로 283,02-941-0333,37.61276595307292,127.0600856472419,381,6
한울관,천수촌,"음식점 > 한식 > 사철탕,영양탕",서울 성북구 장위로 145,02-914-3377,37.6140966130064,127.052757522941,441,7
한울관,교촌치킨 석관장위점,음식점 > 치킨 > 교촌치킨,서울 성북구 화랑로 265,02-918-9925,37.61186580391614,127.05841322336893,411,6
한울관,제주돈사촌 돌곶이역점,"음식점 > 한식 > 육류,고기",서울 성북구 돌곶이로 91,02-942-3063,37.61126765960384,127.0563288105807,478,7
한울관,불타는생고기,"음식점 > 한식 > 육류,고기",서울 성북구 화랑로 279,02-942-8818,37.6125940866457,127.059647193196,375,6
한울관,파리바게뜨 장위레디언트점,"음식점 > 간식 > 제과,베이커리 > 파리바게뜨",서울 성북구 돌곶이로30길 24,,37.61229492947,127.056029447886,375,6
한울관,스시덤,"음식점 > 일식 > 초밥,롤",서울 노원구 광운로2길 6,02-2088-8070,37.6180921113138,127.057440589225,288,4
한울관,사랑한식뷔페,음식점 > 뷔페 > 한식뷔페,서울 성북구 돌곶이로 105,02-909-6599,37.6122466196107,127.055301153935,406,6
한울관,유비라운지 몽골음식전문점,음식점 > 아시아음식,서울 성북구 화랑로 276,,37.61187430029561,127.0594416198934,438,7
한울관,우리집,"음식점 > 한식 > 사철탕,영양탕",서울 성북구 장위로 179,,37.6160668049721,127.055314176882,198,3
한울관,홍탁나라,"음식점 > 한식 > 해물,생선",서울 성북구 장위로 169,02-915-6854,37.6152272914216,127.054869560583,229,3
한울관,사랑돈가스&김밥,"음식점 > 일식 > 돈까스,우동",서울 성북구 돌곶이로 105,02-909-6599,37.61221685459346,127.05537022007856,406,6
한울관,셰프준,음식점 > 중식 > 중국요리,서울 성북구 화랑로 265,,37.61195141856209,127.05837138453438,400,6
한울관,꽈백최선생 돌곶이점,"음식점 > 간식 > 제과,베이커리 > 꽈백최선생",서울 성북구 돌곶이로 91,02-941-3777,37.61125412584087,127.05636844062316,479,7
한울관,남도식당,"음식점 > 한식 > 찌개,전골",서울 노원구 광운로2길 26,,37.6173510912943,127.058272532387,219,3
한울관,두찜 노원월계점,"음식점 > 한식 > 육류,고기 > 닭요리 > 두찜",서울 노원구 광운로3길 7,02-941-7779,37.6190148309572,127.057218157923,391,6
한울관,처갓집양념치킨 광운대점,음식점 > 치킨 > 처갓집양념치킨,서울 성북구 장위로49길 1-1,02-913-1292,37.6157732247868,127.055010409979,217,3
한울관,착한식당,음식점 > 한식,서울 성북구 한천로 609,,37.6132308901437,127.06003278872,339,5
한울관,후급냉삼겹,"음식점 > 한식 > 육류,고기 > 삼겹살",서울 성북구 장위로 175,,37.6157398385459,127.055116854166,207,3
한울관,깐부치킨 장위레디언트점,음식점 > 치킨 > 깐부치킨,서울 성북구 돌곶이로30길 24,02-941-9226,37.6120605214614,127.0563463974507,392,6
한울관,파파존스 광운대점,음식점 > 양식 > 피자 > 파파존스,서울 노원구 광운로 15,02-941-8959,37.61897322138736,127.05755566934126,386,6
한울관,호식이두마리치킨 장위점,음식점 > 치킨 > 호식이두마리치킨,서울 성북구 장월로38가길 17-6,02-942-8855,37.6172214733613,127.052234172295,498,7
한울관,소담밥상,음식점 > 한식,서울 노원구 광운로3길 6,,37.6190976023654,127.057464016721,400,6
한울관,김바삭군의 볼카츠마켙 광운대점,"음식점 > 일식 > 돈까스,우동",서울 노원구 광운로 17-1,02-941-6474,37.6192227412701,127.057665733535,414,6
한울관,김가네 돌곶이역점,음식점 > 분식 > 김가네,서울 성북구 돌곶이로30길 24,02-917-5989,37.6122363248558,127.05611434842922,379,6
한울관,뚝배기,음식점 > 분식,서울 노원구 광운로3길 6,,37.6191111105627,127.057477619491,402,6
한울관,해누리한식부페,음식점 > 뷔페 > 한식뷔페,서울 성북구 돌곶이로 105,02-957-7557,37.61224661961066,127.05530115393498,406,6
한울관,쉐프밥버거 광운대점,음식점 > 한식 > 주먹밥,서울 노원구 광운로 15,,37.6190749870782,127.057649761657,398,6
한울관,팬더짜장마당,음식점 > 중식 > 중국요리,서울 노원구 석계로9길 33,,37.6166983508192,127.062620309064,476,7
한울관,박대감한식부페,음식점 > 뷔페 > 한식뷔페,서울 성북구 돌곶이로27길 5,02-917-1118,37.6121890997763,127.054994178703,425,6
한울관,메가MGC커피 장위자이레디언트점,음식점 > 카페 > 커피전문점 > 메가MGC커피,서울 성북구 돌곶이로 105,02-911-0688,37.6122466196052,127.055301153935,406,6
한울관,빽다방 장위자이레디언트점,음식점 > 카페 > 커피전문점 > 빽다방,서울 성북구 돌곶이로30길 24,02-942-1007,37.61220029877509,127.0560860065367,384,6
한울관,돌곶이프레소,음식점 > 카페 > 테마카페 > 무인카페,서울 성북구 화랑로 277,010-9019-6137,37.6125644300633,127.059496533917,371,6
한울관,백억커피 돌곶이점,음식점 > 카페 > 커피전문점,서울 성북구 돌곶이로 101,0502-5551-8039,37.6119626597115,127.055616936089,423,6
한울관,커피마마퀸 돌곶이점,음식점 > 카페 > 커피마마퀸,서울 성북구 돌곶이로27길 5,1644-2968,37.61217830690739,127.05495339742136,428,6
한울관,모모,음식점 > 카페,서울 노원구 석계로9길 33,070-7612-1132,37.61669744983151,127.06262030830825,476,7
한울관,카페프리헷 월계현대점,음식점 > 카페 > 테마카페 > 무인카페 > 카페프리헷,서울 노원구 석계로 49,0507-1418-4353,37.6170128081547,127.062596786796,485,7
한울관,카페만남,음식점 > 카페,서울 성북구 장위로 159,,37.614729445197746,127.05400159920035,315,5
한울관,CU 장위레디언트점,"가정,생활 > 편의점 > CU",서울 성북구 돌곶이로30길 24,,37.612105659968165,127.05615955391035,392,6
한울관,GS25 장위메인점,"가정,생활 > 편의점 > GS25",서울 성북구 화랑로37길 42,,37.61353751891293,127.05763869091541,217,3
한울관,GS25 장위사거리점,"가정,생활 > 편의점 > GS25",서울 성북구 돌곶이로 134,,37.6144044400917,127.053448642504,372,6
한울관,GS25 성북장위점,"가정,생활 > 편의점 > GS25",서울 성북구 화랑로33길 39,02-912-0177,37.6118721620462,127.054540910134,476,7
한울관,세븐일레븐 장위푸르지오점,"가정,생활 > 편의점 > 세븐일레븐",서울 성북구 화랑로 299,,37.6136395264123,127.060838406294,363,5
한울관,GS25 현대대로점,"가정,생활 > 편의점 > GS25",서울 노원구 석계로 49,,37.61700197646387,127.06263415568448,488,7
한울관,GS25 장위온누리점,"가정,생활 > 편의점 > GS25",서울 성북구 화랑로 271,02-941-7480,37.6121332147398,127.058781524894,390,6
한울관,씨스페이스24 장위자이점,"가정,생활 > 편의점 > 씨스페이스24",서울 성북구 화랑로39길 11-8,,37.6132015490846,127.059258061195,300,4
한울관,데이앤나잇 장위제일점,"가정,생활 > 편의점",서울 성북구 장위로 169,,37.61526691540411,127.05491149735762,224,3
한울관,무명칼국수,음식점 > 한식 > 국수 > 칼국수,서울 노원구 석계로7길 4,02-941-7776,37.6167291943623,127.063909303813,436,7
한울관,엄마마늘보쌈,"음식점 > 한식 > 육류,고기 > 족발,보쌈",서울 노원구 석계로 16,02-913-9222,37.61634956798561,127.06447983742864,493,7
한울관,기와집,"음식점 > 한식 > 육류,고기 > 갈비",서울 노원구 석계로 35,02-917-2111,37.617917679130045,127.06375854199334,308,5
한울관,남송통닭,음식점 > 치킨,서울 노원구 석계로3길 30,02-916-5127,37.6162646228489,127.063281415581,474,7
한울관,청계천8가삼성곱창,"음식점 > 한식 > 육류,고기 > 곱창,막창",서울 노원구 석계로3길 32,02-909-6660,37.6163548077667,127.063120654871,462,7
한울관,미가양꼬치,음식점 > 중식 > 양꼬치,서울 노원구 석계로 31,02-942-3432,37.6175401053181,127.063869221622,350,5
한울관,최대포소금구이,"음식점 > 한식 > 육류,고기",서울 노원구 석계로7길 14,,37.6163473444505,127.063596363995,470,7
한울관,교촌치킨 석계역점,음식점 > 치킨 > 교촌치킨,서울 노원구 석계로 31,02-909-9229,37.61751126329202,127.06388845239921,354,5
한울관,석계3층집,"음식점 > 한식 > 육류,고기 > 오리",서울 노원구 석계로 21,02-942-3752,37.6166569801302,127.064158427311,451,7
한울관,하남돼지집 석계점,"음식점 > 한식 > 육류,고기 > 삼겹살 > 하남돼지집",서울 노원구 석계로9길 17,02-941-9753,37.6171764503485,127.063230085601,374,6
한울관,햇살머믄꼬마김밥 석계역점,음식점 > 분식,서울 노원구 화랑로45길 42,02-977-2236,37.6169302666552,127.065277734779,467,7
한울관,향원,음식점 > 중식 > 중국요리,서울 노원구 석계로 27,02-941-3344,37.6172697795988,127.063923358541,380,6
한울관,더스시쟁이,"음식점 > 일식 > 초밥,롤",서울 노원구 석계로 18,,37.61643518533167,127.06443687039096,483,7
한울관,저팔계족발,"음식점 > 한식 > 육류,고기 > 족발,보쌈",서울 노원구 석계로7길 5,02-942-8877,37.6165777547375,127.064045093311,456,7
한울관,파리바게뜨 석계역점,"음식점 > 간식 > 제과,베이커리 > 파리바게뜨",서울 노원구 마들로 31,02-975-8203,37.61872492215285,127.06708481458148,454,7
한울관,마작카페 소소마장,"가정,생활 > 여가시설 > 보드카페",서울 노원구 석계로7길 18,010-5397-0066,37.61621765405028,127.06349997796345,483,7
한울관,슬슬커피,음식점 > 카페 > 커피전문점,서울 노원구 석계로11길 35,02-6404-5714,37.6168269761962,127.063025910313,409,6
한울관,읍천리382 석계역점,음식점 > 카페 > 커피전문점 > 읍천리382,서울 노원구 석계로5길 11,010-7774-3820,37.616181439168926,127.06382501865565,493,7
한울관,카페한나,음식점 > 카페 > 테마카페 > 무인카페,서울 노원구 마들로1길 44,,37.623634313423,127.064001305124,375,6
한울관,데이롱카페 석계역점,음식점 > 카페 > 테마카페 > 무인카페 > 데이롱카페,서울 노원구 석계로3길 30,,37.61626912110593,127.0632938785934,474,7
한울관,커피앤,음식점 > 카페,서울 노원구 마들로 59,,37.620918376388566,127.06787289670777,481,7
한울관,더까까주까 석계점,음식점 > 카페 > 커피전문점,서울 노원구 석계로8길 6,,37.616714443244334,127.06452545896374,457,7
한울관,달보드레24 월계점,음식점 > 카페 > 테마카페 > 디저트카페,서울 노원구 마들로 59,,37.6210219957551,127.06786279637,482,7
한울관,CU 월계서광점,"가정,생활 > 편의점 > CU",서울 노원구 마들로1길 44,,37.62368833081725,127.06407837960263,383,6
한울관,GS25 월계미성점,"가정,생활 > 편의점 > GS25",서울 노원구 마들로 59,02-978-5695,37.6212751672267,127.067873221074,487,7
한울관,CU 월계코스모스점,"가정,생활 > 편의점 > CU",서울 노원구 석계로7길 18,,37.61624917826,127.063519259895,480,7
한울관,GS25 월계석계역점,"가정,생활 > 편의점 > GS25",서울 노원구 석계로 22,080-999-5425,37.6169127347821,127.064389710595,432,6
한울관,차이나칸,음식점 > 중식 > 중국요리,서울 성북구 월계로40길 7,02-909-2246,37.6228957394869,127.048368650512,447,7
한울관,온정집 장위점,"음식점 > 한식 > 육류,고기",서울 성북구 장월로 148,02-909-8808,37.6178985329858,127.051282062581,305,5
한울관,60계치킨 서울장위뉴타운점,음식점 > 치킨 > 60계치킨,서울 성북구 돌곶이로40길 46,02-909-6043,37.62012113251409,127.04949390247536,263,4
한울관,배스킨라빈스 장위래미안점,음식점 > 간식 > 아이스크림 > 배스킨라빈스,서울 성북구 한천로99길 45,02-909-7024,37.62035075180222,127.04980894990817,232,3
한울관,짬뽕관 장위뉴타운점,음식점 > 중식 > 중국요리 > 짬뽕관,서울 성북구 월계로36길 27,02-909-4132,37.61985770085404,127.04814580399481,385,6
한울관,화포식당 장위뉴타운점,"음식점 > 한식 > 육류,고기",서울 성북구 돌곶이로40길 46,02-909-1284,37.6201229254656,127.049515425214,261,4
한울관,파리바게뜨 장위뉴타운점,"음식점 > 간식 > 제과,베이커리 > 파리바게뜨",서울 성북구 한천로 713,02-942-5627,37.61959537145436,127.05063758612393,187,3
한울관,정담초밥 장위점,"음식점 > 일식 > 초밥,롤",서울 성북구 장월로 144,02-942-7773,37.61771216934038,127.05095685641248,334,5
한울관,돌쌈,음식점 > 한식 > 쌈밥,서울 성북구 장월로26길 11,02-909-6665,37.61737790776254,127.05094530158078,369,6
한울관,육회바른연어 장위뉴타운점,"음식점 > 한식 > 해물,생선 > 회 > 육회바른연어",서울 성북구 한천로 713,02-942-8886,37.62001721364491,127.05021650354267,203,3
한울관,피자헛 월계2호점,음식점 > 양식 > 피자 > 피자헛,서울 성북구 한천로 735,02-902-2777,37.6219025617684,127.05160481197089,173,3
한울관,오블랑쉬,"음식점 > 간식 > 제과,베이커리",서울 성북구 돌곶이로40길 46,070-7809-8403,37.617703337491676,127.04839360362661,472,7
한울관,써브웨이 장위뉴타운점,음식점 > 패스트푸드 > 샌드위치 > 써브웨이,서울 성북구 돌곶이로40길 46,02-941-0678,37.61767992573921,127.04835960817046,476,7
한울관,우리풍천장어,"음식점 > 한식 > 해물,생선 > 장어",서울 성북구 장월로 148-1,02-911-0908,37.61798047950422,127.0513817947584,293,4
한울관,옹심이네칼국수,음식점 > 한식 > 국수 > 칼국수,서울 성북구 장월로32길 5,02-914-1742,37.6175751506231,127.051115337331,344,5
한울관,양평칼국수 장위점,음식점 > 한식 > 국수 > 칼국수,서울 성북구 한천로99길 64,02-941-9504,37.6202214322432,127.048797349467,322,5
한울관,맘스터치 장위뉴타운점,음식점 > 패스트푸드 > 맘스터치,서울 성북구 돌곶이로40길 46,02-909-3917,37.619014275288656,127.05054204552454,234,4
한울관,김가네 장위뉴타운점,음식점 > 분식 > 김가네,서울 성북구 돌곶이로40길 46,02-909-5237,37.61985705035302,127.04971460568626,250,4
한울관,그녀의떡볶이,음식점 > 분식 > 떡볶이,서울 성북구 장월로41길 61,02-909-8797,37.6213702663885,127.050755461359,177,3
한울관,1번지통닭 장위뉴타운점,음식점 > 치킨,서울 성북구 장월로38길 10,02-942-8514,37.6177676497533,127.051831321226,306,5
한울관,자담치킨 월계광운대점,음식점 > 치킨 > 자담치킨,서울 노원구 월계로42길 97,02-943-0722,37.621418549620316,127.0536292372504,147,2
한울관,은하닭강정,음식점 > 간식 > 닭강정,서울 성북구 한천로 713,02-2135-5366,37.6200730772745,127.050210877555,202,3
한울관,한일각,음식점 > 중식 > 중국요리,서울 성북구 월계로38길 51,,37.6202288507577,127.04828536725,367,6
한울관,큰손손만두찐빵 장위점,음식점 > 분식,서울 성북구 장월로 134,02-941-2865,37.6171403947877,127.050133016654,424,6
한울관,하늘이야기,음식점 > 분식,서울 성북구 장월로 142,02-910-8253,37.6175770934491,127.050789128403,354,5
한울관,샐러디 장위뉴타운점,음식점 > 샐러드 > 샐러디,서울 성북구 장월로 134,02-943-1610,37.617154800972784,127.05015567968935,421,6
한울관,바르다김선생 장위뉴타운점,음식점 > 분식 > 바르다김선생,서울 성북구 돌곶이로40길 46,02-942-0678,37.61768443068362,127.04835961108847,476,7
한울관,본죽&비빔밥cafe 장위뉴타운점,음식점 > 퓨전요리 > 퓨전한식 > 본죽&비빔밥cafe,서울 성북구 월계로40길 7,02-941-6277,37.62282366145491,127.04836633830378,443,7
한울관,가마로강정 장위점,음식점 > 간식 > 닭강정 > 가마로강정,서울 성북구 돌곶이로40길 46,02-943-7292,37.619821934730524,127.04966021229222,256,4
한울관,진미 숯불닭갈비,"음식점 > 한식 > 육류,고기 > 닭요리",서울 성북구 돌곶이로 178,,37.6167351299243,127.049707996407,481,7
한울관,돌쇠솥뚜껑생삼겹,"음식점 > 한식 > 육류,고기 > 삼겹살",서울 성북구 장월로26길 7,02-6369-7007,37.6173518659902,127.050743668359,379,6
한울관,원할머니보쌈족발 장위점,"음식점 > 한식 > 육류,고기 > 족발,보쌈 > 원할머니보쌈족발",서울 성북구 월계로40길 7,02-942-5382,37.6228813236948,127.048368641172,446,7
한울관,BBQ 장위뉴타운점,음식점 > 치킨 > BBQ,서울 성북구 월계로40길 7,02-912-3357,37.62310118772226,127.04831214570928,465,7
한울관,재개발부동산,음식점 > 퓨전요리,서울 성북구 장월로 138,070-7585-3328,37.61741050798324,127.05056248069381,379,6
한울관,한양왕족발 장위점,"음식점 > 한식 > 육류,고기 > 족발,보쌈",서울 성북구 장월로26길 5,02-943-0575,37.617361811896345,127.05066212278824,380,6
한울관,미치게 먹고 싶은 날,"음식점 > 술집 > 호프,요리주점",서울 성북구 장월로 148-1,02-2039-3759,37.617978677041,127.051382926199,293,4
한울관,조선아구해물찜 장위점,"음식점 > 한식 > 해물,생선 > 아구",서울 성북구 장월로26길 25,02-908-0908,37.6172171988924,127.051710876207,368,6
한울관,스타벅스 장위뉴타운점,음식점 > 카페 > 커피전문점 > 스타벅스,서울 성북구 장월로38길 4,1522-3232,37.61806331358951,127.05151211017781,281,4
한울관,메가MGC커피 장위뉴타운점,음식점 > 카페 > 커피전문점 > 메가MGC커피,서울 성북구 돌곶이로40길 46,02-942-7388,37.618829544198,127.050608749392,245,4
한울관,메가MGC커피 번동중앙점,음식점 > 카페 > 커피전문점 > 메가MGC커피,서울 성북구 월계로40길 7,02-942-8887,37.62308051458416,127.04819092722265,472,7
한울관,별콩다방,음식점 > 카페,서울 성북구 장월로 136,010-7512-7347,37.61723943936131,127.05028372818309,407,6
한울관,컴포즈커피 꿈의숲아이파크점,음식점 > 카페 > 커피전문점 > 컴포즈커피,서울 성북구 돌곶이로40길 46,02-6498-8468,37.61741392059956,127.0488781996837,464,7
한울관,이디야커피 장위동점,음식점 > 카페 > 커피전문점 > 이디야커피,서울 성북구 월계로40길 7,02-943-9094,37.623173269920365,127.04830426304194,471,7
한울관,이디야커피 장위뉴타운점,음식점 > 카페 > 커피전문점 > 이디야커피,서울 성북구 장월로 144-1,02-909-4385,37.6177301587552,127.051027094653,330,5
한울관,빽다방 장위뉴타운점,음식점 > 카페 > 커피전문점 > 빽다방,서울 성북구 장월로 140,02-941-1016,37.617496058593325,127.05066334654818,367,6
한울관,우지커피 장위뉴타운점,음식점 > 카페 > 커피전문점 > 우지커피,서울 성북구 한천로 713,,37.61921679325695,127.05101678365784,188,3
한울관,요거트월드 장위점,음식점 > 카페 > 테마카페 > 디저트카페 > 요거트월드,서울 성북구 월계로40길 7,,37.6229470841289,127.048397002679,449,7
한울관,달빛아래핀카페,음식점 > 카페,서울 노원구 월계로42길 9,,37.6241498360884,127.050699579689,434,7
한울관,알엔비스커피,음식점 > 카페 > 커피전문점,서울 성북구 월계로40길 7,,37.6228668948975,127.048400348957,443,7
한울관,밀버터,음식점 > 카페,서울 성북구 한천로99길 52,,37.6205690062166,127.0492959734,277,4
한울관,노리앤노리,"가정,생활 > 유아 > 놀이시설 > 키즈카페",서울 성북구 월계로40길 7,,37.6229461836119,127.048395869339,449,7
한울관,CU 장위퍼스트하이점,"가정,생활 > 편의점 > CU",서울 성북구 한천로 713,,37.619261862218,127.050971506451,188,3
한울관,GS25 성북꿈의숲점,"가정,생활 > 편의점 > GS25",서울 성북구 월계로36길 27,080-999-5425,37.619727191235256,127.04781723476461,416,6
한울관,세븐일레븐 성북본점,"가정,생활 > 편의점 > 세븐일레븐",서울 성북구 한천로99길 45,,37.62041111030449,127.04982711365625,230,3
한울관,CU 장위포레카운티점,"가정,생활 > 편의점 > CU",서울 성북구 장월로 160,,37.617999061866804,127.05215316324293,277,4
한울관,GS25 장위뉴타운점,"가정,생활 > 편의점 > GS25",서울 성북구 월계로40길 7,,37.62284529628322,127.04833916621386,446,7
한울관,이마트24 R꿈의숲아이파크점,"가정,생활 > 편의점 > 이마트24",서울 성북구 돌곶이로40길 46,02-941-7770,37.618108138045486,127.04776296179594,490,7
누리관,하이레,"음식점 > 일식 > 돈까스,우동",서울 노원구 광운로12길 6,,37.62096077851908,127.05941713733176,397,6
누리관,화로상회 광운대점,음식점 > 뷔페 > 고기뷔페,서울 노원구 광운로 37,02-941-2292,37.62077461782266,127.05873055905124,334,5
누리관,진미통닭,음식점 > 치킨,서울 노원구 광운로 45,02-918-3492,37.6214654962473,127.059089046317,382,6
누리관,윤스쿡,"음식점 > 일식 > 돈까스,우동",서울 노원구 광운로 29,,37.6203107561798,127.058434555295,305,5
누리관,수해복마라탕 광운대점,음식점 > 중식 > 중국요리,서울 노원구 광운로 39,02-917-3303,37.6210745477174,127.058929022312,357,5
누리관,도미노피자 월계점,음식점 > 양식 > 피자 > 도미노피자,서울 노원구 광운로 52,02-915-3082,37.6219391607872,127.059595756284,443,7
누리관,디델리 광운대점,음식점 > 분식,서울 노원구 광운로 31,02-3292-1194,37.6204440641234,127.058511684455,312,5
누리관,이층집,"음식점 > 한식 > 찌개,전골",서울 노원구 광운로 17-5,02-941-3588,37.6193669821635,127.057495939695,248,4
누리관,김밥천국,음식점 > 분식,서울 노원구 광운로 33,02-942-7804,37.620528733322885,127.05855932501957,316,5
누리관,온정집 장위점,"음식점 > 한식 > 육류,고기",서울 성북구 장월로 148,02-909-8808,37.6178985329858,127.051282062581,426,6
누리관,미식성,음식점 > 중식 > 중국요리,서울 노원구 광운로 9,02-915-6020,37.6187111624562,127.057291550168,275,4
누리관,팔팔전어횟집,"음식점 > 한식 > 해물,생선 > 회",서울 노원구 광운로 25,02-914-8876,37.6200477642131,127.058239523003,290,4
누리관,꽃제비칼국수,음식점 > 한식 > 국수 > 칼국수,서울 노원구 광운로12길 13,02-911-8371,37.6213083069597,127.05991694832,448,7
누리관,영축산정육식당,"음식점 > 한식 > 육류,고기",서울 노원구 광운로 52,02-915-6221,37.6217895178956,127.059751954723,450,7
누리관,파리바게뜨 장위뉴타운점,"음식점 > 간식 > 제과,베이커리 > 파리바게뜨",서울 성북구 한천로 713,02-942-5627,37.61959537145436,127.05063758612393,392,6
누리관,맛불,음식점 > 한식,서울 노원구 광운로 39,010-3489-3056,37.6210709511218,127.058914294016,356,5
누리관,푸른스시,"음식점 > 일식 > 초밥,롤",서울 노원구 광운로 33,0503-7150-4889,37.620592674732514,127.05861714390358,322,5
누리관,배스킨라빈스 장위래미안점,음식점 > 간식 > 아이스크림 > 배스킨라빈스,서울 성북구 한천로99길 45,02-909-7024,37.62035075180222,127.04980894990817,456,7
누리관,60계치킨 서울장위뉴타운점,음식점 > 치킨 > 60계치킨,서울 성북구 돌곶이로40길 46,02-909-6043,37.62012113251409,127.04949390247536,484,7
누리관,정담초밥 장위점,"음식점 > 일식 > 초밥,롤",서울 성북구 장월로 144,02-942-7773,37.61771216934038,127.05095685641248,461,7
누리관,화포식당 장위뉴타운점,"음식점 > 한식 > 육류,고기",서울 성북구 돌곶이로40길 46,02-909-1284,37.6201229254656,127.049515425214,482,7
누리관,돌쌈,음식점 > 한식 > 쌈밥,서울 성북구 장월로26길 11,02-909-6665,37.61737790776254,127.05094530158078,486,7
누리관,동대문엽기떡볶이 월계점,음식점 > 분식 > 떡볶이 > 동대문엽기떡볶이,서울 노원구 광운로 39,02-911-8591,37.6210601206078,127.05895166547,359,5
누리관,피자헛 월계2호점,음식점 > 양식 > 피자 > 피자헛,서울 성북구 한천로 735,02-902-2777,37.6219025617684,127.05160481197089,343,5
누리관,중화호반닭갈비 광운대점,"음식점 > 한식 > 육류,고기 > 닭요리",서울 노원구 광운로 53,02-942-0799,37.6224564534593,127.059345831815,450,7
누리관,목포홍탁,"음식점 > 한식 > 해물,생선",서울 노원구 광운로1길 10,02-914-3703,37.61867438098913,127.05696304151887,257,4
누리관,육회바른연어 장위뉴타운점,"음식점 > 한식 > 해물,생선 > 회 > 육회바른연어",서울 성북구 한천로 713,02-942-8886,37.62001721364491,127.05021650354267,422,6
누리관,브레댄코 광운대점,"음식점 > 간식 > 제과,베이커리 > 브레댄코",서울 노원구 광운로 20,02-941-6108,37.61945936520447,127.05834893621858,314,5
누리관,청년다방 광운대점,음식점 > 분식 > 떡볶이 > 청년다방,서울 노원구 광운로 44,02-6085-9124,37.62135716432966,127.05951373500557,415,6
누리관,신연마라탕,음식점 > 중식,서울 노원구 광운로 35,02-909-2838,37.6206962708118,127.058652339616,326,5
누리관,써브웨이 광운대역점,음식점 > 패스트푸드 > 샌드위치 > 써브웨이,서울 노원구 광운로 57,02-942-7779,37.62266353825251,127.05962805159403,483,7
누리관,이삭토스트 광운대점,음식점 > 간식 > 토스트 > 이삭토스트,서울 노원구 광운로 37-1,02-943-0799,37.620878192415546,127.0588087985225,343,5
누리관,경대컵밥 광운대점,음식점 > 도시락,서울 노원구 광운로 17-13,02-941-1047,37.619597802211,127.057151775086,210,3
누리관,스시덤,"음식점 > 일식 > 초밥,롤",서울 노원구 광운로2길 6,02-2088-8070,37.6180921113138,127.057440589225,333,5
누리관,양드림,"음식점 > 한식 > 육류,고기",서울 노원구 광운로2길 27,02-943-3408,37.617420329985926,127.05855009108576,454,7
누리관,우리풍천장어,"음식점 > 한식 > 해물,생선 > 장어",서울 성북구 장월로 148-1,02-911-0908,37.61798047950422,127.0513817947584,413,6
누리관,카츠백 월계점,"음식점 > 일식 > 돈까스,우동 > 카츠백",서울 노원구 광운로 44,02-6953-2204,37.621340953417,127.059500129304,413,6
누리관,장수국수 광운대점,음식점 > 한식 > 국수,서울 노원구 광운로 27,070-8111-2595,37.6202243174404,127.058321216179,295,4
누리관,옹심이네칼국수,음식점 > 한식 > 국수 > 칼국수,서울 성북구 장월로32길 5,02-914-1742,37.6175751506231,127.051115337331,460,7
누리관,자담치킨 월계광운대점,음식점 > 치킨 > 자담치킨,서울 노원구 월계로42길 97,02-943-0722,37.621418549620316,127.0536292372504,166,2
누리관,밥은화 광운대본점,음식점 > 한식,서울 노원구 광운로12길 11,02-3292-7979,37.6212795351311,127.059799121243,437,7
누리관,맘스터치 광운대점,음식점 > 패스트푸드 > 맘스터치,서울 노원구 광운로 33,02-941-7674,37.6205710814027,127.058555960075,316,5
누리관,1번지통닭 장위뉴타운점,음식점 > 치킨,서울 성북구 장월로38길 10,02-942-8514,37.6177676497533,127.051831321226,400,6
누리관,지지고 광운대점,음식점 > 도시락 > 지지고,서울 노원구 광운로 27,02-942-8212,37.6201936642727,127.05836083723,299,4
누리관,맘스터치 장위뉴타운점,음식점 > 패스트푸드 > 맘스터치,서울 성북구 돌곶이로40길 46,02-909-3917,37.619014275288656,127.05054204552454,419,6
누리관,스타벅스 장위뉴타운점,음식점 > 카페 > 커피전문점 > 스타벅스,서울 성북구 장월로38길 4,1522-3232,37.61806331358951,127.05151211017781,398,6
누리관,1일1잔,음식점 > 카페 > 테마카페 > 디저트카페,서울 노원구 광운로2길 6,,37.6180767967353,127.057436046716,334,5
누리관,월계청춘카페,음식점 > 카페,서울 노원구 광운로 44,070-4174-7755,37.6213607728479,127.059504676027,414,6
누리관,빠말,음식점 > 카페 > 테마카페 > 디저트카페,서울 노원구 광운로 7,070-7677-8341,37.6185733102653,127.057293709771,285,4
누리관,컴포즈커피 광운대80주년기념관점,음식점 > 카페 > 커피전문점 > 컴포즈커피,서울 노원구 광운로 20,02-909-1617,37.62030155947812,127.05881060974359,338,5
누리관,메가MGC커피 장위뉴타운점,음식점 > 카페 > 커피전문점 > 메가MGC커피,서울 성북구 돌곶이로40길 46,02-942-7388,37.618829544198,127.050608749392,421,6
누리관,카페니니,음식점 > 카페,서울 노원구 광운로 59,02-2138-1884,37.6227500329914,127.05962812068,488,7
누리관,메가MGC커피 광운대점,음식점 > 카페 > 커피전문점 > 메가MGC커피,서울 노원구 광운로 35,02-942-1005,37.62068904770362,127.05868291742625,329,5
누리관,설빙 광운대점,음식점 > 카페 > 테마카페 > 디저트카페 > 설빙,서울 노원구 광운로 25,02-6953-9749,37.6200694057919,127.058203293092,286,4
누리관,카페베르데,음식점 > 카페,서울 노원구 광운로 17-3,,37.6192876400272,127.057609148638,261,4
누리관,광운커피,음식점 > 카페,서울 노원구 광운로 25,010-4190-3569,37.6200685020056,127.058208955948,287,4
누리관,공차 광운대점,음식점 > 카페 > 공차,서울 노원구 광운로 20,02-943-8523,37.62001145287181,127.05878772699671,338,5
누리관,매머드익스프레스 광운대정문점,음식점 > 카페 > 커피전문점 > 매머드익스프레스,서울 노원구 광운로 27,,37.6202171095369,127.058321210548,295,4
누리관,요거프레소 광운대점,음식점 > 카페 > 테마카페 > 디저트카페 > 요거프레소,서울 노원구 광운로 17-9,,37.6194139216729,127.057314743468,232,3
누리관,빽다방 광운대점,음식점 > 카페 > 커피전문점 > 빽다방,서울 노원구 광운로 43,070-7752-5322,37.62131326117863,127.05902549288251,372,6
누리관,성북시니어 클럽 장위지점,음식점 > 카페 > 커피전문점,서울 성북구 한천로 708,,37.6200887443682,127.053513878053,132,2
누리관,서울수플레,음식점 > 카페,서울 노원구 광운로17길 13,0504-823-0663,37.6224215775715,127.058821341782,408,6
누리관,이디야커피 장위뉴타운점,음식점 > 카페 > 커피전문점 > 이디야커피,서울 성북구 장월로 144-1,02-909-4385,37.6177301587552,127.051027094653,455,7
누리관,메타킹커피 광운대점,음식점 > 카페,서울 노원구 광운로12길 5,,37.6212247477794,127.059456992958,406,6
누리관,빽다방 장위뉴타운점,음식점 > 카페 > 커피전문점 > 빽다방,서울 성북구 장월로 140,02-941-1016,37.617496058593325,127.05066334654818,496,7
누리관,이디야커피 광운대점,음식점 > 카페 > 커피전문점 > 이디야커피,서울 노원구 광운로 29,02-942-0937,37.6203251764627,127.058425504853,304,5
누리관,우지커피 장위뉴타운점,음식점 > 카페 > 커피전문점 > 우지커피,서울 성북구 한천로 713,,37.61921679325695,127.05101678365784,372,6
누리관,카페인24 꿈의숲 SK뷰점,음식점 > 카페 > 테마카페 > 무인카페 > 카페인24,서울 노원구 월계로44길 68-6,0506-429-0611,37.622302010715,127.052532240842,304,5
누리관,커피정원,음식점 > 카페,서울 성북구 한천로 708,,37.6200888054192,127.053379085298,144,2
누리관,롯오브젝트,음식점 > 카페,서울 노원구 광운로3길 7,,37.619014830962605,127.05721815792296,248,4
누리관,CU 광운대점,"가정,생활 > 편의점 > CU",서울 노원구 광운로1길 60,02-909-8384,37.62039350156694,127.05498776159637,2,0
누리관,GS25 월계꿈의숲점,"가정,생활 > 편의점 > GS25",서울 노원구 월계로42길 97,,37.621412232406634,127.05365188736572,164,2
누리관,CU 장위퍼스트하이점,"가정,생활 > 편의점 > CU",서울 성북구 한천로 713,,37.619261862218,127.050971506451,374,6
누리관,CU 광운대원룸점,"가정,생활 > 편의점 > CU",서울 노원구 광운로15길 23,,37.62153814533509,127.05793937823357,292,4
누리관,세븐일레븐 성북본점,"가정,생활 > 편의점 > 세븐일레븐",서울 성북구 한천로99길 45,,37.62041111030449,127.04982711365625,454,7
누리관,CU 장위포레카운티점,"가정,생활 > 편의점 > CU",서울 성북구 장월로 160,,37.617999061866804,127.05215316324293,362,5
누리관,세븐일레븐 광운스퀘어점,"가정,생활 > 편의점 > 세븐일레븐",서울 노원구 광운로 20,,37.61999081299385,127.05862120221462,324,5
누리관,CU 노원월계점,"가정,생활 > 편의점 > CU",서울 노원구 월계로44가길 19,02-910-8605,37.623524318881,127.053271663575,381,6
누리관,GS25 광운사랑점,"가정,생활 > 편의점 > GS25",서울 노원구 광운로 17-11,,37.6195112503095,127.05726951003,223,3
누리관,GS25 광운행운점,"가정,생활 > 편의점 > GS25",서울 노원구 광운로 5,080-999-5425,37.6184661312172,127.05721433937,289,4
누리관,세븐일레븐 광운대원룸점,"가정,생활 > 편의점 > 세븐일레븐",서울 노원구 광운로2가길 23,,37.61810018357334,127.05933557310284,459,7
누리관,CU 광운대기숙사점,"가정,생활 > 편의점 > CU",서울 노원구 광운로 21,053-857-9427,37.62148487572864,127.05630820027189,170,3
누리관,GS25 광운문화관점,"가정,생활 > 편의점 > GS25",서울 노원구 광운로 21,02-942-2533,37.61982824130036,127.05759144242984,238,4
누리관,제로스토어 광운대점,"가정,생활 > 편의점",서울 노원구 광운로 15,0507-1416-3208,37.6190155528723,127.05758628477295,274,4
누리관,화돌농장 노원점,"음식점 > 한식 > 육류,고기",서울 노원구 광운로 133,02-912-5293,37.6283333023198,127.058114578353,430,6
누리관,용궁중화요리,음식점 > 중식 > 중국요리,서울 노원구 월계로 325,02-990-1901,37.6289610764237,127.05670127383,426,6
누리관,또와집순대국,음식점 > 한식 > 순대,서울 노원구 광운로19길 13,02-943-2207,37.62326079906855,127.05981316864523,486,7
누리관,교촌치킨 인덕대점,음식점 > 치킨 > 교촌치킨,서울 노원구 초안산로2라길 26,02-908-1991,37.62937268070159,127.05700519125762,479,7
누리관,전주밥상쌈밥,음식점 > 한식 > 쌈밥,서울 노원구 광운로 61,02-3292-0118,37.62296447243826,127.05961922991156,488,7
누리관,최환기쌈밥칼국수,음식점 > 한식 > 쌈밥,서울 노원구 광운로19가길 2,02-911-5402,37.62378064715679,127.05985549760452,465,7
누리관,기영이숯불두마리치킨 노원월계점,음식점 > 치킨 > 기영이숯불두마리치킨,서울 노원구 월계로45길 21,02-900-5777,37.62668159815992,127.05072508835528,402,6
누리관,돈장군 광운대본점,"음식점 > 한식 > 육류,고기",서울 노원구 광운로 69,02-941-8276,37.6234201402204,127.0600760973566,499,7
누리관,떡볶이참잘하는집 떡참 노원월계점,음식점 > 분식 > 떡볶이 > 떡볶이참잘하는집 떡참,서울 노원구 월계로45길 21,02-904-3335,37.6266410186813,127.050806623245,394,6
누리관,파스토보이 월계점,음식점 > 양식 > 파스토보이,서울 노원구 광운로19길 11,070-4142-0308,37.62337066485688,127.05992086909748,489,7
누리관,파리바게뜨 월계롯데점,"음식점 > 간식 > 제과,베이커리 > 파리바게뜨",서울 노원구 월계로45길 28,02-993-8885,37.6267219478716,127.051175975455,367,6
누리관,한솥도시락 인덕대앞점,음식점 > 도시락 > 한솥도시락,서울 노원구 월계로 325,02-900-6110,37.628907050991934,127.05663099630969,419,6
누리관,킹곱창,"음식점 > 한식 > 육류,고기 > 곱창,막창",서울 노원구 월계로45길 21,010-9049-0353,37.626522076283756,127.05083486254178,387,6
누리관,뱃고동횟집 노원월계점,"음식점 > 한식 > 해물,생선 > 회",서울 노원구 월계로45길 21,02-998-0741,37.626550944415726,127.05074992140162,395,6
누리관,또래오래 노원월계주공점,음식점 > 치킨 > 또래오래,서울 노원구 초안산로1길 15,02-900-7888,37.6265640610007,127.051667507122,320,5
누리관,월계철판곱창,"음식점 > 한식 > 육류,고기 > 곱창,막창",서울 노원구 월계로 325,02-999-3228,37.628990919302275,127.05665915456807,428,6
누리관,카페토스피아 월계점,음식점 > 패스트푸드 > 샌드위치 > 카페토스피아,서울 노원구 월계로45길 21,02-999-8595,37.6268708806563,127.050549630581,424,6
누리관,봉구스밥버거 월계동점,음식점 > 한식 > 주먹밥 > 봉구스밥버거,서울 노원구 월계로45길 21,02-904-5094,37.6266680960272,127.050695626056,404,6
누리관,영화국밥,음식점 > 한식 > 국밥,서울 노원구 초안산로 7,02-990-2861,37.6285682126425,127.054866905371,355,5
누리관,엄마손김밥&분식,음식점 > 분식,서울 노원구 광운로 69,02-943-5711,37.6234633893142,127.06007273387,497,7
누리관,달님과자,"음식점 > 간식 > 제과,베이커리",서울 노원구 초안산로 7,,37.6285943143582,127.054924699484,358,5
누리관,낙원떡방앗간,"음식점 > 간식 > 떡,한과",서울 노원구 초안산로1길 15,02-995-0730,37.62650553900794,127.05157117776511,326,5
누리관,월계관,음식점 > 중식 > 중국요리,서울 노원구 초안산로1길 15,02-998-6701,37.626564083305766,127.05161653064788,324,5
누리관,치킨멤버 월계점,음식점 > 치킨,서울 노원구 초안산로1길 15,02-997-7767,37.62661811522331,127.05167887265465,322,5
누리관,가마치통닭 월계롯데캐슬점,음식점 > 치킨 > 가마치통닭,서울 노원구 월계로45길 21,02-993-9734,37.6267041218456,127.050727369288,403,6
누리관,냉삼,"음식점 > 한식 > 육류,고기 > 삼겹살",서울 노원구 월계로 334,02-3292-5592,37.62911830941373,127.05760880581299,476,7
누리관,쮸쮸아이스크림할인점 월계점,음식점 > 간식 > 아이스크림,서울 노원구 월계로44길 68-6,010-3411-8627,37.6223029117074,127.052532241476,402,6
누리관,잇덴굿 광운대점,음식점 > 샐러드,서울 노원구 석계로18길 17,,37.6239245858966,127.060286065908,495,7
누리관,오복기사식당,음식점 > 기사식당,서울 성북구 한천로 745,,37.6226532252,127.05086507775,471,7
누리관,집밥,음식점 > 한식,서울 노원구 광운로 69,02-941-4424,37.6235057368441,127.060070502419,495,7
누리관,백번가코다리 월계점,"음식점 > 한식 > 해물,생선",서울 노원구 초안산로1길 15,02-998-1278,37.626533427959245,127.05166635310725,319,5
누리관,강정의달인 월계점,음식점 > 간식 > 닭강정,서울 노원구 월계로45길 21,02-906-3790,37.62659420150547,127.05072729458571,399,6
누리관,뽀뽀떡볶이,음식점 > 분식 > 떡볶이,서울 노원구 월계로45길 21,,37.626545945843,127.049793825861,475,7
누리관,스타벅스 월계역점,음식점 > 카페 > 커피전문점 > 스타벅스,서울 노원구 초안산로2라길 26,1522-3232,37.62943828633148,127.0573484962675,498,7
누리관,메가MGC커피 노원월계초점,음식점 > 카페 > 커피전문점 > 메가MGC커피,서울 노원구 월계로45길 37,02-900-1007,37.62701059314579,127.05041038862737,442,7
누리관,빽다방 월계롯데캐슬루나점,음식점 > 카페 > 커피전문점 > 빽다방,서울 노원구 월계로45길 21,070-4333-8234,37.62666174478244,127.05079870766627,395,6
누리관,컴포즈커피 월계인덕대점,음식점 > 카페 > 커피전문점 > 컴포즈커피,서울 노원구 초안산로2라길 26,,37.62935732559807,127.05708447925561,480,7
누리관,아망프라이빗,"가정,생활 > 유아 > 놀이시설 > 키즈카페",서울 노원구 월계로 294,,37.6268792218314,127.054089685118,185,3
누리관,빽다방 월계인덕대점,음식점 > 카페 > 커피전문점 > 빽다방,서울 노원구 월계로 334,02-6014-0087,37.6290182983223,127.057612127163,467,7
누리관,달빛아래핀카페,음식점 > 카페,서울 노원구 월계로42길 9,,37.6241498360884,127.050699579689,401,6
누리관,삼녀네커피,음식점 > 카페,서울 노원구 월계로45길 21,02-994-3233,37.62665004317861,127.05077264502299,397,6
누리관,쉬에르,음식점 > 카페 > 테마카페 > 디저트카페,서울 노원구 월계로45길 21,010-9719-4279,37.626641044030414,127.05074771703657,399,6
누리관,누커피,음식점 > 카페 > 테마카페 > 디저트카페,,,37.62871316118078,127.05700015616229,411,6
누리관,GS25 인덕대후문점,"가정,생활 > 편의점 > GS25",서울 노원구 초안산로 19,,37.6295497087968,127.0541697875,469,7
누리관,GS25 월계대양점,"가정,생활 > 편의점 > GS25",서울 노원구 월계로 334,,37.62900483547959,127.05750562907016,461,7
누리관,GS25 월계주공점,"가정,생활 > 편의점 > GS25",서울 노원구 월계로45길 28,,37.6267183065549,127.051262066762,360,5
누리관,CU 월계주공점,"가정,생활 > 편의점 > CU",서울 노원구 초안산로 7,,37.6285961168576,127.054923567969,358,5
누리관,GS25 광운타운점,"가정,생활 > 편의점 > GS25",서울 노원구 광운로 79,,37.624350024722,127.059946576322,453,7
누리관,CU 월계롯데점,"가정,생활 > 편의점 > CU",서울 노원구 월계로45길 21,02-999-6266,37.6266852522124,127.05060841112984,412,6
누리관,세븐일레븐 성북역점,"가정,생활 > 편의점 > 세븐일레븐",서울 노원구 광운로 71,,37.623700361506536,127.06004800368336,484,7
누리관,불맛나는직화짬뽕전문점 장위점,음식점 > 중식 > 중국요리,서울 성북구 돌곶이로 105,02-941-5051,37.612169095823205,127.05538377577903,356,5
누리관,태성식당,음식점 > 한식,서울 성북구 화랑로33길 38,02-918-6658,37.611863006749545,127.0548546302744,388,6
누리관,대머리식당,음식점 > 한식,서울 성북구 돌곶이로 162,02-915-9233,37.6158344635536,127.051064309237,349,5
누리관,털보정육식당,"음식점 > 한식 > 육류,고기",서울 성북구 돌곶이로 157,02-909-1979,37.615456044641,127.051073111597,344,5
누리관,중화요리동우당,음식점 > 중식 > 중국요리,서울 성북구 돌곶이로 99,02-943-2182,37.6118355952225,127.055670073071,396,6
누리관,갯마을바지락칼국수,음식점 > 한식 > 국수 > 칼국수,서울 성북구 장위로 121,02-917-3024,37.613495859733064,127.05022004630105,468,7
누리관,천수촌,"음식점 > 한식 > 사철탕,영양탕",서울 성북구 장위로 145,02-914-3377,37.6140966130064,127.052757522941,241,4
누리관,메기대왕,"음식점 > 한식 > 해물,생선 > 매운탕,해물탕",서울 성북구 돌곶이로27길 35-3,02-941-8149,37.6114400749592,127.05369568885045,450,7
누리관,웍스터 돌곶이역,음식점 > 중식 > 중국요리,서울 성북구 돌곶이로27길 23-4,,37.6117191837884,127.05412853724,411,6
누리관,군산아구찜탕,"음식점 > 한식 > 해물,생선 > 아구",서울 성북구 돌곶이로 164,02-916-6263,37.6160039334442,127.050869609218,369,6
누리관,제주돈사촌 돌곶이역점,"음식점 > 한식 > 육류,고기",서울 성북구 돌곶이로 91,02-942-3063,37.61126765960384,127.0563288105807,470,7
누리관,하나마토 장위뉴타운점,음식점 > 술집 > 일본식주점,서울 성북구 화랑로 241-8,,37.6110451045795,127.056351294233,494,7
누리관,교촌치킨 석관장위점,음식점 > 치킨 > 교촌치킨,서울 성북구 화랑로 265,02-918-9925,37.61186580391614,127.05841322336893,492,7
누리관,파리바게뜨 장위레디언트점,"음식점 > 간식 > 제과,베이커리 > 파리바게뜨",서울 성북구 돌곶이로30길 24,,37.61229492947,127.056029447886,353,5
누리관,사랑한식뷔페,음식점 > 뷔페 > 한식뷔페,서울 성북구 돌곶이로 105,02-909-6599,37.6122466196107,127.055301153935,347,5
누리관,홍탁나라,"음식점 > 한식 > 해물,생선",서울 성북구 장위로 169,02-915-6854,37.6152272914216,127.054869560583,18,0
누리관,옛날웅이네손칼국수,음식점 > 한식 > 국수 > 칼국수,서울 성북구 돌곶이로27길 42,02-943-0378,37.6113393336912,127.053321865058,470,7
누리관,우리집,"음식점 > 한식 > 사철탕,영양탕",서울 성북구 장위로 179,,37.6160668049721,127.055314176882,83,1
누리관,사랑돈가스&김밥,"음식점 > 일식 > 돈까스,우동",서울 성북구 돌곶이로 105,02-909-6599,37.61221685459346,127.05537022007856,351,5
누리관,푸라닭치킨 장위점,음식점 > 치킨 > 푸라닭치킨,서울 성북구 돌곶이로27길 36,02-942-9206,37.61147622248522,127.05345787262756,452,7
누리관,처갓집양념치킨 광운대점,음식점 > 치킨 > 처갓집양념치킨,서울 성북구 장위로49길 1-1,02-913-1292,37.6157732247868,127.055010409979,45,1
누리관,좋은친구,음식점 > 한식,서울 성북구 돌곶이로34길 4-2,02-916-9257,37.6159497723709,127.051105163484,348,5
누리관,호식이두마리치킨 장위점,음식점 > 치킨 > 호식이두마리치킨,서울 성북구 장월로38가길 17-6,02-942-8855,37.6172214733613,127.052234172295,317,5
누리관,후급냉삼겹,"음식점 > 한식 > 육류,고기 > 삼겹살",서울 성북구 장위로 175,,37.6157398385459,127.055116854166,43,1
누리관,우리할매떡볶이 장위점,음식점 > 분식 > 떡볶이 > 우리할매떡볶이,서울 성북구 돌곶이로 173-1,02-943-8397,37.6163900830037,127.049633011379,485,7
누리관,큰손손만두찐빵 장위점,음식점 > 분식,서울 성북구 장월로 134,02-941-2865,37.6171403947877,127.050133016654,470,7
누리관,꽈백최선생 돌곶이점,"음식점 > 간식 > 제과,베이커리 > 꽈백최선생",서울 성북구 돌곶이로 91,02-941-3777,37.61125412584087,127.05636844062316,472,7
누리관,하늘이야기,음식점 > 분식,서울 성북구 장월로 142,02-910-8253,37.6175770934491,127.050789128403,443,7
누리관,샐러디 장위뉴타운점,음식점 > 샐러드 > 샐러디,서울 성북구 장월로 134,02-943-1610,37.617154800972784,127.05015567968935,469,7
누리관,셰프준,음식점 > 중식 > 중국요리,서울 성북구 화랑로 265,,37.61195141856209,127.05837138453438,483,7
누리관,깐부치킨 장위레디언트점,음식점 > 치킨 > 깐부치킨,서울 성북구 돌곶이로30길 24,02-941-9226,37.6120605214614,127.0563463974507,386,6
누리관,두찜 노원월계점,"음식점 > 한식 > 육류,고기 > 닭요리 > 두찜",서울 노원구 광운로3길 7,02-941-7779,37.6190148309572,127.057218157923,450,7
누리관,남도식당,"음식점 > 한식 > 찌개,전골",서울 노원구 광운로2길 26,,37.6173510912943,127.058272532387,364,5
누리관,밀칼국수,음식점 > 분식,서울 성북구 장위로37길 7,02-943-7771,37.613722818002,127.050433130745,440,7
누리관,메가MGC커피 장위자이레디언트점,음식점 > 카페 > 커피전문점 > 메가MGC커피,서울 성북구 돌곶이로 105,02-911-0688,37.6122466196052,127.055301153935,347,5
누리관,빽다방 장위자이레디언트점,음식점 > 카페 > 커피전문점 > 빽다방,서울 성북구 돌곶이로30길 24,02-942-1007,37.61220029877509,127.0560860065367,365,5
누리관,별콩다방,음식점 > 카페,서울 성북구 장월로 136,010-7512-7347,37.61723943936131,127.05028372818309,463,7
누리관,백억커피 돌곶이점,음식점 > 카페 > 커피전문점,서울 성북구 돌곶이로 101,0502-5551-8039,37.6119626597115,127.055616936089,382,6
누리관,커피마마퀸 돌곶이점,음식점 > 카페 > 커피마마퀸,서울 성북구 돌곶이로27길 5,1644-2968,37.61217830690739,127.05495339742136,354,5
누리관,깡통속별별이야기,음식점 > 카페 > 커피전문점,서울 성북구 장위로 129,0503-7154-4352,37.613728855089086,127.05106060416247,390,6
누리관,액츠29카페,음식점 > 카페,서울 성북구 돌곶이로27길 29-3,,37.6116147220423,127.054012937955,424,6
누리관,카페만남,음식점 > 카페,서울 성북구 장위로 159,,37.614729445197746,127.05400159920035,111,2
누리관,화랑로33길,음식점 > 카페,서울 성북구 화랑로33길 15,,37.6109923535871,127.0554916303,487,7
누리관,카페이공일,음식점 > 카페,서울 노원구 광운로2가길 14-16,,37.6172241794109,127.059818526685,474,7
누리관,CU 장위레디언트점,"가정,생활 > 편의점 > CU",서울 성북구 돌곶이로30길 24,,37.612105659968165,127.05615955391035,376,6
누리관,GS25 장위사거리점,"가정,생활 > 편의점 > GS25",서울 성북구 돌곶이로 134,,37.6144044400917,127.053448642504,171,3
누리관,GS25 성북장위점,"가정,생활 > 편의점 > GS25",서울 성북구 화랑로33길 39,02-912-0177,37.6118721620462,127.054540910134,389,6
누리관,GS25 장위메인점,"가정,생활 > 편의점 > GS25",서울 성북구 화랑로37길 42,,37.61353751891293,127.05763869091541,310,5
누리관,GS25 장위온누리점,"가정,생활 > 편의점 > GS25",서울 성북구 화랑로 271,02-941-7480,37.6121332147398,127.058781524894,491,7
누리관,씨스페이스24 장위자이점,"가정,생활 > 편의점 > 씨스페이스24",서울 성북구 화랑로39길 11-8,,37.6132015490846,127.059258061195,447,7
누리관,데이앤나잇 장위제일점,"가정,생활 > 편의점",서울 성북구 장위로 169,,37.61526691540411,127.05491149735762,12,0
누리관,마떡다이천 광운대본점,음식점 > 분식 > 떡볶이,서울 노원구 석계로 106,02-976-4841,37.6231064273819,127.060407743094,306,5
누리관,일심해장국 월계점,음식점 > 한식 > 해장국,서울 노원구 석계로15길 25,02-909-1640,37.621977651357454,127.06183634914686,242,4
누리관,더원,음식점 > 중식,서울 노원구 광운로 61,02-909-5477,37.6230814538525,127.05990930937736,301,5
누리관,서초우동 광운대역점,"음식점 > 일식 > 돈까스,우동",서울 노원구 석계로18길 23,02-941-0096,37.62388375193732,127.06085015246403,397,6
누리관,친친,음식점 > 중식 > 중국요리,서울 노원구 석계로18길 10-9,02-6229-4143,37.6236251301821,127.060924704224,371,6
누리관,기와집,"음식점 > 한식 > 육류,고기 > 갈비",서울 노원구 석계로 35,02-917-2111,37.617917679130045,127.06375854199334,430,6
누리관,마포연탄불고기,"음식점 > 한식 > 육류,고기 > 불고기,두루치기",서울 노원구 석계로18길 4,02-915-2826,37.623230699702965,127.0605324472798,321,5
누리관,여우곱창,"음식점 > 한식 > 육류,고기 > 곱창,막창",서울 노원구 광운로 68,02-919-3339,37.6233155258228,127.060271980912,328,5
누리관,삼대냉면,음식점 > 한식 > 냉면,서울 노원구 석계로9길 33,,37.61666051655156,127.0626066854087,472,7
누리관,여자만아구찜,"음식점 > 한식 > 해물,생선 > 아구",서울 노원구 석계로18길 10-8,02-941-1989,37.6235062163082,127.060892889771,357,5
누리관,한라산감자탕,음식점 > 한식 > 감자탕,서울 노원구 석계로15길 17,010-6482-8321,37.6223654328671,127.061151358349,244,4
누리관,와플대학 광운대캠퍼스,"음식점 > 간식 > 제과,베이커리 > 와플대학",서울 노원구 광운로 64,02-941-3890,37.62283985104657,127.06018097652368,274,4
누리관,미가양꼬치,음식점 > 중식 > 양꼬치,서울 노원구 석계로 31,02-942-3432,37.6175401053181,127.063869221622,465,7
누리관,맛닭꼬 광운대점,음식점 > 치킨 > 맛닭꼬,서울 노원구 광운로 61,02-942-3492,37.62309584950046,127.05994896746643,302,5
누리관,미미식당 월계점,"음식점 > 한식 > 육류,고기",서울 노원구 석계로18길 5,,37.6232722135876,127.06039881516,324,5
누리관,후문식당,음식점 > 분식,서울 노원구 석계로13길 25-1,02-916-8745,37.62016962097997,127.06135458099394,123,2
누리관,빈대떡신사,"음식점 > 술집 > 호프,요리주점",서울 노원구 광운로 70,02-774-9595,37.6234669008526,127.060253978908,344,5
누리관,하남돼지집 석계점,"음식점 > 한식 > 육류,고기 > 삼겹살 > 하남돼지집",서울 노원구 석계로9길 17,02-941-9753,37.6171764503485,127.063230085601,456,7
누리관,교촌치킨 석계역점,음식점 > 치킨 > 교촌치킨,서울 노원구 석계로 31,02-909-9229,37.61751126329202,127.06388845239921,468,7
누리관,사계절김밥,음식점 > 분식,서울 노원구 광운로 72,02-941-7789,37.6235588107524,127.060235928848,355,5
누리관,국수천왕 광운대점,음식점 > 한식,서울 노원구 광운로 46,02-909-1236,37.621806873755745,127.0610489543484,185,3
누리관,스타벅스 광운대점,음식점 > 카페 > 커피전문점 > 스타벅스,서울 노원구 석계로 104,1522-3232,37.6231891063632,127.060820134493,321,5
누리관,슬슬커피,음식점 > 카페 > 커피전문점,서울 노원구 석계로11길 35,02-6404-5714,37.6168269761962,127.063025910313,476,7
누리관,메가MGC커피 광운대역점,음식점 > 카페 > 커피전문점 > 메가MGC커피,서울 노원구 석계로 103,02-942-9917,37.6229242932203,127.06067039501,290,4
누리관,우우즈,음식점 > 카페,서울 노원구 광운로12길 32,,37.6212465148617,127.060942019495,129,2
누리관,요거트아이스크림의정석 광운대점,음식점 > 카페 > 테마카페 > 디저트카페 > 요거트아이스크림의정석,서울 노원구 광운로 60,010-5949-2407,37.62265074300844,127.05998599082864,253,4
누리관,커피는기억의끌림,음식점 > 카페 > 커피전문점,서울 노원구 석계로 98-1,02-911-7735,37.6234196267418,127.06107632676282,352,5
누리관,카페빈둥,음식점 > 카페 > 커피전문점,서울 노원구 석계로15길 17,,37.6223816535661,127.061145707899,246,4
누리관,오쎄,음식점 > 카페,서울 노원구 광운로 62,02-918-5508,37.6227245870602,127.060058546328,261,4
누리관,매머드익스프레스 광운대후문점,음식점 > 카페 > 커피전문점 > 매머드익스프레스,서울 노원구 석계로13길 23,,37.6202136590307,127.061566434787,141,2
누리관,모모,음식점 > 카페,서울 노원구 석계로9길 33,070-7612-1132,37.61669744983151,127.06262030830825,469,7
누리관,CORD Jr.,음식점 > 카페 > 커피전문점,서울 노원구 석계로13길 40,,37.6209499341225,127.061243082418,129,2
누리관,데이롱카페 광운대점,음식점 > 카페 > 테마카페 > 무인카페 > 데이롱카페,서울 노원구 광운로12길 38,,37.621302220658,127.061242238675,152,2
누리관,카페프리헷 월계현대점,음식점 > 카페 > 테마카페 > 무인카페 > 카페프리헷,서울 노원구 석계로 49,0507-1418-4353,37.6170128081547,127.062596786796,438,7
누리관,GS25 월계성북역점,"가정,생활 > 편의점 > GS25",서울 노원구 석계로 103,080-999-5425,37.62294498095257,127.06073837717676,293,4
누리관,이마트24 광운대역점,"가정,생활 > 편의점 > 이마트24",서울 노원구 석계로 98-1,02-6010-1032,37.623221352147,127.061187175034,334,5
누리관,GS25 광운로드점,"가정,생활 > 편의점 > GS25",서울 노원구 석계로 65,,37.6205572138281,127.0627481447,245,4
누리관,GS25 광운월계점,"가정,생활 > 편의점 > GS25",서울 노원구 광운로2나길 45,,37.6177870939132,127.060217680188,287,4
누리관,GS25 현대대로점,"가정,생활 > 편의점 > GS25",서울 노원구 석계로 49,,37.61700197646387,127.06263415568448,441,7
누리관,세븐일레븐 광운대후문점,"가정,생활 > 편의점 > 세븐일레븐",서울 노원구 석계로13길 48,,37.6212428318449,127.061094935049,138,2
누리관,스토리웨이,"가정,생활 > 편의점",서울 노원구 석계로 98-2,,37.6236870074235,127.061485474466,391,6
누리관,장위기사식당,음식점 > 기사식당,서울 성북구 돌곶이로 215,02-917-4009,37.6185214694242,127.046055131414,402,6
누리관,차이나칸,음식점 > 중식 > 중국요리,서울 성북구 월계로40길 7,02-909-2246,37.6228957394869,127.048368650512,314,5
누리관,담가화로구이 번동점,"음식점 > 한식 > 육류,고기",서울 강북구 월계로 195,02-969-1717,37.6216336823401,127.045535992662,416,6
누리관,맥도날드 서울번동DT점,음식점 > 패스트푸드 > 맥도날드,서울 강북구 월계로 191,02-6224-2100,37.62117067513775,127.04527518257626,424,6
누리관,온량,음식점 > 양식,서울 성북구 돌곶이로41가길 14-8,,37.6186967493366,127.044786625033,494,7
누리관,지화자,음식점 > 한식,서울 성북구 돌곶이로 197,02-917-0217,37.6175963944042,127.0477195928,366,5
누리관,나들목기사식당,음식점 > 기사식당,서울 성북구 돌곶이로 217,02-912-5009,37.618596301728296,127.04592605091376,407,6
누리관,짬뽕관 장위뉴타운점,음식점 > 중식 > 중국요리 > 짬뽕관,서울 성북구 월계로36길 27,02-909-4132,37.61985770085404,127.04814580399481,171,3
누리관,파피토,음식점 > 양식,서울 성북구 돌곶이로37길 14,02-941-9680,37.6170126342496,127.047521003183,430,6
누리관,해주반,음식점 > 한식 > 감자탕,서울 성북구 돌곶이로 185-1,02-942-7597,37.61700769295795,127.04859250196431,392,6
누리관,닐리 북서울꿈의숲점,음식점 > 양식 > 이탈리안 > 닐리,서울 강북구 월계로 187,02-984-1230,37.6208283216682,127.045218338769,423,6
누리관,메밀의 정석,음식점 > 한식 > 국수,서울 성북구 장월로 120,02-3298-0077,37.6163011370925,127.049030379712,459,7
누리관,오블랑쉬,"음식점 > 간식 > 제과,베이커리",서울 성북구 돌곶이로40길 46,070-7809-8403,37.617703337491676,127.04839360362661,327,5
누리관,북서울진순대,음식점 > 한식 > 순대,서울 성북구 돌곶이로 221-1,,37.6189983508261,127.045387134876,432,6
누리관,써브웨이 장위뉴타운점,음식점 > 패스트푸드 > 샌드위치 > 써브웨이,서울 성북구 돌곶이로40길 46,02-941-0678,37.61767992573921,127.04835960817046,330,5
누리관,지호한방삼계탕 북서울꿈의숲점,"음식점 > 한식 > 육류,고기 > 닭요리 > 지호한방삼계탕",서울 강북구 월계로 183,02-900-1020,37.620668911457365,127.04504946672527,436,7
누리관,노모어피자 꿈의숲점,음식점 > 양식 > 피자,서울 성북구 돌곶이로40길 46,070-8633-4797,37.61831373395113,127.04733946886323,325,5
누리관,형제식당,"음식점 > 한식 > 육류,고기",서울 성북구 돌곶이로41길 41,02-917-9942,37.6173760602096,127.046700047659,440,7
누리관,하늘이야기,음식점 > 한식 > 국수,서울 성북구 돌곶이로 220,02-942-8253,37.61906010777287,127.04644397874455,343,5
누리관,양평칼국수 장위점,음식점 > 한식 > 국수 > 칼국수,서울 성북구 한천로99길 64,02-941-9504,37.6202214322432,127.048797349467,105,2
누리관,쭈삼이,"음식점 > 한식 > 해물,생선",서울 성북구 돌곶이로 193,,37.6174160773811,127.048013972301,370,6
누리관,크레모나,"음식점 > 간식 > 제과,베이커리",서울 성북구 돌곶이로40길 46,,37.6184300389083,127.047145853047,329,5
누리관,록갈비 꿈의숲점,"음식점 > 한식 > 육류,고기 > 갈비",서울 성북구 돌곶이로 185,,37.6169707066883,127.048703479096,393,6
누리관,장위삼겹살,"음식점 > 한식 > 육류,고기 > 삼겹살",서울 성북구 돌곶이로 199-8,02-919-3809,37.6176056500366,127.047107954239,397,6
누리관,중국관,음식점 > 중식 > 중국요리,서울 성북구 장월로23길 32,02-919-3333,37.6169641638422,127.04706450825,456,7
누리관,김가네 장위뉴타운점,음식점 > 분식 > 김가네,서울 성북구 돌곶이로40길 46,02-909-5237,37.61985705035302,127.04971460568626,61,1
누리관,보보식당,"음식점 > 한식 > 육류,고기",서울 성북구 장월로23길 46,,37.617239165103996,127.04656064370353,459,7
누리관,동대문엽기떡볶이 장위점,음식점 > 분식 > 떡볶이 > 동대문엽기떡볶이,서울 성북구 돌곶이로 191,02-912-8592,37.61725381272812,127.0482268098475,378,6
누리관,백채김치찌개 장위뉴타운점,"음식점 > 한식 > 찌개,전골 > 백채김치찌개",서울 성북구 돌곶이로40길 46,02-909-2303,37.61837596290004,127.04718772830795,330,5
누리관,헤이올리버,음식점 > 양식 > 피자,서울 성북구 돌곶이로 215,0503-7151-9343,37.6185440016249,127.046035889596,402,6
누리관,장위동중국집,음식점 > 중식 > 중국요리,서울 성북구 돌곶이로39길 6-1,02-911-1190,37.6176489507321,127.046974325835,401,6
누리관,우애돈카츠 장위점,"음식점 > 일식 > 돈까스,우동",서울 성북구 돌곶이로 220,070-4833-8337,37.6190186668,127.046432626002,346,5
누리관,카페후프,음식점 > 카페,서울 성북구 장월로 126,070-8806-8488,37.6165776261971,127.049304664826,424,6
누리관,투썸플레이스 북서울꿈의숲점,음식점 > 카페 > 커피전문점 > 투썸플레이스,서울 강북구 월계로 183,02-542-7711,37.62050405409915,127.04498820042753,440,7
누리관,메가MGC커피 북서울꿈의숲점,음식점 > 카페 > 커피전문점 > 메가MGC커피,서울 성북구 돌곶이로 220,02-912-8982,37.61927745983638,127.04589701969157,379,6
누리관,무키무키 장위점,"가정,생활 > 유아 > 놀이시설 > 키즈카페",서울 성북구 장위로21다길 76,02-3292-7009,37.6168957770917,127.046842462963,474,7
누리관,메가MGC커피 번동중앙점,음식점 > 카페 > 커피전문점 > 메가MGC커피,서울 성북구 월계로40길 7,02-942-8887,37.62308051458416,127.04819092722265,339,5
누리관,세린,음식점 > 카페,서울 성북구 장월로 119,,37.6164093556387,127.04878919487157,451,7
누리관,컴포즈커피 꿈의숲아이파크점,음식점 > 카페 > 커피전문점 > 컴포즈커피,서울 성북구 돌곶이로40길 46,02-6498-8468,37.61741392059956,127.0488781996837,341,5
누리관,이디야커피 장위동점,음식점 > 카페 > 커피전문점 > 이디야커피,서울 성북구 월계로40길 7,02-943-9094,37.623173269920365,127.04830426304194,344,5
누리관,빽다방 북서울꿈의숲점,음식점 > 카페 > 커피전문점 > 빽다방,서울 성북구 돌곶이로 220,02-943-7555,37.6192161613785,127.045977403667,375,6
누리관,카페차이 장위뉴타운점,음식점 > 카페 > 커피전문점,서울 성북구 돌곶이로 211,,37.6184222730339,127.046279342323,391,6
누리관,요거트월드 장위점,음식점 > 카페 > 테마카페 > 디저트카페 > 요거트월드,서울 성북구 월계로40길 7,,37.6229470841289,127.048397002679,318,5
누리관,알엔비스커피,음식점 > 카페 > 커피전문점,서울 성북구 월계로40길 7,,37.6228668948975,127.048400348957,310,5
누리관,카페일리터 장위점,음식점 > 카페 > 커피전문점 > 카페일리터,서울 성북구 장월로23길 48,,37.6173320101497,127.04645083253,458,7
누리관,달달듬뿍커피빙수,음식점 > 카페,서울 성북구 돌곶이로41길 32,,37.6175627621982,127.04619838971,456,7
누리관,보보7080라이브,음식점 > 카페 > 테마카페 > 라이브카페,서울 성북구 월계로 172,02-911-1244,37.61926973572792,127.04489684065847,464,7
누리관,밀버터,음식점 > 카페,서울 성북구 한천로99길 52,,37.6205690062166,127.0492959734,64,1
누리관,노리앤노리,"가정,생활 > 유아 > 놀이시설 > 키즈카페",서울 성북구 월계로40길 7,,37.6229461836119,127.048395869339,318,5
누리관,프룻172,음식점 > 카페 > 생과일전문점,서울 성북구 월계로 172,,37.61931841790261,127.04482097896856,469,7
누리관,카페수,음식점 > 카페,서울 성북구 장위로21다길 76,,37.61693722972919,127.04682436633101,471,7
누리관,GS25 성북꿈의숲점,"가정,생활 > 편의점 > GS25",서울 성북구 월계로36길 27,080-999-5425,37.619727191235256,127.04781723476461,203,3
누리관,GS25 장위뉴타운점,"가정,생활 > 편의점 > GS25",서울 성북구 월계로40길 7,,37.62284529628322,127.04833916621386,310,5
누리관,GS25 장위신일점,"가정,생활 > 편의점 > GS25",서울 성북구 월계로 172,080-999-5425,37.6193093929674,127.044860618079,466,7
누리관,세븐일레븐 꿈의숲아트센터점,"가정,생활 > 편의점 > 세븐일레븐",서울 강북구 월계로 173,,37.6202547317687,127.04432427911,498,7
누리관,이마트24 R꿈의숲아이파크점,"가정,생활 > 편의점 > 이마트24",서울 성북구 돌곶이로40길 46,02-941-7770,37.618108138045486,127.04776296179594,317,5
광운대역,마떡다이천 광운대본점,음식점 > 분식 > 떡볶이,서울 노원구 석계로 106,02-976-4841,37.6231064273819,127.060407743094,119,2
광운대역,일심해장국 월계점,음식점 > 한식 > 해장국,서울 노원구 석계로15길 25,02-909-1640,37.621977651357454,127.06183634914686,117,2
광운대역,더원,음식점 > 중식,서울 노원구 광운로 61,02-909-5477,37.6230814538525,127.05990930937736,163,2
광운대역,하이레,"음식점 > 일식 > 돈까스,우동",서울 노원구 광운로12길 6,,37.62096077851908,127.05941713733176,309,5
광운대역,서초우동 광운대역점,"음식점 > 일식 > 돈까스,우동",서울 노원구 석계로18길 23,02-941-0096,37.62388375193732,127.06085015246403,123,2
광운대역,화로상회 광운대점,음식점 > 뷔페 > 고기뷔페,서울 노원구 광운로 37,02-941-2292,37.62077461782266,127.05873055905124,366,5
광운대역,친친,음식점 > 중식 > 중국요리,서울 노원구 석계로18길 10-9,02-6229-4143,37.6236251301821,127.060924704224,98,1
광운대역,마포연탄불고기,"음식점 > 한식 > 육류,고기 > 불고기,두루치기",서울 노원구 석계로18길 4,02-915-2826,37.623230699702965,127.0605324472798,110,2
광운대역,진미통닭,음식점 > 치킨,서울 노원구 광운로 45,02-918-3492,37.6214654962473,127.059089046317,293,4
광운대역,여우곱창,"음식점 > 한식 > 육류,고기 > 곱창,막창",서울 노원구 광운로 68,02-919-3339,37.6233155258228,127.060271980912,135,2
광운대역,여자만아구찜,"음식점 > 한식 > 해물,생선 > 아구",서울 노원구 석계로18길 10-8,02-941-1989,37.6235062163082,127.060892889771,92,1
광운대역,도미노피자 월계점,음식점 > 양식 > 피자 > 도미노피자,서울 노원구 광운로 52,02-915-3082,37.6219391607872,127.059595756284,226,3
광운대역,수해복마라탕 광운대점,음식점 > 중식 > 중국요리,서울 노원구 광운로 39,02-917-3303,37.6210745477174,127.058929022312,331,5
광운대역,한라산감자탕,음식점 > 한식 > 감자탕,서울 노원구 석계로15길 17,010-6482-8321,37.6223654328671,127.061151358349,91,1
광운대역,윤스쿡,"음식점 > 일식 > 돈까스,우동",서울 노원구 광운로 29,,37.6203107561798,127.058434555295,421,6
광운대역,와플대학 광운대캠퍼스,"음식점 > 간식 > 제과,베이커리 > 와플대학",서울 노원구 광운로 64,02-941-3890,37.62283985104657,127.06018097652368,141,2
광운대역,꽃제비칼국수,음식점 > 한식 > 국수 > 칼국수,서울 노원구 광운로12길 13,02-911-8371,37.6213083069597,127.05991694832,251,4
광운대역,미미식당 월계점,"음식점 > 한식 > 육류,고기",서울 노원구 석계로18길 5,,37.6232722135876,127.06039881516,123,2
광운대역,빈대떡신사,"음식점 > 술집 > 호프,요리주점",서울 노원구 광운로 70,02-774-9595,37.6234669008526,127.060253978908,141,2
광운대역,사계절김밥,음식점 > 분식,서울 노원구 광운로 72,02-941-7789,37.6235588107524,127.060235928848,146,2
광운대역,영축산정육식당,"음식점 > 한식 > 육류,고기",서울 노원구 광운로 52,02-915-6221,37.6217895178956,127.059751954723,224,3
광운대역,애슐리퀸즈 이마트월계점,음식점 > 패밀리레스토랑 > 애슐리,서울 노원구 마들로3길 15,0507-1412-1063,37.62650323568528,127.06197603525396,385,6
광운대역,맛닭꼬 광운대점,음식점 > 치킨 > 맛닭꼬,서울 노원구 광운로 61,02-942-3492,37.62309584950046,127.05994896746643,160,2
광운대역,본죽&비빔밥cafe 광운대역점,음식점 > 퓨전요리 > 퓨전한식 > 본죽&비빔밥cafe,서울 노원구 석계로 98-1,02-914-6285,37.6233006583535,127.0611498589125,61,1
광운대역,또와집순대국,음식점 > 한식 > 순대,서울 노원구 광운로19길 13,02-943-2207,37.62326079906855,127.05981316864523,173,3
광운대역,착한족발 월계점,"음식점 > 한식 > 육류,고기 > 족발,보쌈",서울 노원구 석계로 95,010-4655-5669,37.62295564668777,127.06102157486963,65,1
광운대역,호시아카리,"음식점 > 일식 > 초밥,롤",서울 노원구 석계로 98-1,070-8747-1697,37.62331598687177,127.06112721623848,64,1
광운대역,야타이,음식점 > 일식 > 일식집,서울 노원구 석계로18길 10-6,0502-5552-5931,37.6235008757847,127.060766015809,102,2
광운대역,써브웨이 광운대역점,음식점 > 패스트푸드 > 샌드위치 > 써브웨이,서울 노원구 광운로 57,02-942-7779,37.62266353825251,127.05962805159403,192,3
광운대역,중화호반닭갈비 광운대점,"음식점 > 한식 > 육류,고기 > 닭요리",서울 노원구 광운로 53,02-942-0799,37.6224564534593,127.059345831815,222,3
광운대역,디델리 광운대점,음식점 > 분식,서울 노원구 광운로 31,02-3292-1194,37.6204440641234,127.058511684455,406,6
광운대역,명랑핫도그 광운대점,음식점 > 패스트푸드 > 명랑핫도그,서울 노원구 석계로 106,02-919-6488,37.62310822645583,127.06041340834153,119,2
광운대역,김밥천국,음식점 > 분식,서울 노원구 광운로 33,02-942-7804,37.620528733322885,127.05855932501957,396,6
광운대역,한솥도시락 광운대역점,음식점 > 도시락 > 한솥도시락,서울 노원구 석계로 95,02-6713-1113,37.62301864068847,127.06116661925894,52,1
광운대역,배스킨라빈스 광운대역점,음식점 > 간식 > 아이스크림 > 배스킨라빈스,서울 노원구 광운로 65,02-909-1441,37.6231642939857,127.06000905867,155,2
광운대역,전주밥상쌈밥,음식점 > 한식 > 쌈밥,서울 노원구 광운로 61,02-3292-0118,37.62296447243826,127.05961922991156,189,3
광운대역,국수천왕 광운대점,음식점 > 한식,서울 노원구 광운로 46,02-909-1236,37.621806873755745,127.0610489543484,149,2
광운대역,청년다방 광운대점,음식점 > 분식 > 떡볶이 > 청년다방,서울 노원구 광운로 44,02-6085-9124,37.62135716432966,127.05951373500557,271,4
광운대역,맛불,음식점 > 한식,서울 노원구 광운로 39,010-3489-3056,37.6210709511218,127.058914294016,332,5
광운대역,최환기쌈밥칼국수,음식점 > 한식 > 쌈밥,서울 노원구 광운로19가길 2,02-911-5402,37.62378064715679,127.05985549760452,187,3
광운대역,서선생김치찜,"음식점 > 한식 > 찌개,전골",서울 노원구 석계로15길 14,02-909-3337,37.6223935484119,127.060793433159,111,2
광운대역,큰맘할매순대국 광운대점,음식점 > 한식 > 순대 > 큰맘할매순대국,서울 노원구 광운로 67,02-942-1479,37.6232723708939,127.06009070433,149,2
광운대역,꽃님맥주,"음식점 > 술집 > 호프,요리주점",서울 노원구 석계로 98-1,,37.6233727402331,127.061144254146,66,1
광운대역,돈장군 광운대본점,"음식점 > 한식 > 육류,고기",서울 노원구 광운로 69,02-941-8276,37.6234201402204,127.0600760973566,154,2
광운대역,동대문엽기떡볶이 월계점,음식점 > 분식 > 떡볶이 > 동대문엽기떡볶이,서울 노원구 광운로 39,02-911-8591,37.6210601206078,127.05895166547,330,5
광운대역,스타벅스 광운대점,음식점 > 카페 > 커피전문점 > 스타벅스,서울 노원구 석계로 104,1522-3232,37.6231891063632,127.060820134493,84,1
광운대역,카페니니,음식점 > 카페,서울 노원구 광운로 59,02-2138-1884,37.6227500329914,127.05962812068,191,3
광운대역,월계청춘카페,음식점 > 카페,서울 노원구 광운로 44,070-4174-7755,37.6213607728479,127.059504676027,272,4
광운대역,컴포즈커피 광운대80주년기념관점,음식점 > 카페 > 커피전문점 > 컴포즈커피,서울 노원구 광운로 20,02-909-1617,37.62030155947812,127.05881060974359,399,6
광운대역,메가MGC커피 광운대역점,음식점 > 카페 > 커피전문점 > 메가MGC커피,서울 노원구 석계로 103,02-942-9917,37.6229242932203,127.06067039501,97,1
광운대역,커피는기억의끌림,음식점 > 카페 > 커피전문점,서울 노원구 석계로 98-1,02-911-7735,37.6234196267418,127.06107632676282,74,1
광운대역,요거트아이스크림의정석 광운대점,음식점 > 카페 > 테마카페 > 디저트카페 > 요거트아이스크림의정석,서울 노원구 광운로 60,010-5949-2407,37.62265074300844,127.05998599082864,162,2
광운대역,메가MGC커피 광운대점,음식점 > 카페 > 커피전문점 > 메가MGC커피,서울 노원구 광운로 35,02-942-1005,37.62068904770362,127.05868291742625,376,6
광운대역,카페빈둥,음식점 > 카페 > 커피전문점,서울 노원구 석계로15길 17,,37.6223816535661,127.061145707899,90,1
광운대역,스타벅스 월계이마트점,음식점 > 카페 > 커피전문점 > 스타벅스,서울 노원구 마들로3길 15,1522-3232,37.6271527835984,127.062096653474,458,7
광운대역,우우즈,음식점 > 카페,서울 노원구 광운로12길 32,,37.6212465148617,127.060942019495,211,3
광운대역,서울수플레,음식점 > 카페,서울 노원구 광운로17길 13,0504-823-0663,37.6224215775715,127.058821341782,268,4
광운대역,설빙 광운대점,음식점 > 카페 > 테마카페 > 디저트카페 > 설빙,서울 노원구 광운로 25,02-6953-9749,37.6200694057919,127.058203293092,454,7
광운대역,빽다방 광운대점,음식점 > 카페 > 커피전문점 > 빽다방,서울 노원구 광운로 43,070-7752-5322,37.62131326117863,127.05902549288251,308,5
광운대역,공차 광운대점,음식점 > 카페 > 공차,서울 노원구 광운로 20,02-943-8523,37.62001145287181,127.05878772699671,426,6
광운대역,광운커피,음식점 > 카페,서울 노원구 광운로 25,010-4190-3569,37.6200685020056,127.058208955948,454,7
광운대역,오쎄,음식점 > 카페,서울 노원구 광운로 62,02-918-5508,37.6227245870602,127.060058546328,154,2
광운대역,매머드익스프레스 광운대정문점,음식점 > 카페 > 커피전문점 > 매머드익스프레스,서울 노원구 광운로 27,,37.6202171095369,127.058321210548,435,7
광운대역,메타킹커피 광운대점,음식점 > 카페,서울 노원구 광운로12길 5,,37.6212247477794,127.059456992958,285,4
광운대역,매머드익스프레스 광운대후문점,음식점 > 카페 > 커피전문점 > 매머드익스프레스,서울 노원구 석계로13길 23,,37.6202136590307,127.061566434787,313,5
광운대역,공차 월계점,음식점 > 카페 > 공차,서울 노원구 마들로3길 15,02-973-6885,37.6265473970983,127.061951150089,390,6
광운대역,카페한나,음식점 > 카페 > 테마카페 > 무인카페,서울 노원구 마들로1길 44,,37.623634313423,127.064001305124,208,3
광운대역,데이롱카페 광운대점,음식점 > 카페 > 테마카페 > 무인카페 > 데이롱카페,서울 노원구 광운로12길 38,,37.621302220658,127.061242238675,197,3
광운대역,CORD Jr.,음식점 > 카페 > 커피전문점,서울 노원구 석계로13길 40,,37.6209499341225,127.061243082418,235,4
광운대역,이디야커피 광운대점,음식점 > 카페 > 커피전문점 > 이디야커피,서울 노원구 광운로 29,02-942-0937,37.6203251764627,127.058425504853,420,6
광운대역,유지인터내셔날 모히또바인오션,음식점 > 카페,서울 노원구 마들로3길 15,,37.6265095408039,127.061979438919,386,6
광운대역,올리브,음식점 > 카페,서울 노원구 마들로 111,,37.6245732422607,127.067065148814,498,7
광운대역,이마트24 광운대역점,"가정,생활 > 편의점 > 이마트24",서울 노원구 석계로 98-1,02-6010-1032,37.623221352147,127.061187175034,54,1
광운대역,GS25 월계성북역점,"가정,생활 > 편의점 > GS25",서울 노원구 석계로 103,080-999-5425,37.62294498095257,127.06073837717676,90,1
광운대역,GS25 광운타운점,"가정,생활 > 편의점 > GS25",서울 노원구 광운로 79,,37.624350024722,127.059946576322,216,3
광운대역,CU 월계서광점,"가정,생활 > 편의점 > CU",서울 노원구 마들로1길 44,,37.62368833081725,127.06407837960263,216,3
광운대역,GS25 광운로드점,"가정,생활 > 편의점 > GS25",서울 노원구 석계로 65,,37.6205572138281,127.0627481447,288,4
광운대역,CU 광운대원룸점,"가정,생활 > 편의점 > CU",서울 노원구 광운로15길 23,,37.62153814533509,127.05793937823357,375,6
광운대역,이마트24 이마트월계점,"가정,생활 > 편의점 > 이마트24",서울 노원구 마들로3길 15,02-6916-1500,37.62650773942647,127.06197830461335,386,6
광운대역,세븐일레븐 광운대후문점,"가정,생활 > 편의점 > 세븐일레븐",서울 노원구 석계로13길 48,,37.6212428318449,127.061094935049,207,3
광운대역,세븐일레븐 성북역점,"가정,생활 > 편의점 > 세븐일레븐",서울 노원구 광운로 71,,37.623700361506536,127.06004800368336,168,3
광운대역,세븐일레븐 광운스퀘어점,"가정,생활 > 편의점 > 세븐일레븐",서울 노원구 광운로 20,,37.61999081299385,127.05862120221462,437,7
광운대역,스토리웨이,"가정,생활 > 편의점",서울 노원구 석계로 98-2,,37.6236870074235,127.061485474466,76,1
광운대역,화돌농장 노원점,"음식점 > 한식 > 육류,고기",서울 노원구 광운로 133,02-912-5293,37.6283333023198,127.058114578353,323,5
광운대역,우리집,음식점 > 한식,서울 노원구 광운로22길 9,02-915-0707,37.62851291849527,127.05928267666646,225,3
광운대역,키라키라윤 월계인덕점,음식점 > 술집 > 일본식주점 > 키라키라윤,서울 노원구 광운로 132,,37.629441078202994,127.05899566885381,290,4
광운대역,등촌샤브칼국수 월계점,음식점 > 샤브샤브 > 등촌샤브칼국수,서울 노원구 월계로 370,02-977-8090,37.6309771278855,127.061025867224,333,5
광운대역,임자구포국수,음식점 > 한식 > 국수,서울 노원구 월계로 370,02-977-2892,37.630996942541316,127.06103947796419,335,5
광운대역,용궁중화요리,음식점 > 중식 > 중국요리,서울 노원구 월계로 325,02-990-1901,37.6289610764237,127.05670127383,458,7
광운대역,뚜레쥬르 월계역점,"음식점 > 간식 > 제과,베이커리 > 뚜레쥬르",서울 노원구 초안산로2라길 26,02-998-5580,37.62989743170347,127.05807954469266,385,6
광운대역,매튜스도넛,음식점 > 간식 > 도넛,서울 노원구 월계로 340,0503-7153-4886,37.6294685016024,127.058202692092,352,5
광운대역,맘스터치 월계역점,음식점 > 패스트푸드 > 맘스터치,서울 노원구 초안산로2라길 26,02-900-7111,37.62951036795873,127.05734288737655,423,6
광운대역,교촌치킨 인덕대점,음식점 > 치킨 > 교촌치킨,서울 노원구 초안산로2라길 26,02-908-1991,37.62937268070159,127.05700519125762,445,7
광운대역,본죽 월계점,음식점 > 한식 > 죽 > 본죽,서울 노원구 월계로 370,02-972-6233,37.63111412219598,127.06093988037446,349,5
광운대역,파리바게뜨 월계사슴점,"음식점 > 간식 > 제과,베이커리 > 파리바게뜨",서울 노원구 월계로 370,02-971-0082,37.631236546037,127.061152962107,359,5
광운대역,롤링파스타 월계이마트점,음식점 > 양식 > 이탈리안 > 롤링파스타,서울 노원구 마들로3길 15,02-975-8933,37.6269014120363,127.062089647455,128,2
광운대역,오늘통닭 인덕대점,음식점 > 치킨 > 오늘통닭,서울 노원구 초안산로2라길 26,02-6941-1522,37.6295886505842,127.057554791733,409,6
광운대역,바르다김선생 월계점,음식점 > 분식 > 바르다김선생,서울 노원구 마들로3길 15,02-3296-2888,37.62702132773269,127.06192888708463,112,2
광운대역,죠스떡볶이 월계점,음식점 > 분식 > 떡볶이 > 죠스떡볶이,서울 노원구 마들로3길 15,02-3296-2888,37.6270240312857,127.06192775651,112,2
광운대역,가마솥뼈다귀감자탕,음식점 > 한식 > 감자탕,서울 노원구 석계로18길 14,,37.62367307140256,127.06055772685895,495,7
광운대역,본우리집밥 트레이더스월계점,음식점 > 구내식당,서울 노원구 마들로3길 17,,37.6279460289085,127.061375699566,35,1
광운대역,무청감자탕 인덕대점,음식점 > 한식 > 감자탕 > 무청감자탕,서울 노원구 초안산로2라길 26,02-902-4969,37.62967238417989,127.05767380639523,404,6
광운대역,배스킨라빈스 월계이마트점,음식점 > 간식 > 아이스크림 > 배스킨라빈스,서울 노원구 마들로3길 15,02-976-3132,37.62650954079864,127.06197943891866,169,3
광운대역,동해횟집,"음식점 > 한식 > 해물,생선 > 회",서울 노원구 월계로 340,02-913-9309,37.6294648915167,127.05821515068,351,5
광운대역,신의주찹쌀순대 월계점,음식점 > 한식 > 순대 > 신의주찹쌀순대,서울 노원구 월계로 370,02-949-2622,37.63117531833547,127.06107700892215,354,5
광운대역,한솥도시락 인덕대앞점,음식점 > 도시락 > 한솥도시락,서울 노원구 월계로 325,02-900-6110,37.628907050991934,127.05663099630969,463,7
광운대역,인생아구찜 월계점,"음식점 > 한식 > 해물,생선 > 아구 > 인생아구찜",서울 노원구 석계로18길 23,02-942-2359,37.6239333149593,127.06083320130091,462,7
광운대역,춘천명물닭갈비,"음식점 > 한식 > 육류,고기 > 닭요리",서울 노원구 초안산로2라길 26,02-900-5987,37.62967417729569,127.05769193350983,402,6
광운대역,엄마떡집,"음식점 > 간식 > 떡,한과",서울 노원구 월계로55길 4,02-976-8783,37.6318889509922,127.060976765608,433,6
광운대역,니하오마라탕 월계점,음식점 > 중식 > 중국요리,서울 노원구 월계로 338,,37.62933705139754,127.05801227029303,361,5
광운대역,앤티앤스프레즐 이마트월계점,"음식점 > 간식 > 제과,베이커리 > 앤티앤스프레즐",서울 노원구 마들로3길 15,070-7798-4947,37.62650053272654,127.06197603300971,171,3
광운대역,블렌디드,음식점 > 술집,서울 노원구 월계로 340,,37.6294685016024,127.058202692092,352,5
광운대역,정담소반,음식점 > 한식,서울 노원구 석계로18길 23,,37.62394419446882,127.06070180872364,463,7
광운대역,본도시락 광운대역점,음식점 > 도시락 > 본도시락,서울 노원구 석계로18길 23,02-943-4282,37.624032488252,127.060707544382,453,7
광운대역,페리카나 월계삼호점,음식점 > 치킨 > 페리카나,서울 노원구 마들로 127,02-975-3535,37.62685017116473,127.06521617463201,332,5
광운대역,치킨클럽 성북역본점,음식점 > 치킨,서울 노원구 석계로18길 10-9,02-912-7092,37.6236179199489,127.060929229404,495,7
광운대역,토박이순대국,음식점 > 한식 > 순대,서울 노원구 초안산로2라길 26,02-995-8002,37.6297030171495,127.057674962926,405,6
광운대역,은희네곱창,"음식점 > 한식 > 육류,고기 > 곱창,막창",서울 노원구 마들로 127,02-975-3532,37.62685916849645,127.06523883879818,333,5
광운대역,신오구반점 월계삼호점,음식점 > 중식,서울 노원구 마들로 127,02-971-1146,37.6268456392961,127.06526488172,336,5
광운대역,족발야시장&무청감자탕 인덕대점,"음식점 > 한식 > 육류,고기 > 족발,보쌈 > 족발야시장",서울 노원구 초안산로2라길 26,02-902-4969,37.62962464854306,127.05763978378934,404,6
광운대역,월계철판곱창,"음식점 > 한식 > 육류,고기 > 곱창,막창",서울 노원구 월계로 325,02-999-3228,37.628990919302275,127.05665915456807,462,7
광운대역,피자스쿨 월계점,음식점 > 양식 > 피자 > 피자스쿨,서울 노원구 월계로55길 4,02-972-0008,37.63193313555678,127.06090656238626,439,7
광운대역,김밥나라 월계점,음식점 > 분식,서울 노원구 월계로 370,,37.6310851334587,127.061243468393,341,5
광운대역,냉삼,"음식점 > 한식 > 육류,고기 > 삼겹살",서울 노원구 월계로 334,02-3292-5592,37.62911830941373,127.05760880581299,386,6
광운대역,에머이 이마트월계점,음식점 > 아시아음식 > 동남아음식 > 베트남음식 > 에머이,서울 노원구 마들로3길 15,02-733-7174,37.6265077394265,127.061978304613,170,3
광운대역,스타벅스 월계역점,음식점 > 카페 > 커피전문점 > 스타벅스,서울 노원구 초안산로2라길 26,1522-3232,37.62943828633148,127.0573484962675,419,6
광운대역,스타벅스 월계트레이더스점,음식점 > 카페 > 커피전문점 > 스타벅스,서울 노원구 마들로3길 17,1522-3232,37.62759082697573,127.06178435781577,48,1
광운대역,노원경춘마루,음식점 > 카페,서울 노원구 중랑천서자전거길 1346,,37.63071333849806,127.06404929166159,359,5
광운대역,메가MGC커피 월계사슴점,음식점 > 카페 > 커피전문점 > 메가MGC커피,서울 노원구 월계로 370,02-6959-9787,37.63110782523713,127.06092061627596,349,5
광운대역,이디야커피 월계인덕점,음식점 > 카페 > 커피전문점 > 이디야커피,서울 노원구 광운로22길 39,02-914-7413,37.6298177655118,127.058845296202,324,5
광운대역,날보러와요,음식점 > 카페,서울 노원구 초안산로2라길 37,010-6289-3328,37.631039720516,127.058406702722,446,7
광운대역,컴포즈커피 월계인덕대점,음식점 > 카페 > 커피전문점 > 컴포즈커피,서울 노원구 초안산로2라길 26,,37.62935732559807,127.05708447925561,438,7
광운대역,빽다방 월계인덕대점,음식점 > 카페 > 커피전문점 > 빽다방,서울 노원구 월계로 334,02-6014-0087,37.6290182983223,127.057612127163,382,6
광운대역,데이롱카페 월계역점,음식점 > 카페 > 테마카페 > 무인카페 > 데이롱카페,서울 노원구 월계로53길 21,,37.6317397059858,127.058569253728,498,7
광운대역,카페인24 월계점,음식점 > 카페 > 테마카페 > 무인카페 > 카페인24,서울 노원구 월계로55길 3,010-3620-1791,37.6317125452193,127.060612964115,420,6
광운대역,카페해야,음식점 > 카페,서울 노원구 초안산로2라길 26,,37.62985873833847,127.05797982282768,390,6
광운대역,카페 아지트,음식점 > 카페,서울 노원구 월계로 372,,37.630641317016114,127.0605271286446,309,5
광운대역,카페월계,음식점 > 카페,서울 노원구 월계로 370,,37.63102380287097,127.06136576894282,333,5
광운대역,한내행복발전소 마을커뮤니티 공간 운영위원회,음식점 > 카페,서울 노원구 마들로3길 13,,37.6274982267574,127.063106287925,132,2
광운대역,텐퍼센트커피 월계역점,음식점 > 카페 > 커피전문점 > 텐퍼센트커피,서울 노원구 월계로53길 21,,37.63161085155344,127.05859634190058,485,7
광운대역,디어커피샌드위치&핫도그,음식점 > 카페,서울 노원구 월계로 370,02-948-5678,37.6309771278907,127.061025867225,333,5
광운대역,누커피,음식점 > 카페 > 테마카페 > 디저트카페,,,37.62871316118078,127.05700015616229,427,6
광운대역,카페레프리 월계점,음식점 > 카페,서울 노원구 마들로 127,,37.6267861704514,127.065271626607,339,5
광운대역,지쓰리커피,음식점 > 카페,서울 노원구 마들로 127,,37.62670412992406,127.06536331271322,350,5
광운대역,GS25 월계대양점,"가정,생활 > 편의점 > GS25",서울 노원구 월계로 334,,37.62900483547959,127.05750562907016,390,6
광운대역,CU 월계삼호점,"가정,생활 > 편의점 > CU",서울 노원구 마들로 127,02-973-6939,37.626737463901456,127.06536787315697,349,5
광운대역,GS25 월계중앙점,"가정,생활 > 편의점 > GS25",서울 노원구 월계로 370,,37.631225764728,127.061094043431,359,5
광운대역,CU 월계사슴점,"가정,생활 > 편의점 > CU",서울 노원구 월계로55길 3,,37.63176303007208,127.060555227742,427,6
광운대역,무명칼국수,음식점 > 한식 > 국수 > 칼국수,서울 노원구 석계로7길 4,02-941-7776,37.6167291943623,127.063909303813,238,4
광운대역,연어시장 석계본점,"음식점 > 한식 > 해물,생선 > 회",서울 노원구 석계로 13,02-910-9540,37.6160406157153,127.064320999484,316,5
광운대역,엄마마늘보쌈,"음식점 > 한식 > 육류,고기 > 족발,보쌈",서울 노원구 석계로 16,02-913-9222,37.61634956798561,127.06447983742864,304,5
광운대역,마시써머거바 본점,음식점 > 간식 > 토스트,서울 노원구 화랑로 333-3,010-7571-8851,37.614946489567835,127.0649169554435,441,7
광운대역,오메가생선구이 본점,"음식점 > 한식 > 해물,생선",서울 노원구 화랑로 343,02-975-5592,37.6151999618456,127.06601017182912,489,7
광운대역,장군숯불족발,"음식점 > 한식 > 육류,고기 > 족발,보쌈",,02-941-5882,37.615019489162854,127.06322146334355,358,5
광운대역,남송통닭,음식점 > 치킨,서울 노원구 석계로3길 30,02-916-5127,37.6162646228489,127.063281415581,237,4
광운대역,라무야끼,"음식점 > 한식 > 육류,고기",서울 노원구 석계로3길 15-1,02-909-3337,37.6157237900017,127.063727219901,309,5
광운대역,퀸스테이크,"음식점 > 양식 > 스테이크,립",서울 노원구 석계로1길 22,02-909-3206,37.6155176041706,127.063466536001,317,5
광운대역,기와집,"음식점 > 한식 > 육류,고기 > 갈비",서울 노원구 석계로 35,02-917-2111,37.617917679130045,127.06375854199334,176,3
광운대역,황금오리,"음식점 > 한식 > 육류,고기 > 오리",서울 노원구 석계로1길 22,02-909-7005,37.61550320601962,127.06343367711622,317,5
광운대역,일번지포장마차,음식점 > 술집 > 실내포장마차,서울 노원구 화랑로 337-4,02-942-9805,37.61511372962732,127.06553891858246,465,7
광운대역,삼대냉면,음식점 > 한식 > 냉면,서울 노원구 석계로9길 33,,37.61666051655156,127.0626066854087,169,3
광운대역,청계천8가삼성곱창,"음식점 > 한식 > 육류,고기 > 곱창,막창",서울 노원구 석계로3길 32,02-909-6660,37.6163548077667,127.063120654871,221,3
광운대역,최대포소금구이,"음식점 > 한식 > 육류,고기",서울 노원구 석계로7길 14,,37.6163473444505,127.063596363995,247,4
광운대역,미가양꼬치,음식점 > 중식 > 양꼬치,서울 노원구 석계로 31,02-942-3432,37.6175401053181,127.063869221622,193,3
광운대역,인생꼬치479,"음식점 > 술집 > 호프,요리주점",서울 노원구 석계로 15,0507-1383-4790,37.61614513955888,127.06430409972943,307,5
광운대역,석계3층집,"음식점 > 한식 > 육류,고기 > 오리",서울 노원구 석계로 21,02-942-3752,37.6166569801302,127.064158427311,261,4
광운대역,KFC 석계역점,음식점 > 패스트푸드 > KFC,서울 노원구 석계로1길 14,02-2039-5859,37.61552365612336,127.06393885339827,338,5
광운대역,하남돼지집 석계점,"음식점 > 한식 > 육류,고기 > 삼겹살 > 하남돼지집",서울 노원구 석계로9길 17,02-941-9753,37.6171764503485,127.063230085601,160,2
광운대역,교촌치킨 석계역점,음식점 > 치킨 > 교촌치킨,서울 노원구 석계로 31,02-909-9229,37.61751126329202,127.06388845239921,196,3
광운대역,더스시쟁이,"음식점 > 일식 > 초밥,롤",서울 노원구 석계로 18,,37.61643518533167,127.06443687039096,295,4
광운대역,오빠생각,음식점 > 분식 > 떡볶이,서울 노원구 화랑로 335-5,,37.61493822394391,127.06520123949416,458,7
광운대역,저팔계족발,"음식점 > 한식 > 육류,고기 > 족발,보쌈",서울 노원구 석계로7길 5,02-942-8877,37.6165777547375,127.064045093311,258,4
광운대역,제주본가,"음식점 > 한식 > 육류,고기",서울 노원구 석계로1길 18,02-919-0505,37.61549675267001,127.0637055059272,329,5
광운대역,햇살머믄꼬마김밥 석계역점,음식점 > 분식,서울 노원구 화랑로45길 42,02-977-2236,37.6169302666552,127.065277734779,333,5
광운대역,인정각,음식점 > 중식 > 중국요리,서울 노원구 석계로3길 18,02-942-0511,37.615994052084,127.06379087897491,288,4
광운대역,하마벌떡 정성담은 양평가,음식점 > 한식 > 해장국,서울 노원구 석계로1길 14,02-943-3374,37.61550024577697,127.06391051727964,339,5
광운대역,향원,음식점 > 중식 > 중국요리,서울 노원구 석계로 27,02-941-3344,37.6172697795988,127.063923358541,208,3
광운대역,롯데리아 석계점,음식점 > 패스트푸드 > 롯데리아,서울 노원구 화랑로 325,02-909-3937,37.614903664548635,127.06414446190392,405,6
광운대역,소문난곱창,"음식점 > 한식 > 육류,고기 > 곱창,막창",서울 노원구 석계로7길 12-8,02-941-5507,37.61638715840151,127.06327925411357,226,3
광운대역,육장군,"음식점 > 한식 > 육류,고기",서울 노원구 화랑로 337-15,,37.6155825090689,127.065059088888,398,6
광운대역,백채김치찌개 석계점,"음식점 > 한식 > 찌개,전골 > 백채김치찌개",서울 노원구 석계로3길 17,02-6397-8255,37.6158896279931,127.063623157738,289,4
광운대역,클라우드9,음식점 > 양식 > 이탈리안,서울 노원구 화랑로 337-23,02-917-3471,37.6159646052575,127.064918973199,361,5
광운대역,이상봉 이참치,음식점 > 일식,서울 노원구 석계로 21,02-943-1477,37.6166569850563,127.064149366032,260,4
광운대역,대창간,"음식점 > 한식 > 육류,고기",서울 노원구 화랑로 337-17,0503-7152-9473,37.615678035624725,127.06501952951936,388,6
광운대역,장어구이셀프타운,"음식점 > 한식 > 해물,생선 > 장어",서울 노원구 화랑로45길 40,02-975-0592,37.6168040782236,127.065368237478,346,5
광운대역,투썸플레이스 석계역점,음식점 > 카페 > 커피전문점 > 투썸플레이스,서울 노원구 석계로1길 10,02-915-7955,37.61560644067768,127.06413487178988,341,5
광운대역,마작카페 소소마장,"가정,생활 > 여가시설 > 보드카페",서울 노원구 석계로7길 18,010-5397-0066,37.61621765405028,127.06349997796345,253,4
광운대역,1일1잔,음식점 > 카페 > 테마카페 > 디저트카페,서울 노원구 광운로2길 6,,37.6180767967353,127.057436046716,382,6
광운대역,후아나 석계점,음식점 > 카페 > 테마카페 > 디저트카페,서울 노원구 석계로1길 18,02-918-2885,37.6155399884749,127.063727063041,326,5
광운대역,슬슬커피,음식점 > 카페 > 커피전문점,서울 노원구 석계로11길 35,02-6404-5714,37.6168269761962,127.063025910313,174,3
광운대역,읍천리382 석계역점,음식점 > 카페 > 커피전문점 > 읍천리382,서울 노원구 석계로5길 11,010-7774-3820,37.616181439168926,127.06382501865565,274,4
광운대역,호호커피집,음식점 > 카페 > 커피전문점,서울 노원구 화랑로 337-21,070-4401-8454,37.61587808549493,127.06496420392561,370,6
광운대역,보드게임카페 아카이브,"가정,생활 > 여가시설 > 보드카페",서울 노원구 화랑로 335,0507-1445-7604,37.61507438933431,127.0649906880022,434,7
광운대역,메가MGC커피 석계역점,음식점 > 카페 > 커피전문점 > 메가MGC커피,서울 노원구 화랑로 337,02-943-7743,37.61509500586313,127.06518325419916,444,7
광운대역,빠말,음식점 > 카페 > 테마카페 > 디저트카페,서울 노원구 광운로 7,070-7677-8341,37.6185733102653,127.057293709771,398,6
광운대역,할리스 석계역점,음식점 > 카페 > 커피전문점 > 할리스,서울 노원구 화랑로 325,02-942-1345,37.614984908878924,127.0638579750062,385,6
광운대역,카페베르데,음식점 > 카페,서울 노원구 광운로 17-3,,37.6192876400272,127.057609148638,392,6
광운대역,빽다방 석계역문화공원점,음식점 > 카페 > 커피전문점 > 빽다방,서울 노원구 석계로3길 3,02-943-7686,37.61555048944035,127.06430018971456,355,5
광운대역,모모,음식점 > 카페,서울 노원구 석계로9길 33,070-7612-1132,37.61669744983151,127.06262030830825,166,2
광운대역,카페 늘온,음식점 > 카페 > 테마카페 > 무인카페,서울 노원구 화랑로47길 23,,37.6161582646977,127.066630580111,477,7
광운대역,요거프레소 광운대점,음식점 > 카페 > 테마카페 > 디저트카페 > 요거프레소,서울 노원구 광운로 17-9,,37.6194139216729,127.057314743468,421,6
광운대역,카페프리헷 월계현대점,음식점 > 카페 > 테마카페 > 무인카페 > 카페프리헷,서울 노원구 석계로 49,0507-1418-4353,37.6170128081547,127.062596786796,135,2
광운대역,데이롱카페 석계역점,음식점 > 카페 > 테마카페 > 무인카페 > 데이롱카페,서울 노원구 석계로3길 30,,37.61626912110593,127.0632938785934,238,4
광운대역,더까까주까 석계점,음식점 > 카페 > 커피전문점,서울 노원구 석계로8길 6,,37.616714443244334,127.06452545896374,284,4
광운대역,노리자리,"가정,생활 > 유아 > 놀이시설 > 키즈카페",서울 노원구 화랑로43길 2-4,,37.614598654868956,127.06335702256801,406,6
광운대역,카페이공일,음식점 > 카페,서울 노원구 광운로2가길 14-16,,37.6172241794109,127.059818526685,193,3
광운대역,롯오브젝트,음식점 > 카페,서울 노원구 광운로3길 7,,37.619014830962605,127.05721815792296,415,6
광운대역,GS25 현대대로점,"가정,생활 > 편의점 > GS25",서울 노원구 석계로 49,,37.61700197646387,127.06263415568448,138,2
광운대역,GS25 광운월계점,"가정,생활 > 편의점 > GS25",서울 노원구 광운로2나길 45,,37.6177870939132,127.060217680188,139,2
광운대역,세븐일레븐 석계점,"가정,생활 > 편의점 > 세븐일레븐",서울 노원구 석계로 9,02-917-0777,37.61566481725314,127.06447924614001,355,5
광운대역,CU 월계코스모스점,"가정,생활 > 편의점 > CU",서울 노원구 석계로7길 18,,37.61624917826,127.063519259895,251,4
광운대역,세븐일레븐 광운대원룸점,"가정,생활 > 편의점 > 세븐일레븐",서울 노원구 광운로2가길 23,,37.61810018357334,127.05933557310284,214,3
광운대역,이마트24 월계풍림점,"가정,생활 > 편의점 > 이마트24",서울 노원구 화랑로45길 10-16,,37.6161009648815,127.065983784668,430,6
광운대역,GS25 월계석계역점,"가정,생활 > 편의점 > GS25",서울 노원구 석계로 22,080-999-5425,37.6169127347821,127.064389710595,263,4
광운대역,세븐일레븐 장위푸르지오점,"가정,생활 > 편의점 > 세븐일레븐",서울 성북구 화랑로 299,,37.6136395264123,127.060838406294,494,7
광운대역,GS25 광운사랑점,"가정,생활 > 편의점 > GS25",서울 노원구 광운로 17-11,,37.6195112503095,127.05726951003,429,6
광운대역,GS25 광운행운점,"가정,생활 > 편의점 > GS25",서울 노원구 광운로 5,080-999-5425,37.6184661312172,127.05721433937,404,6
광운대역,GS25 광운문화관점,"가정,생활 > 편의점 > GS25",서울 노원구 광운로 21,02-942-2533,37.61982824130036,127.05759144242984,418,6
광운대역,스토리웨이,"가정,생활 > 편의점",서울 노원구 화랑로 341,,37.6153046786258,127.065647819609,457,7
광운대역,제로스토어 광운대점,"가정,생활 > 편의점",서울 노원구 광운로 15,0507-1416-3208,37.6190155528723,127.05758628477295,384,6
광운대역,하회정,음식점 > 한식 > 국수,서울 노원구 동일로173가길 131,02-977-7005,37.6239794475717,127.071736165205,451,7
광운대역,춘보만두,음식점 > 분식,서울 노원구 섬밭로 56,02-975-2407,37.6219179323328,127.071829334439,463,7
광운대역,상구네솥뚜껑생삼겹살,"음식점 > 한식 > 육류,고기 > 삼겹살",서울 노원구 동일로173가길 133,02-972-3837,37.6240542769328,127.0716580758,446,7
광운대역,이박사왕돈까스,"음식점 > 일식 > 돈까스,우동",서울 노원구 동일로173가길 127,02-3296-6463,37.623810020778,127.07180396853,453,7
광운대역,아늑한주방 공릉점,음식점 > 일식,서울 노원구 섬밭로 88,02-977-8100,37.62446644329,127.070970874645,403,6
광운대역,스마일닭발,"음식점 > 한식 > 육류,고기 > 닭요리",서울 노원구 동일로191가길 3,02-999-9255,37.6252122496062,127.071320483116,469,7
광운대역,태릉수산,"음식점 > 한식 > 해물,생선 > 회",서울 노원구 섬밭로 54,02-979-7040,37.6217773480468,127.071879039654,472,7
광운대역,윤식당,음식점 > 한식,서울 노원구 동일로173가길 109,02-972-0665,37.6230800822254,127.072032083529,465,7
광운대역,뜨락,음식점 > 한식,서울 노원구 동일로173가길 147,02-949-9809,37.6247229215118,127.071472941277,455,7
광운대역,파리바게뜨 석계역점,"음식점 > 간식 > 제과,베이커리 > 파리바게뜨",서울 노원구 마들로 31,02-975-8203,37.61872492215285,127.06708481458148,479,7
광운대역,소망숯불갈비,"음식점 > 한식 > 육류,고기 > 갈비",서울 노원구 동일로173가길 147,02-977-7851,37.62471387526229,127.07153297009702,460,7
광운대역,BBQ 공릉역점,음식점 > 치킨 > BBQ,서울 노원구 동일로173가길 140,02-948-9282,37.624354145525636,127.07192116796766,478,7
광운대역,공릉삼거리등갈비,"음식점 > 한식 > 육류,고기 > 갈비",서울 노원구 동일로191길 41,02-949-3392,37.6245898852315,127.070959664198,408,6
광운대역,고향식당,음식점 > 한식,서울 노원구 동일로173가길 148,02-978-5975,37.624801105816,127.071804921848,486,7
광운대역,백채김치찌개 공릉역점,"음식점 > 한식 > 찌개,전골 > 백채김치찌개",서울 노원구 동일로191가길 9,070-7585-5559,37.62546817760285,127.0712414320526,478,7
광운대역,몽촌식당,음식점 > 한식,서울 노원구 동일로183길 29,010-7787-3520,37.6228458049604,127.072065840106,468,7
광운대역,시골흑염소전문점,"음식점 > 한식 > 사철탕,영양탕",서울 노원구 동일로173가길 124,02-977-1870,37.623726005823,127.072169771681,483,7
광운대역,처갓집양념치킨 월계미성점,음식점 > 치킨 > 처갓집양념치킨,서울 노원구 마들로 59,02-975-8892,37.62109584931161,127.06791043806878,237,4
광운대역,천년초우리밀칼국수,음식점 > 한식 > 국수 > 칼국수,서울 노원구 석계로 65,070-4036-1645,37.62047341117989,127.06276846319872,452,7
광운대역,화랑닭발,"음식점 > 한식 > 육류,고기 > 닭요리",서울 노원구 동일로173가길 101,02-977-3933,37.6227502373846,127.072168828363,478,7
광운대역,호식이두마리치킨 월계2호점,음식점 > 치킨 > 호식이두마리치킨,서울 노원구 마들로 111,02-971-3392,37.624592123682554,127.06713426541006,175,3
광운대역,월계돈,"음식점 > 한식 > 육류,고기",서울 노원구 석계로 63,02-941-3326,37.620290466163745,127.06285213034685,460,7
광운대역,전주백반,음식점 > 한식,서울 노원구 동일로173가길 101,02-948-9909,37.6227610596148,127.072151847529,476,7
광운대역,아앰돼지국밥,음식점 > 한식 > 국밥,서울 노원구 동일로173가길 123,,37.6236622383051,127.071837809384,453,7
광운대역,동수네김밥,음식점 > 분식,서울 노원구 동일로183길 29,02-976-0999,37.62283044320298,127.0721394542932,474,7
광운대역,김밥천국 공릉점,음식점 > 분식,서울 노원구 동일로191가길 11,02-6396-1482,37.625684443010115,127.07119406096443,489,7
광운대역,고기반햄반김치찌개 김치찜 공릉점,"음식점 > 한식 > 찌개,전골",서울 노원구 동일로173가길 108,010-2538-6310,37.62312040895908,127.07238780860729,496,7
광운대역,바다마을 본점,"음식점 > 한식 > 해물,생선 > 회",서울 노원구 마들로 111,,37.6246416785812,127.067133177195,181,3
광운대역,풍미닭발,"음식점 > 한식 > 육류,고기 > 닭요리",서울 노원구 동일로173가길 108,02-979-7092,37.6231204089591,127.072387808607,496,7
광운대역,행복한아구해물동태찜탕,"음식점 > 한식 > 해물,생선 > 아구",서울 노원구 동일로173가길 99,02-979-3868,37.6226799728955,127.072148370904,476,7
광운대역,세광식당,"음식점 > 한식 > 육류,고기",서울 노원구 동일로173가길 130,02-976-2860,37.62403242497018,127.07203300246671,478,7
광운대역,초선마라 공릉점,음식점 > 중식 > 중국요리 > 초선마라,서울 노원구 동일로173가길 115,02-977-9877,37.62330446728248,127.0719677326464,460,7
광운대역,오국밥,음식점 > 한식 > 국밥,서울 노원구 마들로 59,02-972-1118,37.6208706084381,127.067900038666,260,4
광운대역,할머니떡집,"음식점 > 간식 > 떡,한과",서울 노원구 마들로 59,,37.62118147435082,127.06785614495864,227,3
광운대역,번창,음식점 > 한식 > 국수,서울 노원구 동일로183길 29,02-978-1177,37.6228511887421,127.072102093445,471,7
광운대역,미성식당,음식점 > 한식,서울 노원구 마들로 59,,37.6211057790738,127.067877597991,235,4
광운대역,꽃피는곱도리탕 공릉점,"음식점 > 한식 > 찌개,전골",서울 노원구 동일로173가길 115,,37.623309010886885,127.07190430239065,454,7
광운대역,커피콩,음식점 > 카페 > 커피전문점,서울 노원구 동일로191가길 19,010-2153-6164,37.62592776938346,127.07109460654489,499,7
광운대역,오디오시 요거트&베이글 공릉점,음식점 > 카페 > 테마카페 > 디저트카페,서울 노원구 동일로173가길 140,0503-7154-0687,37.624428885253,127.071990339455,486,7
광운대역,메가MGC커피 공릉신도브래뉴점,음식점 > 카페 > 커피전문점 > 메가MGC커피,서울 노원구 동일로191가길 6,02-976-0001,37.62526071072062,127.07163771089043,496,7
광운대역,마들106,음식점 > 카페,서울 노원구 마들로 111,,37.6246732253442,127.067111682706,184,3
광운대역,커피앤,음식점 > 카페,서울 노원구 마들로 59,,37.620918376388566,127.06787289670777,254,4
광운대역,한내지혜의숲,음식점 > 카페,서울 노원구 마들로 86,,37.6235892668983,127.068799661771,189,3
광운대역,카페하루,음식점 > 카페,서울 노원구 동일로173가길 104,,37.6228798233037,127.072423823476,499,7
광운대역,달보드레24 월계점,음식점 > 카페 > 테마카페 > 디저트카페,서울 노원구 마들로 59,,37.6210219957551,127.06786279637,243,4
광운대역,GS25 월계미성점,"가정,생활 > 편의점 > GS25",서울 노원구 마들로 59,02-978-5695,37.6212751672267,127.067873221074,218,3
광운대역,팔팔전어횟집,"음식점 > 한식 > 해물,생선 > 회",서울 노원구 광운로 25,02-914-8876,37.6200477642131,127.058239523003,355,5
광운대역,이층집,"음식점 > 한식 > 찌개,전골",서울 노원구 광운로 17-5,02-941-3588,37.6193669821635,127.057495939695,411,6
광운대역,푸른스시,"음식점 > 일식 > 초밥,롤",서울 노원구 광운로 33,0503-7150-4889,37.620592674732514,127.05861714390358,316,5
광운대역,카츠백 월계점,"음식점 > 일식 > 돈까스,우동 > 카츠백",서울 노원구 광운로 44,02-6953-2204,37.621340953417,127.059500129304,305,5
광운대역,미식성,음식점 > 중식 > 중국요리,서울 노원구 광운로 9,02-915-6020,37.6187111624562,127.057291550168,481,7
광운대역,이삭토스트 광운대점,음식점 > 간식 > 토스트 > 이삭토스트,서울 노원구 광운로 37-1,02-943-0799,37.620878192415546,127.0588087985225,299,4
광운대역,신연마라탕,음식점 > 중식,서울 노원구 광운로 35,02-909-2838,37.6206962708118,127.058652339616,308,5
광운대역,성북시니어 클럽 장위지점,음식점 > 카페 > 커피전문점,서울 성북구 한천로 708,,37.6200887443682,127.053513878053,434,7
광운대역,아망프라이빗,"가정,생활 > 유아 > 놀이시설 > 키즈카페",서울 노원구 월계로 294,,37.6268792218314,127.054089685118,487,7
광운대역,카페인24 꿈의숲 SK뷰점,음식점 > 카페 > 테마카페 > 무인카페 > 카페인24,서울 노원구 월계로44길 68-6,0506-429-0611,37.622302010715,127.052532240842,382,6
광운대역,커피정원,음식점 > 카페,서울 성북구 한천로 708,,37.6200888054192,127.053379085298,442,7
광운대역,GS25 월계꿈의숲점,"가정,생활 > 편의점 > GS25",서울 노원구 월계로42길 97,,37.621412232406634,127.05365188736572,328,5
광운대역,CU 광운대점,"가정,생활 > 편의점 > CU",서울 노원구 광운로1길 60,02-909-8384,37.62039350156694,127.05498776159637,332,5
광운대역,CU 노원월계점,"가정,생활 > 편의점 > CU",서울 노원구 월계로44가길 19,02-910-8605,37.623524318881,127.053271663575,313,5
광운대역,CU 광운대기숙사점,"가정,생활 > 편의점 > CU",서울 노원구 광운로 21,053-857-9427,37.62148487572864,127.05630820027189,176,3
